homo,lumo,gap,single_bond,double_bond,triple_bond,aromatic_bond
-0.187,-0.099,0.088,31.0,2.0,0.0,43.0
-0.171,-0.118,0.053,31.0,2.0,0.0,43.0
-0.228,-0.077,0.151,31.0,2.0,0.0,43.0
-0.197,-0.098,0.099,31.0,2.0,0.0,43.0
-0.187,-0.099,0.088,31.0,2.0,0.0,43.0
-0.171,-0.119,0.052,31.0,2.0,0.0,43.0
-0.228,-0.077,0.151,31.0,2.0,0.0,43.0
-0.197,-0.099,0.098,31.0,2.0,0.0,43.0
-0.188,-0.098,0.09,31.0,2.0,0.0,43.0
-0.172,-0.118,0.054,31.0,2.0,0.0,43.0
-0.228,-0.075,0.153,31.0,2.0,0.0,43.0
-0.197,-0.098,0.099,31.0,2.0,0.0,43.0
-0.187,-0.1,0.087,31.0,2.0,0.0,43.0
-0.171,-0.119,0.052,31.0,2.0,0.0,43.0
-0.227,-0.078,0.149,31.0,2.0,0.0,43.0
-0.196,-0.1,0.096,31.0,2.0,0.0,43.0
-0.188,-0.099,0.089,31.0,2.0,0.0,43.0
-0.171,-0.118,0.053,31.0,2.0,0.0,43.0
-0.228,-0.076,0.152,31.0,2.0,0.0,43.0
-0.197,-0.098,0.099,31.0,2.0,0.0,43.0
-0.187,-0.099,0.088,31.0,2.0,0.0,43.0
-0.171,-0.118,0.053,31.0,2.0,0.0,43.0
-0.228,-0.077,0.151,31.0,2.0,0.0,43.0
-0.197,-0.099,0.098,31.0,2.0,0.0,43.0
-0.187,-0.099,0.088,31.0,2.0,0.0,43.0
-0.171,-0.119,0.052,31.0,2.0,0.0,43.0
-0.228,-0.077,0.151,31.0,2.0,0.0,43.0
-0.197,-0.099,0.098,31.0,2.0,0.0,43.0
-0.187,-0.099,0.088,31.0,2.0,0.0,43.0
-0.171,-0.119,0.052,31.0,2.0,0.0,43.0
-0.228,-0.077,0.151,31.0,2.0,0.0,43.0
-0.197,-0.099,0.098,31.0,2.0,0.0,43.0
-0.186,-0.099,0.087,31.0,2.0,0.0,43.0
-0.17,-0.118,0.052,31.0,2.0,0.0,43.0
-0.226,-0.076,0.15,31.0,2.0,0.0,43.0
-0.195,-0.098,0.097,31.0,2.0,0.0,43.0
-0.186,-0.099,0.087,31.0,2.0,0.0,43.0
-0.17,-0.118,0.052,31.0,2.0,0.0,43.0
-0.226,-0.077,0.149,31.0,2.0,0.0,43.0
-0.195,-0.099,0.096,31.0,2.0,0.0,43.0
-0.186,-0.099,0.087,31.0,2.0,0.0,43.0
-0.17,-0.118,0.052,31.0,2.0,0.0,43.0
-0.226,-0.076,0.15,31.0,2.0,0.0,43.0
-0.195,-0.098,0.097,31.0,2.0,0.0,43.0
-0.187,-0.098,0.089,31.0,2.0,0.0,43.0
-0.171,-0.118,0.053,31.0,2.0,0.0,43.0
-0.228,-0.076,0.152,31.0,2.0,0.0,43.0
-0.197,-0.098,0.099,31.0,2.0,0.0,43.0
-0.186,-0.098,0.088,31.0,2.0,0.0,43.0
-0.17,-0.118,0.052,31.0,2.0,0.0,43.0
-0.226,-0.076,0.15,31.0,2.0,0.0,43.0
-0.195,-0.098,0.097,31.0,2.0,0.0,43.0
-0.187,-0.098,0.089,31.0,2.0,0.0,43.0
-0.171,-0.118,0.053,31.0,2.0,0.0,43.0
-0.228,-0.076,0.152,31.0,2.0,0.0,43.0
-0.197,-0.098,0.099,31.0,2.0,0.0,43.0
-0.187,-0.099,0.088,31.0,2.0,0.0,43.0
-0.171,-0.118,0.053,31.0,2.0,0.0,43.0
-0.228,-0.076,0.152,31.0,2.0,0.0,43.0
-0.197,-0.098,0.099,31.0,2.0,0.0,43.0
-0.187,-0.099,0.088,31.0,2.0,0.0,43.0
-0.171,-0.119,0.052,31.0,2.0,0.0,43.0
-0.228,-0.077,0.151,31.0,2.0,0.0,43.0
-0.197,-0.099,0.098,31.0,2.0,0.0,43.0
-0.187,-0.099,0.088,31.0,2.0,0.0,43.0
-0.171,-0.119,0.052,31.0,2.0,0.0,43.0
-0.228,-0.077,0.151,31.0,2.0,0.0,43.0
-0.197,-0.099,0.098,31.0,2.0,0.0,43.0
-0.186,-0.098,0.088,31.0,2.0,0.0,43.0
-0.17,-0.118,0.052,31.0,2.0,0.0,43.0
-0.226,-0.076,0.15,31.0,2.0,0.0,43.0
-0.195,-0.098,0.097,31.0,2.0,0.0,43.0
-0.19,-0.114,0.076,22.0,0.0,0.0,39.0
-0.174,-0.132,0.042,22.0,0.0,0.0,39.0
-0.23,-0.093,0.137,22.0,0.0,0.0,39.0
-0.199,-0.115,0.084,22.0,0.0,0.0,39.0
-0.189,-0.114,0.075,22.0,0.0,0.0,39.0
-0.174,-0.133,0.041,22.0,0.0,0.0,39.0
-0.229,-0.094,0.135,22.0,0.0,0.0,39.0
-0.198,-0.115,0.083,22.0,0.0,0.0,39.0
-0.189,-0.115,0.074,22.0,0.0,0.0,39.0
-0.173,-0.133,0.04,22.0,0.0,0.0,39.0
-0.228,-0.094,0.134,22.0,0.0,0.0,39.0
-0.198,-0.115,0.083,22.0,0.0,0.0,39.0
-0.188,-0.115,0.073,22.0,0.0,0.0,39.0
-0.173,-0.133,0.04,22.0,0.0,0.0,39.0
-0.228,-0.094,0.134,22.0,0.0,0.0,39.0
-0.197,-0.115,0.082,22.0,0.0,0.0,39.0
-0.188,-0.115,0.073,22.0,0.0,0.0,39.0
-0.173,-0.133,0.04,22.0,0.0,0.0,39.0
-0.227,-0.094,0.133,22.0,0.0,0.0,39.0
-0.197,-0.115,0.082,22.0,0.0,0.0,39.0
-0.188,-0.115,0.073,22.0,0.0,0.0,39.0
-0.173,-0.133,0.04,22.0,0.0,0.0,39.0
-0.228,-0.094,0.134,22.0,0.0,0.0,39.0
-0.197,-0.115,0.082,22.0,0.0,0.0,39.0
-0.189,-0.115,0.074,22.0,0.0,0.0,39.0
-0.174,-0.133,0.041,22.0,0.0,0.0,39.0
-0.229,-0.094,0.135,22.0,0.0,0.0,39.0
-0.198,-0.115,0.083,22.0,0.0,0.0,39.0
-0.188,-0.115,0.073,22.0,0.0,0.0,39.0
-0.173,-0.133,0.04,22.0,0.0,0.0,39.0
-0.227,-0.094,0.133,22.0,0.0,0.0,39.0
-0.197,-0.115,0.082,22.0,0.0,0.0,39.0
-0.188,-0.115,0.073,22.0,0.0,0.0,39.0
-0.173,-0.133,0.04,22.0,0.0,0.0,39.0
-0.228,-0.094,0.134,22.0,0.0,0.0,39.0
-0.197,-0.115,0.082,22.0,0.0,0.0,39.0
-0.189,-0.115,0.074,22.0,0.0,0.0,39.0
-0.173,-0.133,0.04,22.0,0.0,0.0,39.0
-0.228,-0.094,0.134,22.0,0.0,0.0,39.0
-0.198,-0.115,0.083,22.0,0.0,0.0,39.0
-0.188,-0.115,0.073,22.0,0.0,0.0,39.0
-0.173,-0.133,0.04,22.0,0.0,0.0,39.0
-0.228,-0.094,0.134,22.0,0.0,0.0,39.0
-0.197,-0.115,0.082,22.0,0.0,0.0,39.0
-0.189,-0.115,0.074,22.0,0.0,0.0,39.0
-0.173,-0.133,0.04,22.0,0.0,0.0,39.0
-0.228,-0.094,0.134,22.0,0.0,0.0,39.0
-0.198,-0.115,0.083,22.0,0.0,0.0,39.0
-0.19,-0.114,0.076,22.0,0.0,0.0,39.0
-0.174,-0.132,0.042,22.0,0.0,0.0,39.0
-0.23,-0.093,0.137,22.0,0.0,0.0,39.0
-0.199,-0.115,0.084,22.0,0.0,0.0,39.0
-0.188,-0.115,0.073,22.0,0.0,0.0,39.0
-0.173,-0.133,0.04,22.0,0.0,0.0,39.0
-0.228,-0.094,0.134,22.0,0.0,0.0,39.0
-0.197,-0.115,0.082,22.0,0.0,0.0,39.0
-0.188,-0.115,0.073,22.0,0.0,0.0,39.0
-0.173,-0.133,0.04,22.0,0.0,0.0,39.0
-0.228,-0.095,0.133,22.0,0.0,0.0,39.0
-0.197,-0.115,0.082,22.0,0.0,0.0,39.0
-0.189,-0.114,0.075,22.0,0.0,0.0,39.0
-0.174,-0.133,0.041,22.0,0.0,0.0,39.0
-0.229,-0.094,0.135,22.0,0.0,0.0,39.0
-0.198,-0.115,0.083,22.0,0.0,0.0,39.0
-0.189,-0.115,0.074,22.0,0.0,0.0,39.0
-0.173,-0.133,0.04,22.0,0.0,0.0,39.0
-0.229,-0.094,0.135,22.0,0.0,0.0,39.0
-0.198,-0.115,0.083,22.0,0.0,0.0,39.0
-0.188,-0.115,0.073,22.0,0.0,0.0,39.0
-0.173,-0.133,0.04,22.0,0.0,0.0,39.0
-0.228,-0.094,0.134,22.0,0.0,0.0,39.0
-0.197,-0.115,0.082,22.0,0.0,0.0,39.0
-0.193,-0.099,0.094,29.0,0.0,2.0,28.0
-0.175,-0.121,0.054,29.0,0.0,2.0,28.0
-0.235,-0.074,0.161,29.0,0.0,2.0,28.0
-0.202,-0.098,0.104,29.0,0.0,2.0,28.0
-0.193,-0.099,0.094,29.0,0.0,2.0,28.0
-0.175,-0.121,0.054,29.0,0.0,2.0,28.0
-0.235,-0.074,0.161,29.0,0.0,2.0,28.0
-0.202,-0.098,0.104,29.0,0.0,2.0,28.0
-0.193,-0.099,0.094,29.0,0.0,2.0,28.0
-0.175,-0.121,0.054,29.0,0.0,2.0,28.0
-0.236,-0.074,0.162,29.0,0.0,2.0,28.0
-0.202,-0.098,0.104,29.0,0.0,2.0,28.0
-0.194,-0.099,0.095,29.0,0.0,2.0,28.0
-0.175,-0.12,0.055,29.0,0.0,2.0,28.0
-0.236,-0.074,0.162,29.0,0.0,2.0,28.0
-0.203,-0.098,0.105,29.0,0.0,2.0,28.0
-0.196,-0.103,0.093,29.0,0.0,2.0,28.0
-0.176,-0.124,0.052,29.0,0.0,2.0,28.0
-0.239,-0.078,0.161,29.0,0.0,2.0,28.0
-0.205,-0.102,0.103,29.0,0.0,2.0,28.0
-0.193,-0.099,0.094,29.0,0.0,2.0,28.0
-0.175,-0.121,0.054,29.0,0.0,2.0,28.0
-0.235,-0.074,0.161,29.0,0.0,2.0,28.0
-0.202,-0.098,0.104,29.0,0.0,2.0,28.0
-0.193,-0.099,0.094,29.0,0.0,2.0,28.0
-0.175,-0.121,0.054,29.0,0.0,2.0,28.0
-0.235,-0.074,0.161,29.0,0.0,2.0,28.0
-0.202,-0.098,0.104,29.0,0.0,2.0,28.0
-0.197,-0.103,0.094,29.0,0.0,2.0,28.0
-0.177,-0.124,0.053,29.0,0.0,2.0,28.0
-0.239,-0.078,0.161,29.0,0.0,2.0,28.0
-0.206,-0.102,0.104,29.0,0.0,2.0,28.0
-0.193,-0.099,0.094,29.0,0.0,2.0,28.0
-0.175,-0.121,0.054,29.0,0.0,2.0,28.0
-0.235,-0.074,0.161,29.0,0.0,2.0,28.0
-0.202,-0.098,0.104,29.0,0.0,2.0,28.0
-0.197,-0.103,0.094,29.0,0.0,2.0,28.0
-0.177,-0.124,0.053,29.0,0.0,2.0,28.0
-0.239,-0.078,0.161,29.0,0.0,2.0,28.0
-0.206,-0.102,0.104,29.0,0.0,2.0,28.0
-0.193,-0.099,0.094,29.0,0.0,2.0,28.0
-0.174,-0.12,0.054,29.0,0.0,2.0,28.0
-0.235,-0.074,0.161,29.0,0.0,2.0,28.0
-0.202,-0.098,0.104,29.0,0.0,2.0,28.0
-0.193,-0.099,0.094,29.0,0.0,2.0,28.0
-0.175,-0.121,0.054,29.0,0.0,2.0,28.0
-0.235,-0.074,0.161,29.0,0.0,2.0,28.0
-0.202,-0.098,0.104,29.0,0.0,2.0,28.0
-0.184,-0.105,0.079,37.0,0.0,0.0,46.0
-0.168,-0.125,0.043,37.0,0.0,0.0,46.0
-0.224,-0.082,0.142,37.0,0.0,0.0,46.0
-0.193,-0.105,0.088,37.0,0.0,0.0,46.0
-0.184,-0.105,0.079,37.0,0.0,0.0,46.0
-0.169,-0.125,0.044,37.0,0.0,0.0,46.0
-0.225,-0.082,0.143,37.0,0.0,0.0,46.0
-0.194,-0.105,0.089,37.0,0.0,0.0,46.0
-0.185,-0.105,0.08,37.0,0.0,0.0,46.0
-0.17,-0.125,0.045,37.0,0.0,0.0,46.0
-0.226,-0.082,0.144,37.0,0.0,0.0,46.0
-0.194,-0.104,0.09,37.0,0.0,0.0,46.0
-0.184,-0.106,0.078,37.0,0.0,0.0,46.0
-0.168,-0.125,0.043,37.0,0.0,0.0,46.0
-0.224,-0.082,0.142,37.0,0.0,0.0,46.0
-0.193,-0.105,0.088,37.0,0.0,0.0,46.0
-0.185,-0.105,0.08,37.0,0.0,0.0,46.0
-0.169,-0.125,0.044,37.0,0.0,0.0,46.0
-0.225,-0.082,0.143,37.0,0.0,0.0,46.0
-0.194,-0.104,0.09,37.0,0.0,0.0,46.0
-0.184,-0.105,0.079,37.0,0.0,0.0,46.0
-0.169,-0.125,0.044,37.0,0.0,0.0,46.0
-0.224,-0.083,0.141,37.0,0.0,0.0,46.0
-0.193,-0.105,0.088,37.0,0.0,0.0,46.0
-0.184,-0.105,0.079,37.0,0.0,0.0,46.0
-0.169,-0.125,0.044,37.0,0.0,0.0,46.0
-0.225,-0.082,0.143,37.0,0.0,0.0,46.0
-0.194,-0.105,0.089,37.0,0.0,0.0,46.0
-0.184,-0.105,0.079,37.0,0.0,0.0,46.0
-0.168,-0.125,0.043,37.0,0.0,0.0,46.0
-0.224,-0.082,0.142,37.0,0.0,0.0,46.0
-0.193,-0.105,0.088,37.0,0.0,0.0,46.0
-0.186,-0.105,0.081,37.0,0.0,0.0,46.0
-0.17,-0.125,0.045,37.0,0.0,0.0,46.0
-0.226,-0.081,0.145,37.0,0.0,0.0,46.0
-0.195,-0.104,0.091,37.0,0.0,0.0,46.0
-0.185,-0.105,0.08,37.0,0.0,0.0,46.0
-0.169,-0.125,0.044,37.0,0.0,0.0,46.0
-0.225,-0.082,0.143,37.0,0.0,0.0,46.0
-0.194,-0.105,0.089,37.0,0.0,0.0,46.0
-0.185,-0.092,0.093,29.0,0.0,0.0,30.0
-0.169,-0.112,0.057,29.0,0.0,0.0,30.0
-0.226,-0.068,0.158,29.0,0.0,0.0,30.0
-0.195,-0.091,0.104,29.0,0.0,0.0,30.0
-0.185,-0.092,0.093,29.0,0.0,0.0,30.0
-0.169,-0.112,0.057,29.0,0.0,0.0,30.0
-0.226,-0.068,0.158,29.0,0.0,0.0,30.0
-0.194,-0.092,0.102,29.0,0.0,0.0,30.0
-0.183,-0.092,0.091,29.0,0.0,0.0,30.0
-0.167,-0.112,0.055,29.0,0.0,0.0,30.0
-0.223,-0.068,0.155,29.0,0.0,0.0,30.0
-0.192,-0.092,0.1,29.0,0.0,0.0,30.0
-0.183,-0.092,0.091,29.0,0.0,0.0,30.0
-0.167,-0.112,0.055,29.0,0.0,0.0,30.0
-0.223,-0.068,0.155,29.0,0.0,0.0,30.0
-0.192,-0.092,0.1,29.0,0.0,0.0,30.0
-0.183,-0.093,0.09,29.0,0.0,0.0,30.0
-0.168,-0.112,0.056,29.0,0.0,0.0,30.0
-0.224,-0.069,0.155,29.0,0.0,0.0,30.0
-0.192,-0.092,0.1,29.0,0.0,0.0,30.0
-0.183,-0.092,0.091,29.0,0.0,0.0,30.0
-0.167,-0.112,0.055,29.0,0.0,0.0,30.0
-0.224,-0.069,0.155,29.0,0.0,0.0,30.0
-0.192,-0.092,0.1,29.0,0.0,0.0,30.0
-0.183,-0.092,0.091,29.0,0.0,0.0,30.0
-0.167,-0.112,0.055,29.0,0.0,0.0,30.0
-0.223,-0.069,0.154,29.0,0.0,0.0,30.0
-0.192,-0.092,0.1,29.0,0.0,0.0,30.0
-0.183,-0.092,0.091,29.0,0.0,0.0,30.0
-0.167,-0.112,0.055,29.0,0.0,0.0,30.0
-0.224,-0.068,0.156,29.0,0.0,0.0,30.0
-0.192,-0.092,0.1,29.0,0.0,0.0,30.0
-0.185,-0.092,0.093,29.0,0.0,0.0,30.0
-0.169,-0.112,0.057,29.0,0.0,0.0,30.0
-0.226,-0.068,0.158,29.0,0.0,0.0,30.0
-0.194,-0.092,0.102,29.0,0.0,0.0,30.0
-0.185,-0.092,0.093,29.0,0.0,0.0,30.0
-0.169,-0.112,0.057,29.0,0.0,0.0,30.0
-0.226,-0.068,0.158,29.0,0.0,0.0,30.0
-0.194,-0.092,0.102,29.0,0.0,0.0,30.0
-0.183,-0.091,0.092,29.0,0.0,0.0,30.0
-0.167,-0.111,0.056,29.0,0.0,0.0,30.0
-0.223,-0.067,0.156,29.0,0.0,0.0,30.0
-0.192,-0.091,0.101,29.0,0.0,0.0,30.0
-0.184,-0.092,0.092,29.0,0.0,0.0,30.0
-0.168,-0.112,0.056,29.0,0.0,0.0,30.0
-0.224,-0.068,0.156,29.0,0.0,0.0,30.0
-0.193,-0.091,0.102,29.0,0.0,0.0,30.0
-0.183,-0.092,0.091,29.0,0.0,0.0,30.0
-0.168,-0.112,0.056,29.0,0.0,0.0,30.0
-0.224,-0.068,0.156,29.0,0.0,0.0,30.0
-0.192,-0.092,0.1,29.0,0.0,0.0,30.0
-0.183,-0.092,0.091,29.0,0.0,0.0,30.0
-0.167,-0.112,0.055,29.0,0.0,0.0,30.0
-0.224,-0.068,0.156,29.0,0.0,0.0,30.0
-0.192,-0.092,0.1,29.0,0.0,0.0,30.0
-0.183,-0.091,0.092,29.0,0.0,0.0,30.0
-0.168,-0.111,0.057,29.0,0.0,0.0,30.0
-0.224,-0.067,0.157,29.0,0.0,0.0,30.0
-0.193,-0.091,0.102,29.0,0.0,0.0,30.0
-0.195,-0.119,0.076,39.0,4.0,0.0,22.0
-0.179,-0.137,0.042,39.0,4.0,0.0,22.0
-0.233,-0.098,0.135,39.0,4.0,0.0,22.0
-0.203,-0.119,0.084,39.0,4.0,0.0,22.0
-0.194,-0.119,0.075,39.0,4.0,0.0,22.0
-0.179,-0.137,0.042,39.0,4.0,0.0,22.0
-0.233,-0.098,0.135,39.0,4.0,0.0,22.0
-0.203,-0.118,0.085,39.0,4.0,0.0,22.0
-0.194,-0.118,0.076,39.0,4.0,0.0,22.0
-0.178,-0.137,0.041,39.0,4.0,0.0,22.0
-0.233,-0.097,0.136,39.0,4.0,0.0,22.0
-0.203,-0.118,0.085,39.0,4.0,0.0,22.0
-0.194,-0.118,0.076,39.0,4.0,0.0,22.0
-0.178,-0.136,0.042,39.0,4.0,0.0,22.0
-0.233,-0.098,0.135,39.0,4.0,0.0,22.0
-0.203,-0.118,0.085,39.0,4.0,0.0,22.0
-0.194,-0.118,0.076,39.0,4.0,0.0,22.0
-0.178,-0.136,0.042,39.0,4.0,0.0,22.0
-0.233,-0.097,0.136,39.0,4.0,0.0,22.0
-0.203,-0.118,0.085,39.0,4.0,0.0,22.0
-0.194,-0.118,0.076,39.0,4.0,0.0,22.0
-0.179,-0.137,0.042,39.0,4.0,0.0,22.0
-0.233,-0.097,0.136,39.0,4.0,0.0,22.0
-0.203,-0.118,0.085,39.0,4.0,0.0,22.0
-0.194,-0.119,0.075,39.0,4.0,0.0,22.0
-0.179,-0.137,0.042,39.0,4.0,0.0,22.0
-0.233,-0.098,0.135,39.0,4.0,0.0,22.0
-0.203,-0.118,0.085,39.0,4.0,0.0,22.0
-0.194,-0.119,0.075,39.0,4.0,0.0,22.0
-0.179,-0.137,0.042,39.0,4.0,0.0,22.0
-0.233,-0.098,0.135,39.0,4.0,0.0,22.0
-0.203,-0.118,0.085,39.0,4.0,0.0,22.0
-0.194,-0.119,0.075,39.0,4.0,0.0,22.0
-0.179,-0.137,0.042,39.0,4.0,0.0,22.0
-0.233,-0.098,0.135,39.0,4.0,0.0,22.0
-0.203,-0.118,0.085,39.0,4.0,0.0,22.0
-0.194,-0.119,0.075,39.0,4.0,0.0,22.0
-0.178,-0.137,0.041,39.0,4.0,0.0,22.0
-0.233,-0.098,0.135,39.0,4.0,0.0,22.0
-0.203,-0.118,0.085,39.0,4.0,0.0,22.0
-0.194,-0.118,0.076,39.0,4.0,0.0,22.0
-0.178,-0.136,0.042,39.0,4.0,0.0,22.0
-0.233,-0.097,0.136,39.0,4.0,0.0,22.0
-0.203,-0.118,0.085,39.0,4.0,0.0,22.0
-0.23,-0.02,0.21,7.0,0.0,0.0,5.0
-0.204,-0.049,0.155,7.0,0.0,0.0,5.0
-0.279,0.015,0.294,7.0,0.0,0.0,5.0
-0.24,-0.016,0.224,7.0,0.0,0.0,5.0
-0.18,-0.093,0.087,44.0,0.0,0.0,36.0
-0.165,-0.112,0.053,44.0,0.0,0.0,36.0
-0.22,-0.069,0.151,44.0,0.0,0.0,36.0
-0.189,-0.092,0.097,44.0,0.0,0.0,36.0
-0.18,-0.093,0.087,44.0,0.0,0.0,36.0
-0.165,-0.112,0.053,44.0,0.0,0.0,36.0
-0.219,-0.069,0.15,44.0,0.0,0.0,36.0
-0.189,-0.092,0.097,44.0,0.0,0.0,36.0
-0.18,-0.092,0.088,44.0,0.0,0.0,36.0
-0.165,-0.112,0.053,44.0,0.0,0.0,36.0
-0.22,-0.069,0.151,44.0,0.0,0.0,36.0
-0.189,-0.091,0.098,44.0,0.0,0.0,36.0
-0.18,-0.093,0.087,44.0,0.0,0.0,36.0
-0.165,-0.112,0.053,44.0,0.0,0.0,36.0
-0.22,-0.069,0.151,44.0,0.0,0.0,36.0
-0.189,-0.092,0.097,44.0,0.0,0.0,36.0
-0.18,-0.093,0.087,44.0,0.0,0.0,36.0
-0.165,-0.112,0.053,44.0,0.0,0.0,36.0
-0.22,-0.069,0.151,44.0,0.0,0.0,36.0
-0.189,-0.092,0.097,44.0,0.0,0.0,36.0
-0.18,-0.092,0.088,44.0,0.0,0.0,36.0
-0.165,-0.111,0.054,44.0,0.0,0.0,36.0
-0.22,-0.068,0.152,44.0,0.0,0.0,36.0
-0.189,-0.091,0.098,44.0,0.0,0.0,36.0
-0.18,-0.093,0.087,44.0,0.0,0.0,36.0
-0.165,-0.112,0.053,44.0,0.0,0.0,36.0
-0.22,-0.069,0.151,44.0,0.0,0.0,36.0
-0.189,-0.092,0.097,44.0,0.0,0.0,36.0
-0.18,-0.093,0.087,44.0,0.0,0.0,36.0
-0.165,-0.112,0.053,44.0,0.0,0.0,36.0
-0.219,-0.069,0.15,44.0,0.0,0.0,36.0
-0.189,-0.092,0.097,44.0,0.0,0.0,36.0
-0.18,-0.092,0.088,44.0,0.0,0.0,36.0
-0.165,-0.111,0.054,44.0,0.0,0.0,36.0
-0.22,-0.068,0.152,44.0,0.0,0.0,36.0
-0.189,-0.091,0.098,44.0,0.0,0.0,36.0
-0.18,-0.093,0.087,44.0,0.0,0.0,36.0
-0.165,-0.112,0.053,44.0,0.0,0.0,36.0
-0.22,-0.069,0.151,44.0,0.0,0.0,36.0
-0.189,-0.092,0.097,44.0,0.0,0.0,36.0
-0.18,-0.093,0.087,44.0,0.0,0.0,36.0
-0.165,-0.112,0.053,44.0,0.0,0.0,36.0
-0.22,-0.069,0.151,44.0,0.0,0.0,36.0
-0.189,-0.092,0.097,44.0,0.0,0.0,36.0
-0.18,-0.093,0.087,44.0,0.0,0.0,36.0
-0.165,-0.112,0.053,44.0,0.0,0.0,36.0
-0.219,-0.069,0.15,44.0,0.0,0.0,36.0
-0.189,-0.092,0.097,44.0,0.0,0.0,36.0
-0.18,-0.093,0.087,44.0,0.0,0.0,36.0
-0.165,-0.112,0.053,44.0,0.0,0.0,36.0
-0.22,-0.069,0.151,44.0,0.0,0.0,36.0
-0.189,-0.092,0.097,44.0,0.0,0.0,36.0
-0.18,-0.093,0.087,44.0,0.0,0.0,36.0
-0.165,-0.112,0.053,44.0,0.0,0.0,36.0
-0.22,-0.069,0.151,44.0,0.0,0.0,36.0
-0.189,-0.092,0.097,44.0,0.0,0.0,36.0
-0.179,-0.093,0.086,44.0,0.0,0.0,36.0
-0.165,-0.112,0.053,44.0,0.0,0.0,36.0
-0.22,-0.069,0.151,44.0,0.0,0.0,36.0
-0.189,-0.092,0.097,44.0,0.0,0.0,36.0
-0.176,-0.108,0.068,63.0,0.0,0.0,70.0
-0.163,-0.126,0.037,63.0,0.0,0.0,70.0
-0.216,-0.087,0.129,63.0,0.0,0.0,70.0
-0.185,-0.108,0.077,63.0,0.0,0.0,70.0
-0.177,-0.108,0.069,63.0,0.0,0.0,70.0
-0.163,-0.126,0.037,63.0,0.0,0.0,70.0
-0.216,-0.086,0.13,63.0,0.0,0.0,70.0
-0.186,-0.108,0.078,63.0,0.0,0.0,70.0
-0.175,-0.108,0.067,63.0,0.0,0.0,70.0
-0.162,-0.127,0.035,63.0,0.0,0.0,70.0
-0.214,-0.087,0.127,63.0,0.0,0.0,70.0
-0.184,-0.108,0.076,63.0,0.0,0.0,70.0
-0.176,-0.108,0.068,63.0,0.0,0.0,70.0
-0.163,-0.126,0.037,63.0,0.0,0.0,70.0
-0.215,-0.086,0.129,63.0,0.0,0.0,70.0
-0.185,-0.108,0.077,63.0,0.0,0.0,70.0
-0.177,-0.108,0.069,63.0,0.0,0.0,70.0
-0.163,-0.126,0.037,63.0,0.0,0.0,70.0
-0.216,-0.086,0.13,63.0,0.0,0.0,70.0
-0.186,-0.108,0.078,63.0,0.0,0.0,70.0
-0.177,-0.108,0.069,63.0,0.0,0.0,70.0
-0.163,-0.126,0.037,63.0,0.0,0.0,70.0
-0.216,-0.086,0.13,63.0,0.0,0.0,70.0
-0.186,-0.108,0.078,63.0,0.0,0.0,70.0
-0.176,-0.107,0.069,63.0,0.0,0.0,70.0
-0.163,-0.126,0.037,63.0,0.0,0.0,70.0
-0.215,-0.087,0.128,63.0,0.0,0.0,70.0
-0.185,-0.108,0.077,63.0,0.0,0.0,70.0
-0.177,-0.108,0.069,63.0,0.0,0.0,70.0
-0.163,-0.126,0.037,63.0,0.0,0.0,70.0
-0.217,-0.086,0.131,63.0,0.0,0.0,70.0
-0.186,-0.108,0.078,63.0,0.0,0.0,70.0
-0.177,-0.108,0.069,63.0,0.0,0.0,70.0
-0.163,-0.126,0.037,63.0,0.0,0.0,70.0
-0.216,-0.086,0.13,63.0,0.0,0.0,70.0
-0.186,-0.107,0.079,63.0,0.0,0.0,70.0
-0.177,-0.108,0.069,63.0,0.0,0.0,70.0
-0.163,-0.126,0.037,63.0,0.0,0.0,70.0
-0.216,-0.086,0.13,63.0,0.0,0.0,70.0
-0.186,-0.107,0.079,63.0,0.0,0.0,70.0
-0.177,-0.107,0.07,63.0,0.0,0.0,70.0
-0.163,-0.126,0.037,63.0,0.0,0.0,70.0
-0.216,-0.087,0.129,63.0,0.0,0.0,70.0
-0.186,-0.108,0.078,63.0,0.0,0.0,70.0
-0.175,-0.108,0.067,63.0,0.0,0.0,70.0
-0.162,-0.127,0.035,63.0,0.0,0.0,70.0
-0.214,-0.087,0.127,63.0,0.0,0.0,70.0
-0.184,-0.108,0.076,63.0,0.0,0.0,70.0
-0.177,-0.107,0.07,63.0,0.0,0.0,70.0
-0.163,-0.126,0.037,63.0,0.0,0.0,70.0
-0.216,-0.086,0.13,63.0,0.0,0.0,70.0
-0.186,-0.108,0.078,63.0,0.0,0.0,70.0
-0.176,-0.107,0.069,63.0,0.0,0.0,70.0
-0.163,-0.126,0.037,63.0,0.0,0.0,70.0
-0.216,-0.086,0.13,63.0,0.0,0.0,70.0
-0.186,-0.108,0.078,63.0,0.0,0.0,70.0
-0.178,-0.107,0.071,63.0,0.0,0.0,70.0
-0.164,-0.126,0.038,63.0,0.0,0.0,70.0
-0.217,-0.086,0.131,63.0,0.0,0.0,70.0
-0.187,-0.108,0.079,63.0,0.0,0.0,70.0
-0.177,-0.107,0.07,63.0,0.0,0.0,70.0
-0.163,-0.126,0.037,63.0,0.0,0.0,70.0
-0.216,-0.087,0.129,63.0,0.0,0.0,70.0
-0.186,-0.108,0.078,63.0,0.0,0.0,70.0
-0.175,-0.108,0.067,63.0,0.0,0.0,70.0
-0.162,-0.126,0.036,63.0,0.0,0.0,70.0
-0.214,-0.087,0.127,63.0,0.0,0.0,70.0
-0.184,-0.109,0.075,63.0,0.0,0.0,70.0
-0.176,-0.108,0.068,63.0,0.0,0.0,70.0
-0.163,-0.127,0.036,63.0,0.0,0.0,70.0
-0.216,-0.087,0.129,63.0,0.0,0.0,70.0
-0.186,-0.108,0.078,63.0,0.0,0.0,70.0
-0.183,-0.093,0.09,47.0,0.0,0.0,57.0
-0.167,-0.115,0.052,47.0,0.0,0.0,57.0
-0.224,-0.07,0.154,47.0,0.0,0.0,57.0
-0.192,-0.092,0.1,47.0,0.0,0.0,57.0
-0.183,-0.095,0.088,47.0,0.0,0.0,57.0
-0.167,-0.116,0.051,47.0,0.0,0.0,57.0
-0.224,-0.072,0.152,47.0,0.0,0.0,57.0
-0.193,-0.094,0.099,47.0,0.0,0.0,57.0
-0.184,-0.095,0.089,47.0,0.0,0.0,57.0
-0.168,-0.116,0.052,47.0,0.0,0.0,57.0
-0.226,-0.071,0.155,47.0,0.0,0.0,57.0
-0.194,-0.094,0.1,47.0,0.0,0.0,57.0
-0.185,-0.096,0.089,47.0,0.0,0.0,57.0
-0.168,-0.117,0.051,47.0,0.0,0.0,57.0
-0.226,-0.073,0.153,47.0,0.0,0.0,57.0
-0.195,-0.095,0.1,47.0,0.0,0.0,57.0
-0.184,-0.095,0.089,47.0,0.0,0.0,57.0
-0.168,-0.116,0.052,47.0,0.0,0.0,57.0
-0.225,-0.072,0.153,47.0,0.0,0.0,57.0
-0.194,-0.094,0.1,47.0,0.0,0.0,57.0
-0.184,-0.095,0.089,47.0,0.0,0.0,57.0
-0.168,-0.116,0.052,47.0,0.0,0.0,57.0
-0.226,-0.072,0.154,47.0,0.0,0.0,57.0
-0.194,-0.094,0.1,47.0,0.0,0.0,57.0
-0.185,-0.096,0.089,47.0,0.0,0.0,57.0
-0.168,-0.118,0.05,47.0,0.0,0.0,57.0
-0.226,-0.073,0.153,47.0,0.0,0.0,57.0
-0.194,-0.096,0.098,47.0,0.0,0.0,57.0
-0.185,-0.096,0.089,47.0,0.0,0.0,57.0
-0.168,-0.118,0.05,47.0,0.0,0.0,57.0
-0.226,-0.073,0.153,47.0,0.0,0.0,57.0
-0.195,-0.095,0.1,47.0,0.0,0.0,57.0
-0.185,-0.096,0.089,47.0,0.0,0.0,57.0
-0.168,-0.118,0.05,47.0,0.0,0.0,57.0
-0.226,-0.073,0.153,47.0,0.0,0.0,57.0
-0.194,-0.096,0.098,47.0,0.0,0.0,57.0
-0.185,-0.096,0.089,47.0,0.0,0.0,57.0
-0.169,-0.118,0.051,47.0,0.0,0.0,57.0
-0.226,-0.073,0.153,47.0,0.0,0.0,57.0
-0.194,-0.095,0.099,47.0,0.0,0.0,57.0
-0.185,-0.095,0.09,47.0,0.0,0.0,57.0
-0.169,-0.117,0.052,47.0,0.0,0.0,57.0
-0.226,-0.073,0.153,47.0,0.0,0.0,57.0
-0.195,-0.095,0.1,47.0,0.0,0.0,57.0
-0.185,-0.096,0.089,47.0,0.0,0.0,57.0
-0.169,-0.118,0.051,47.0,0.0,0.0,57.0
-0.226,-0.073,0.153,47.0,0.0,0.0,57.0
-0.194,-0.096,0.098,47.0,0.0,0.0,57.0
-0.184,-0.097,0.087,47.0,0.0,0.0,57.0
-0.168,-0.118,0.05,47.0,0.0,0.0,57.0
-0.225,-0.073,0.152,47.0,0.0,0.0,57.0
-0.194,-0.096,0.098,47.0,0.0,0.0,57.0
-0.184,-0.095,0.089,47.0,0.0,0.0,57.0
-0.168,-0.117,0.051,47.0,0.0,0.0,57.0
-0.225,-0.072,0.153,47.0,0.0,0.0,57.0
-0.193,-0.095,0.098,47.0,0.0,0.0,57.0
-0.185,-0.096,0.089,47.0,0.0,0.0,57.0
-0.169,-0.118,0.051,47.0,0.0,0.0,57.0
-0.226,-0.073,0.153,47.0,0.0,0.0,57.0
-0.195,-0.096,0.099,47.0,0.0,0.0,57.0
-0.185,-0.097,0.088,47.0,0.0,0.0,57.0
-0.168,-0.119,0.049,47.0,0.0,0.0,57.0
-0.226,-0.074,0.152,47.0,0.0,0.0,57.0
-0.194,-0.096,0.098,47.0,0.0,0.0,57.0
-0.185,-0.096,0.089,47.0,0.0,0.0,57.0
-0.168,-0.118,0.05,47.0,0.0,0.0,57.0
-0.226,-0.073,0.153,47.0,0.0,0.0,57.0
-0.194,-0.095,0.099,47.0,0.0,0.0,57.0
-0.183,-0.097,0.086,47.0,0.0,0.0,57.0
-0.167,-0.119,0.048,47.0,0.0,0.0,57.0
-0.224,-0.074,0.15,47.0,0.0,0.0,57.0
-0.192,-0.097,0.095,47.0,0.0,0.0,57.0
-0.185,-0.096,0.089,47.0,0.0,0.0,57.0
-0.168,-0.118,0.05,47.0,0.0,0.0,57.0
-0.226,-0.073,0.153,47.0,0.0,0.0,57.0
-0.194,-0.096,0.098,47.0,0.0,0.0,57.0
-0.181,-0.074,0.107,36.0,2.0,0.0,31.0
-0.165,-0.096,0.069,36.0,2.0,0.0,31.0
-0.222,-0.05,0.172,36.0,2.0,0.0,31.0
-0.19,-0.073,0.117,36.0,2.0,0.0,31.0
-0.181,-0.075,0.106,36.0,2.0,0.0,31.0
-0.165,-0.097,0.068,36.0,2.0,0.0,31.0
-0.223,-0.051,0.172,36.0,2.0,0.0,31.0
-0.19,-0.074,0.116,36.0,2.0,0.0,31.0
-0.181,-0.075,0.106,36.0,2.0,0.0,31.0
-0.165,-0.097,0.068,36.0,2.0,0.0,31.0
-0.222,-0.05,0.172,36.0,2.0,0.0,31.0
-0.19,-0.073,0.117,36.0,2.0,0.0,31.0
-0.181,-0.075,0.106,36.0,2.0,0.0,31.0
-0.165,-0.097,0.068,36.0,2.0,0.0,31.0
-0.222,-0.05,0.172,36.0,2.0,0.0,31.0
-0.19,-0.073,0.117,36.0,2.0,0.0,31.0
-0.181,-0.075,0.106,36.0,2.0,0.0,31.0
-0.165,-0.097,0.068,36.0,2.0,0.0,31.0
-0.222,-0.05,0.172,36.0,2.0,0.0,31.0
-0.19,-0.073,0.117,36.0,2.0,0.0,31.0
-0.181,-0.075,0.106,36.0,2.0,0.0,31.0
-0.165,-0.097,0.068,36.0,2.0,0.0,31.0
-0.222,-0.05,0.172,36.0,2.0,0.0,31.0
-0.19,-0.073,0.117,36.0,2.0,0.0,31.0
-0.181,-0.074,0.107,36.0,2.0,0.0,31.0
-0.164,-0.096,0.068,36.0,2.0,0.0,31.0
-0.222,-0.049,0.173,36.0,2.0,0.0,31.0
-0.19,-0.072,0.118,36.0,2.0,0.0,31.0
-0.181,-0.076,0.105,36.0,2.0,0.0,31.0
-0.165,-0.098,0.067,36.0,2.0,0.0,31.0
-0.222,-0.051,0.171,36.0,2.0,0.0,31.0
-0.19,-0.074,0.116,36.0,2.0,0.0,31.0
-0.181,-0.074,0.107,36.0,2.0,0.0,31.0
-0.164,-0.096,0.068,36.0,2.0,0.0,31.0
-0.222,-0.049,0.173,36.0,2.0,0.0,31.0
-0.19,-0.072,0.118,36.0,2.0,0.0,31.0
-0.181,-0.074,0.107,36.0,2.0,0.0,31.0
-0.164,-0.096,0.068,36.0,2.0,0.0,31.0
-0.222,-0.049,0.173,36.0,2.0,0.0,31.0
-0.19,-0.073,0.117,36.0,2.0,0.0,31.0
-0.181,-0.075,0.106,36.0,2.0,0.0,31.0
-0.165,-0.097,0.068,36.0,2.0,0.0,31.0
-0.223,-0.05,0.173,36.0,2.0,0.0,31.0
-0.19,-0.074,0.116,36.0,2.0,0.0,31.0
-0.181,-0.076,0.105,36.0,2.0,0.0,31.0
-0.165,-0.098,0.067,36.0,2.0,0.0,31.0
-0.222,-0.051,0.171,36.0,2.0,0.0,31.0
-0.19,-0.074,0.116,36.0,2.0,0.0,31.0
-0.181,-0.074,0.107,36.0,2.0,0.0,31.0
-0.165,-0.096,0.069,36.0,2.0,0.0,31.0
-0.222,-0.05,0.172,36.0,2.0,0.0,31.0
-0.19,-0.073,0.117,36.0,2.0,0.0,31.0
-0.183,-0.101,0.082,48.0,6.0,0.0,41.0
-0.167,-0.12,0.047,48.0,6.0,0.0,41.0
-0.223,-0.079,0.144,48.0,6.0,0.0,41.0
-0.191,-0.1,0.091,48.0,6.0,0.0,41.0
-0.183,-0.103,0.08,48.0,6.0,0.0,41.0
-0.168,-0.121,0.047,48.0,6.0,0.0,41.0
-0.223,-0.081,0.142,48.0,6.0,0.0,41.0
-0.192,-0.102,0.09,48.0,6.0,0.0,41.0
-0.182,-0.103,0.079,48.0,6.0,0.0,41.0
-0.167,-0.121,0.046,48.0,6.0,0.0,41.0
-0.222,-0.081,0.141,48.0,6.0,0.0,41.0
-0.191,-0.102,0.089,48.0,6.0,0.0,41.0
-0.182,-0.103,0.079,48.0,6.0,0.0,41.0
-0.167,-0.121,0.046,48.0,6.0,0.0,41.0
-0.223,-0.081,0.142,48.0,6.0,0.0,41.0
-0.191,-0.102,0.089,48.0,6.0,0.0,41.0
-0.184,-0.103,0.081,48.0,6.0,0.0,41.0
-0.168,-0.122,0.046,48.0,6.0,0.0,41.0
-0.225,-0.081,0.144,48.0,6.0,0.0,41.0
-0.192,-0.103,0.089,48.0,6.0,0.0,41.0
-0.182,-0.103,0.079,48.0,6.0,0.0,41.0
-0.167,-0.122,0.045,48.0,6.0,0.0,41.0
-0.222,-0.082,0.14,48.0,6.0,0.0,41.0
-0.19,-0.103,0.087,48.0,6.0,0.0,41.0
-0.182,-0.103,0.079,48.0,6.0,0.0,41.0
-0.167,-0.122,0.045,48.0,6.0,0.0,41.0
-0.222,-0.081,0.141,48.0,6.0,0.0,41.0
-0.191,-0.102,0.089,48.0,6.0,0.0,41.0
-0.183,-0.102,0.081,48.0,6.0,0.0,41.0
-0.167,-0.121,0.046,48.0,6.0,0.0,41.0
-0.223,-0.081,0.142,48.0,6.0,0.0,41.0
-0.191,-0.102,0.089,48.0,6.0,0.0,41.0
-0.181,-0.104,0.077,48.0,6.0,0.0,41.0
-0.166,-0.122,0.044,48.0,6.0,0.0,41.0
-0.221,-0.082,0.139,48.0,6.0,0.0,41.0
-0.19,-0.103,0.087,48.0,6.0,0.0,41.0
-0.182,-0.102,0.08,48.0,6.0,0.0,41.0
-0.166,-0.121,0.045,48.0,6.0,0.0,41.0
-0.222,-0.081,0.141,48.0,6.0,0.0,41.0
-0.191,-0.102,0.089,48.0,6.0,0.0,41.0
-0.182,-0.102,0.08,48.0,6.0,0.0,41.0
-0.167,-0.121,0.046,48.0,6.0,0.0,41.0
-0.222,-0.08,0.142,48.0,6.0,0.0,41.0
-0.191,-0.101,0.09,48.0,6.0,0.0,41.0
-0.181,-0.104,0.077,48.0,6.0,0.0,41.0
-0.166,-0.122,0.044,48.0,6.0,0.0,41.0
-0.221,-0.083,0.138,48.0,6.0,0.0,41.0
-0.19,-0.104,0.086,48.0,6.0,0.0,41.0
-0.182,-0.103,0.079,48.0,6.0,0.0,41.0
-0.167,-0.122,0.045,48.0,6.0,0.0,41.0
-0.222,-0.082,0.14,48.0,6.0,0.0,41.0
-0.191,-0.103,0.088,48.0,6.0,0.0,41.0
-0.182,-0.104,0.078,48.0,6.0,0.0,41.0
-0.167,-0.122,0.045,48.0,6.0,0.0,41.0
-0.222,-0.082,0.14,48.0,6.0,0.0,41.0
-0.191,-0.103,0.088,48.0,6.0,0.0,41.0
-0.182,-0.104,0.078,48.0,6.0,0.0,41.0
-0.167,-0.122,0.045,48.0,6.0,0.0,41.0
-0.222,-0.083,0.139,48.0,6.0,0.0,41.0
-0.191,-0.104,0.087,48.0,6.0,0.0,41.0
-0.182,-0.103,0.079,48.0,6.0,0.0,41.0
-0.167,-0.122,0.045,48.0,6.0,0.0,41.0
-0.223,-0.081,0.142,48.0,6.0,0.0,41.0
-0.191,-0.102,0.089,48.0,6.0,0.0,41.0
-0.181,-0.103,0.078,48.0,6.0,0.0,41.0
-0.166,-0.122,0.044,48.0,6.0,0.0,41.0
-0.222,-0.082,0.14,48.0,6.0,0.0,41.0
-0.19,-0.103,0.087,48.0,6.0,0.0,41.0
-0.182,-0.102,0.08,48.0,6.0,0.0,41.0
-0.167,-0.121,0.046,48.0,6.0,0.0,41.0
-0.222,-0.08,0.142,48.0,6.0,0.0,41.0
-0.191,-0.102,0.089,48.0,6.0,0.0,41.0
-0.183,-0.103,0.08,48.0,6.0,0.0,41.0
-0.168,-0.122,0.046,48.0,6.0,0.0,41.0
-0.224,-0.082,0.142,48.0,6.0,0.0,41.0
-0.192,-0.103,0.089,48.0,6.0,0.0,41.0
-0.182,-0.104,0.078,48.0,6.0,0.0,41.0
-0.167,-0.122,0.045,48.0,6.0,0.0,41.0
-0.222,-0.083,0.139,48.0,6.0,0.0,41.0
-0.191,-0.104,0.087,48.0,6.0,0.0,41.0
-0.183,-0.094,0.089,35.0,0.0,0.0,35.0
-0.168,-0.114,0.054,35.0,0.0,0.0,35.0
-0.223,-0.071,0.152,35.0,0.0,0.0,35.0
-0.192,-0.094,0.098,35.0,0.0,0.0,35.0
-0.183,-0.094,0.089,35.0,0.0,0.0,35.0
-0.168,-0.114,0.054,35.0,0.0,0.0,35.0
-0.223,-0.071,0.152,35.0,0.0,0.0,35.0
-0.193,-0.094,0.099,35.0,0.0,0.0,35.0
-0.183,-0.094,0.089,35.0,0.0,0.0,35.0
-0.168,-0.114,0.054,35.0,0.0,0.0,35.0
-0.224,-0.071,0.153,35.0,0.0,0.0,35.0
-0.193,-0.094,0.099,35.0,0.0,0.0,35.0
-0.183,-0.094,0.089,35.0,0.0,0.0,35.0
-0.168,-0.114,0.054,35.0,0.0,0.0,35.0
-0.223,-0.071,0.152,35.0,0.0,0.0,35.0
-0.192,-0.094,0.098,35.0,0.0,0.0,35.0
-0.183,-0.094,0.089,35.0,0.0,0.0,35.0
-0.168,-0.114,0.054,35.0,0.0,0.0,35.0
-0.223,-0.071,0.152,35.0,0.0,0.0,35.0
-0.193,-0.094,0.099,35.0,0.0,0.0,35.0
-0.183,-0.094,0.089,35.0,0.0,0.0,35.0
-0.168,-0.114,0.054,35.0,0.0,0.0,35.0
-0.223,-0.071,0.152,35.0,0.0,0.0,35.0
-0.192,-0.094,0.098,35.0,0.0,0.0,35.0
-0.183,-0.094,0.089,35.0,0.0,0.0,35.0
-0.168,-0.114,0.054,35.0,0.0,0.0,35.0
-0.223,-0.071,0.152,35.0,0.0,0.0,35.0
-0.192,-0.094,0.098,35.0,0.0,0.0,35.0
-0.183,-0.094,0.089,35.0,0.0,0.0,35.0
-0.168,-0.114,0.054,35.0,0.0,0.0,35.0
-0.224,-0.071,0.153,35.0,0.0,0.0,35.0
-0.192,-0.094,0.098,35.0,0.0,0.0,35.0
-0.183,-0.094,0.089,35.0,0.0,0.0,35.0
-0.168,-0.114,0.054,35.0,0.0,0.0,35.0
-0.224,-0.071,0.153,35.0,0.0,0.0,35.0
-0.192,-0.093,0.099,35.0,0.0,0.0,35.0
-0.183,-0.093,0.09,35.0,0.0,0.0,35.0
-0.168,-0.113,0.055,35.0,0.0,0.0,35.0
-0.223,-0.071,0.152,35.0,0.0,0.0,35.0
-0.192,-0.093,0.099,35.0,0.0,0.0,35.0
-0.183,-0.094,0.089,35.0,0.0,0.0,35.0
-0.168,-0.114,0.054,35.0,0.0,0.0,35.0
-0.223,-0.071,0.152,35.0,0.0,0.0,35.0
-0.192,-0.094,0.098,35.0,0.0,0.0,35.0
-0.183,-0.094,0.089,35.0,0.0,0.0,35.0
-0.168,-0.114,0.054,35.0,0.0,0.0,35.0
-0.223,-0.071,0.152,35.0,0.0,0.0,35.0
-0.192,-0.094,0.098,35.0,0.0,0.0,35.0
-0.183,-0.094,0.089,35.0,0.0,0.0,35.0
-0.168,-0.114,0.054,35.0,0.0,0.0,35.0
-0.223,-0.071,0.152,35.0,0.0,0.0,35.0
-0.192,-0.094,0.098,35.0,0.0,0.0,35.0
-0.177,-0.086,0.091,42.0,2.0,0.0,41.0
-0.162,-0.106,0.056,42.0,2.0,0.0,41.0
-0.217,-0.062,0.155,42.0,2.0,0.0,41.0
-0.185,-0.085,0.1,42.0,2.0,0.0,41.0
-0.176,-0.087,0.089,42.0,2.0,0.0,41.0
-0.161,-0.107,0.054,42.0,2.0,0.0,41.0
-0.216,-0.064,0.152,42.0,2.0,0.0,41.0
-0.185,-0.086,0.099,42.0,2.0,0.0,41.0
-0.176,-0.085,0.091,42.0,2.0,0.0,41.0
-0.161,-0.105,0.056,42.0,2.0,0.0,41.0
-0.217,-0.062,0.155,42.0,2.0,0.0,41.0
-0.186,-0.084,0.102,42.0,2.0,0.0,41.0
-0.177,-0.085,0.092,42.0,2.0,0.0,41.0
-0.162,-0.106,0.056,42.0,2.0,0.0,41.0
-0.217,-0.062,0.155,42.0,2.0,0.0,41.0
-0.186,-0.084,0.102,42.0,2.0,0.0,41.0
-0.176,-0.085,0.091,42.0,2.0,0.0,41.0
-0.161,-0.105,0.056,42.0,2.0,0.0,41.0
-0.216,-0.062,0.154,42.0,2.0,0.0,41.0
-0.185,-0.084,0.101,42.0,2.0,0.0,41.0
-0.176,-0.085,0.091,42.0,2.0,0.0,41.0
-0.161,-0.105,0.056,42.0,2.0,0.0,41.0
-0.216,-0.062,0.154,42.0,2.0,0.0,41.0
-0.185,-0.084,0.101,42.0,2.0,0.0,41.0
-0.176,-0.087,0.089,42.0,2.0,0.0,41.0
-0.161,-0.107,0.054,42.0,2.0,0.0,41.0
-0.216,-0.064,0.152,42.0,2.0,0.0,41.0
-0.185,-0.086,0.099,42.0,2.0,0.0,41.0
-0.177,-0.085,0.092,42.0,2.0,0.0,41.0
-0.162,-0.105,0.057,42.0,2.0,0.0,41.0
-0.217,-0.062,0.155,42.0,2.0,0.0,41.0
-0.186,-0.085,0.101,42.0,2.0,0.0,41.0
-0.176,-0.087,0.089,42.0,2.0,0.0,41.0
-0.161,-0.107,0.054,42.0,2.0,0.0,41.0
-0.216,-0.064,0.152,42.0,2.0,0.0,41.0
-0.184,-0.086,0.098,42.0,2.0,0.0,41.0
-0.176,-0.085,0.091,42.0,2.0,0.0,41.0
-0.161,-0.105,0.056,42.0,2.0,0.0,41.0
-0.216,-0.062,0.154,42.0,2.0,0.0,41.0
-0.185,-0.084,0.101,42.0,2.0,0.0,41.0
-0.176,-0.085,0.091,42.0,2.0,0.0,41.0
-0.161,-0.105,0.056,42.0,2.0,0.0,41.0
-0.216,-0.061,0.155,42.0,2.0,0.0,41.0
-0.185,-0.084,0.101,42.0,2.0,0.0,41.0
-0.177,-0.085,0.092,42.0,2.0,0.0,41.0
-0.161,-0.105,0.056,42.0,2.0,0.0,41.0
-0.216,-0.062,0.154,42.0,2.0,0.0,41.0
-0.185,-0.084,0.101,42.0,2.0,0.0,41.0
-0.176,-0.085,0.091,42.0,2.0,0.0,41.0
-0.161,-0.105,0.056,42.0,2.0,0.0,41.0
-0.216,-0.061,0.155,42.0,2.0,0.0,41.0
-0.185,-0.084,0.101,42.0,2.0,0.0,41.0
-0.176,-0.086,0.09,42.0,2.0,0.0,41.0
-0.162,-0.106,0.056,42.0,2.0,0.0,41.0
-0.216,-0.062,0.154,42.0,2.0,0.0,41.0
-0.185,-0.085,0.1,42.0,2.0,0.0,41.0
-0.176,-0.087,0.089,42.0,2.0,0.0,41.0
-0.161,-0.108,0.053,42.0,2.0,0.0,41.0
-0.216,-0.064,0.152,42.0,2.0,0.0,41.0
-0.185,-0.086,0.099,42.0,2.0,0.0,41.0
-0.177,-0.086,0.091,42.0,2.0,0.0,41.0
-0.162,-0.106,0.056,42.0,2.0,0.0,41.0
-0.217,-0.063,0.154,42.0,2.0,0.0,41.0
-0.186,-0.085,0.101,42.0,2.0,0.0,41.0
-0.176,-0.087,0.089,42.0,2.0,0.0,41.0
-0.161,-0.107,0.054,42.0,2.0,0.0,41.0
-0.216,-0.064,0.152,42.0,2.0,0.0,41.0
-0.185,-0.086,0.099,42.0,2.0,0.0,41.0
-0.176,-0.085,0.091,42.0,2.0,0.0,41.0
-0.161,-0.105,0.056,42.0,2.0,0.0,41.0
-0.217,-0.062,0.155,42.0,2.0,0.0,41.0
-0.185,-0.084,0.101,42.0,2.0,0.0,41.0
-0.183,-0.103,0.08,35.0,0.0,0.0,44.0
-0.167,-0.122,0.045,35.0,0.0,0.0,44.0
-0.224,-0.079,0.145,35.0,0.0,0.0,44.0
-0.193,-0.102,0.091,35.0,0.0,0.0,44.0
-0.183,-0.103,0.08,35.0,0.0,0.0,44.0
-0.167,-0.122,0.045,35.0,0.0,0.0,44.0
-0.224,-0.08,0.144,35.0,0.0,0.0,44.0
-0.193,-0.102,0.091,35.0,0.0,0.0,44.0
-0.184,-0.102,0.082,35.0,0.0,0.0,44.0
-0.168,-0.122,0.046,35.0,0.0,0.0,44.0
-0.225,-0.079,0.146,35.0,0.0,0.0,44.0
-0.194,-0.102,0.092,35.0,0.0,0.0,44.0
-0.184,-0.102,0.082,35.0,0.0,0.0,44.0
-0.168,-0.122,0.046,35.0,0.0,0.0,44.0
-0.225,-0.079,0.146,35.0,0.0,0.0,44.0
-0.194,-0.102,0.092,35.0,0.0,0.0,44.0
-0.183,-0.103,0.08,35.0,0.0,0.0,44.0
-0.167,-0.123,0.044,35.0,0.0,0.0,44.0
-0.224,-0.079,0.145,35.0,0.0,0.0,44.0
-0.193,-0.102,0.091,35.0,0.0,0.0,44.0
-0.184,-0.103,0.081,35.0,0.0,0.0,44.0
-0.168,-0.122,0.046,35.0,0.0,0.0,44.0
-0.224,-0.079,0.145,35.0,0.0,0.0,44.0
-0.193,-0.102,0.091,35.0,0.0,0.0,44.0
-0.183,-0.103,0.08,35.0,0.0,0.0,44.0
-0.167,-0.123,0.044,35.0,0.0,0.0,44.0
-0.224,-0.079,0.145,35.0,0.0,0.0,44.0
-0.193,-0.102,0.091,35.0,0.0,0.0,44.0
-0.184,-0.103,0.081,35.0,0.0,0.0,44.0
-0.168,-0.123,0.045,35.0,0.0,0.0,44.0
-0.224,-0.079,0.145,35.0,0.0,0.0,44.0
-0.193,-0.102,0.091,35.0,0.0,0.0,44.0
-0.184,-0.102,0.082,35.0,0.0,0.0,44.0
-0.167,-0.122,0.045,35.0,0.0,0.0,44.0
-0.225,-0.079,0.146,35.0,0.0,0.0,44.0
-0.193,-0.102,0.091,35.0,0.0,0.0,44.0
-0.183,-0.103,0.08,35.0,0.0,0.0,44.0
-0.167,-0.122,0.045,35.0,0.0,0.0,44.0
-0.224,-0.079,0.145,35.0,0.0,0.0,44.0
-0.193,-0.102,0.091,35.0,0.0,0.0,44.0
-0.183,-0.102,0.081,35.0,0.0,0.0,44.0
-0.167,-0.122,0.045,35.0,0.0,0.0,44.0
-0.224,-0.079,0.145,35.0,0.0,0.0,44.0
-0.193,-0.102,0.091,35.0,0.0,0.0,44.0
-0.184,-0.103,0.081,35.0,0.0,0.0,44.0
-0.167,-0.123,0.044,35.0,0.0,0.0,44.0
-0.224,-0.079,0.145,35.0,0.0,0.0,44.0
-0.193,-0.102,0.091,35.0,0.0,0.0,44.0
-0.183,-0.103,0.08,35.0,0.0,0.0,44.0
-0.167,-0.123,0.044,35.0,0.0,0.0,44.0
-0.224,-0.079,0.145,35.0,0.0,0.0,44.0
-0.193,-0.102,0.091,35.0,0.0,0.0,44.0
-0.183,-0.103,0.08,35.0,0.0,0.0,44.0
-0.167,-0.122,0.045,35.0,0.0,0.0,44.0
-0.224,-0.08,0.144,35.0,0.0,0.0,44.0
-0.193,-0.102,0.091,35.0,0.0,0.0,44.0
-0.184,-0.103,0.081,35.0,0.0,0.0,44.0
-0.168,-0.122,0.046,35.0,0.0,0.0,44.0
-0.224,-0.079,0.145,35.0,0.0,0.0,44.0
-0.193,-0.102,0.091,35.0,0.0,0.0,44.0
-0.238,-0.144,0.094,68.0,0.0,0.0,0.0
-0.221,-0.163,0.058,68.0,0.0,0.0,0.0
-0.278,-0.12,0.158,68.0,0.0,0.0,0.0
-0.247,-0.143,0.104,68.0,0.0,0.0,0.0
-0.238,-0.142,0.096,68.0,0.0,0.0,0.0
-0.221,-0.162,0.059,68.0,0.0,0.0,0.0
-0.279,-0.118,0.161,68.0,0.0,0.0,0.0
-0.248,-0.141,0.107,68.0,0.0,0.0,0.0
-0.236,-0.144,0.092,68.0,0.0,0.0,0.0
-0.22,-0.163,0.057,68.0,0.0,0.0,0.0
-0.277,-0.12,0.157,68.0,0.0,0.0,0.0
-0.246,-0.143,0.103,68.0,0.0,0.0,0.0
-0.237,-0.143,0.094,68.0,0.0,0.0,0.0
-0.221,-0.163,0.058,68.0,0.0,0.0,0.0
-0.278,-0.119,0.159,68.0,0.0,0.0,0.0
-0.247,-0.142,0.105,68.0,0.0,0.0,0.0
-0.237,-0.143,0.094,68.0,0.0,0.0,0.0
-0.221,-0.162,0.059,68.0,0.0,0.0,0.0
-0.278,-0.119,0.159,68.0,0.0,0.0,0.0
-0.247,-0.142,0.105,68.0,0.0,0.0,0.0
-0.238,-0.141,0.097,68.0,0.0,0.0,0.0
-0.221,-0.161,0.06,68.0,0.0,0.0,0.0
-0.279,-0.117,0.162,68.0,0.0,0.0,0.0
-0.248,-0.141,0.107,68.0,0.0,0.0,0.0
-0.239,-0.143,0.096,68.0,0.0,0.0,0.0
-0.222,-0.163,0.059,68.0,0.0,0.0,0.0
-0.28,-0.12,0.16,68.0,0.0,0.0,0.0
-0.248,-0.142,0.106,68.0,0.0,0.0,0.0
-0.236,-0.14,0.096,68.0,0.0,0.0,0.0
-0.22,-0.16,0.06,68.0,0.0,0.0,0.0
-0.277,-0.116,0.161,68.0,0.0,0.0,0.0
-0.246,-0.14,0.106,68.0,0.0,0.0,0.0
-0.239,-0.143,0.096,68.0,0.0,0.0,0.0
-0.222,-0.163,0.059,68.0,0.0,0.0,0.0
-0.28,-0.119,0.161,68.0,0.0,0.0,0.0
-0.248,-0.142,0.106,68.0,0.0,0.0,0.0
-0.238,-0.144,0.094,68.0,0.0,0.0,0.0
-0.221,-0.163,0.058,68.0,0.0,0.0,0.0
-0.278,-0.12,0.158,68.0,0.0,0.0,0.0
-0.247,-0.143,0.104,68.0,0.0,0.0,0.0
-0.237,-0.143,0.094,68.0,0.0,0.0,0.0
-0.22,-0.163,0.057,68.0,0.0,0.0,0.0
-0.277,-0.12,0.157,68.0,0.0,0.0,0.0
-0.246,-0.143,0.103,68.0,0.0,0.0,0.0
-0.236,-0.141,0.095,68.0,0.0,0.0,0.0
-0.219,-0.161,0.058,68.0,0.0,0.0,0.0
-0.276,-0.117,0.159,68.0,0.0,0.0,0.0
-0.245,-0.14,0.105,68.0,0.0,0.0,0.0
-0.236,-0.142,0.094,68.0,0.0,0.0,0.0
-0.22,-0.162,0.058,68.0,0.0,0.0,0.0
-0.277,-0.119,0.158,68.0,0.0,0.0,0.0
-0.246,-0.142,0.104,68.0,0.0,0.0,0.0
-0.238,-0.142,0.096,68.0,0.0,0.0,0.0
-0.221,-0.162,0.059,68.0,0.0,0.0,0.0
-0.279,-0.118,0.161,68.0,0.0,0.0,0.0
-0.248,-0.141,0.107,68.0,0.0,0.0,0.0
-0.239,-0.141,0.098,68.0,0.0,0.0,0.0
-0.221,-0.161,0.06,68.0,0.0,0.0,0.0
-0.28,-0.117,0.163,68.0,0.0,0.0,0.0
-0.248,-0.14,0.108,68.0,0.0,0.0,0.0
-0.236,-0.143,0.093,68.0,0.0,0.0,0.0
-0.22,-0.162,0.058,68.0,0.0,0.0,0.0
-0.276,-0.119,0.157,68.0,0.0,0.0,0.0
-0.246,-0.142,0.104,68.0,0.0,0.0,0.0
-0.236,-0.142,0.094,68.0,0.0,0.0,0.0
-0.22,-0.162,0.058,68.0,0.0,0.0,0.0
-0.277,-0.119,0.158,68.0,0.0,0.0,0.0
-0.246,-0.142,0.104,68.0,0.0,0.0,0.0
-0.236,-0.142,0.094,68.0,0.0,0.0,0.0
-0.219,-0.161,0.058,68.0,0.0,0.0,0.0
-0.276,-0.118,0.158,68.0,0.0,0.0,0.0
-0.245,-0.141,0.104,68.0,0.0,0.0,0.0
-0.237,-0.143,0.094,68.0,0.0,0.0,0.0
-0.22,-0.163,0.057,68.0,0.0,0.0,0.0
-0.277,-0.12,0.157,68.0,0.0,0.0,0.0
-0.246,-0.143,0.103,68.0,0.0,0.0,0.0
-0.187,-0.116,0.071,59.0,11.0,2.0,35.0
-0.174,-0.134,0.04,59.0,11.0,2.0,35.0
-0.223,-0.093,0.13,59.0,11.0,2.0,35.0
-0.195,-0.115,0.08,59.0,11.0,2.0,35.0
-0.185,-0.115,0.07,59.0,11.0,2.0,35.0
-0.172,-0.133,0.039,59.0,11.0,2.0,35.0
-0.221,-0.092,0.129,59.0,11.0,2.0,35.0
-0.194,-0.114,0.08,59.0,11.0,2.0,35.0
-0.185,-0.115,0.07,59.0,11.0,2.0,35.0
-0.173,-0.133,0.04,59.0,11.0,2.0,35.0
-0.222,-0.092,0.13,59.0,11.0,2.0,35.0
-0.194,-0.114,0.08,59.0,11.0,2.0,35.0
-0.183,-0.113,0.07,59.0,11.0,2.0,35.0
-0.171,-0.132,0.039,59.0,11.0,2.0,35.0
-0.22,-0.09,0.13,59.0,11.0,2.0,35.0
-0.192,-0.113,0.079,59.0,11.0,2.0,35.0
-0.184,-0.113,0.071,59.0,11.0,2.0,35.0
-0.172,-0.132,0.04,59.0,11.0,2.0,35.0
-0.221,-0.091,0.13,59.0,11.0,2.0,35.0
-0.193,-0.113,0.08,59.0,11.0,2.0,35.0
-0.185,-0.114,0.071,59.0,11.0,2.0,35.0
-0.173,-0.133,0.04,59.0,11.0,2.0,35.0
-0.222,-0.091,0.131,59.0,11.0,2.0,35.0
-0.194,-0.114,0.08,59.0,11.0,2.0,35.0
-0.185,-0.114,0.071,59.0,11.0,2.0,35.0
-0.172,-0.133,0.039,59.0,11.0,2.0,35.0
-0.222,-0.091,0.131,59.0,11.0,2.0,35.0
-0.194,-0.114,0.08,59.0,11.0,2.0,35.0
-0.185,-0.115,0.07,59.0,11.0,2.0,35.0
-0.173,-0.133,0.04,59.0,11.0,2.0,35.0
-0.222,-0.092,0.13,59.0,11.0,2.0,35.0
-0.194,-0.114,0.08,59.0,11.0,2.0,35.0
-0.184,-0.115,0.069,59.0,11.0,2.0,35.0
-0.172,-0.133,0.039,59.0,11.0,2.0,35.0
-0.221,-0.092,0.129,59.0,11.0,2.0,35.0
-0.193,-0.114,0.079,59.0,11.0,2.0,35.0
-0.185,-0.114,0.071,59.0,11.0,2.0,35.0
-0.172,-0.132,0.04,59.0,11.0,2.0,35.0
-0.222,-0.091,0.131,59.0,11.0,2.0,35.0
-0.194,-0.113,0.081,59.0,11.0,2.0,35.0
-0.185,-0.115,0.07,59.0,11.0,2.0,35.0
-0.172,-0.133,0.039,59.0,11.0,2.0,35.0
-0.221,-0.092,0.129,59.0,11.0,2.0,35.0
-0.194,-0.114,0.08,59.0,11.0,2.0,35.0
-0.184,-0.113,0.071,59.0,11.0,2.0,35.0
-0.171,-0.132,0.039,59.0,11.0,2.0,35.0
-0.221,-0.09,0.131,59.0,11.0,2.0,35.0
-0.193,-0.113,0.08,59.0,11.0,2.0,35.0
-0.186,-0.115,0.071,59.0,11.0,2.0,35.0
-0.173,-0.134,0.039,59.0,11.0,2.0,35.0
-0.223,-0.093,0.13,59.0,11.0,2.0,35.0
-0.195,-0.115,0.08,59.0,11.0,2.0,35.0
-0.184,-0.114,0.07,59.0,11.0,2.0,35.0
-0.171,-0.132,0.039,59.0,11.0,2.0,35.0
-0.22,-0.091,0.129,59.0,11.0,2.0,35.0
-0.193,-0.113,0.08,59.0,11.0,2.0,35.0
-0.187,-0.116,0.071,59.0,11.0,2.0,35.0
-0.174,-0.134,0.04,59.0,11.0,2.0,35.0
-0.223,-0.093,0.13,59.0,11.0,2.0,35.0
-0.195,-0.116,0.079,59.0,11.0,2.0,35.0
-0.183,-0.113,0.07,59.0,11.0,2.0,35.0
-0.171,-0.131,0.04,59.0,11.0,2.0,35.0
-0.22,-0.09,0.13,59.0,11.0,2.0,35.0
-0.192,-0.112,0.08,59.0,11.0,2.0,35.0
-0.185,-0.115,0.07,59.0,11.0,2.0,35.0
-0.172,-0.133,0.039,59.0,11.0,2.0,35.0
-0.221,-0.092,0.129,59.0,11.0,2.0,35.0
-0.193,-0.114,0.079,59.0,11.0,2.0,35.0
-0.185,-0.114,0.071,59.0,11.0,2.0,35.0
-0.172,-0.132,0.04,59.0,11.0,2.0,35.0
-0.221,-0.091,0.13,59.0,11.0,2.0,35.0
-0.194,-0.113,0.081,59.0,11.0,2.0,35.0
-0.185,-0.114,0.071,59.0,11.0,2.0,35.0
-0.173,-0.133,0.04,59.0,11.0,2.0,35.0
-0.222,-0.091,0.131,59.0,11.0,2.0,35.0
-0.194,-0.114,0.08,59.0,11.0,2.0,35.0
-0.185,-0.114,0.071,59.0,11.0,2.0,35.0
-0.173,-0.133,0.04,59.0,11.0,2.0,35.0
-0.222,-0.092,0.13,59.0,11.0,2.0,35.0
-0.194,-0.114,0.08,59.0,11.0,2.0,35.0
-0.185,-0.102,0.083,28.0,4.0,0.0,16.0
-0.169,-0.121,0.048,28.0,4.0,0.0,16.0
-0.224,-0.08,0.144,28.0,4.0,0.0,16.0
-0.194,-0.101,0.093,28.0,4.0,0.0,16.0
-0.185,-0.101,0.084,28.0,4.0,0.0,16.0
-0.168,-0.121,0.047,28.0,4.0,0.0,16.0
-0.224,-0.079,0.145,28.0,4.0,0.0,16.0
-0.194,-0.1,0.094,28.0,4.0,0.0,16.0
-0.185,-0.102,0.083,28.0,4.0,0.0,16.0
-0.169,-0.121,0.048,28.0,4.0,0.0,16.0
-0.224,-0.08,0.144,28.0,4.0,0.0,16.0
-0.194,-0.101,0.093,28.0,4.0,0.0,16.0
-0.185,-0.103,0.082,28.0,4.0,0.0,16.0
-0.169,-0.123,0.046,28.0,4.0,0.0,16.0
-0.224,-0.081,0.143,28.0,4.0,0.0,16.0
-0.194,-0.102,0.092,28.0,4.0,0.0,16.0
-0.185,-0.103,0.082,28.0,4.0,0.0,16.0
-0.169,-0.123,0.046,28.0,4.0,0.0,16.0
-0.224,-0.081,0.143,28.0,4.0,0.0,16.0
-0.194,-0.102,0.092,28.0,4.0,0.0,16.0
-0.185,-0.101,0.084,28.0,4.0,0.0,16.0
-0.168,-0.121,0.047,28.0,4.0,0.0,16.0
-0.224,-0.079,0.145,28.0,4.0,0.0,16.0
-0.194,-0.1,0.094,28.0,4.0,0.0,16.0
-0.185,-0.102,0.083,28.0,4.0,0.0,16.0
-0.169,-0.122,0.047,28.0,4.0,0.0,16.0
-0.224,-0.08,0.144,28.0,4.0,0.0,16.0
-0.194,-0.101,0.093,28.0,4.0,0.0,16.0
-0.185,-0.103,0.082,28.0,4.0,0.0,16.0
-0.169,-0.122,0.047,28.0,4.0,0.0,16.0
-0.224,-0.081,0.143,28.0,4.0,0.0,16.0
-0.194,-0.102,0.092,28.0,4.0,0.0,16.0
-0.185,-0.102,0.083,28.0,4.0,0.0,16.0
-0.168,-0.121,0.047,28.0,4.0,0.0,16.0
-0.224,-0.08,0.144,28.0,4.0,0.0,16.0
-0.194,-0.101,0.093,28.0,4.0,0.0,16.0
-0.185,-0.101,0.084,28.0,4.0,0.0,16.0
-0.168,-0.121,0.047,28.0,4.0,0.0,16.0
-0.224,-0.079,0.145,28.0,4.0,0.0,16.0
-0.194,-0.1,0.094,28.0,4.0,0.0,16.0
-0.185,-0.103,0.082,28.0,4.0,0.0,16.0
-0.169,-0.122,0.047,28.0,4.0,0.0,16.0
-0.224,-0.08,0.144,28.0,4.0,0.0,16.0
-0.194,-0.102,0.092,28.0,4.0,0.0,16.0
-0.185,-0.103,0.082,28.0,4.0,0.0,16.0
-0.169,-0.123,0.046,28.0,4.0,0.0,16.0
-0.224,-0.081,0.143,28.0,4.0,0.0,16.0
-0.194,-0.102,0.092,28.0,4.0,0.0,16.0
-0.18,-0.121,0.059,37.0,0.0,0.0,50.0
-0.167,-0.138,0.029,37.0,0.0,0.0,50.0
-0.218,-0.101,0.117,37.0,0.0,0.0,50.0
-0.189,-0.122,0.067,37.0,0.0,0.0,50.0
-0.18,-0.121,0.059,37.0,0.0,0.0,50.0
-0.167,-0.138,0.029,37.0,0.0,0.0,50.0
-0.218,-0.101,0.117,37.0,0.0,0.0,50.0
-0.189,-0.122,0.067,37.0,0.0,0.0,50.0
-0.18,-0.121,0.059,37.0,0.0,0.0,50.0
-0.167,-0.137,0.03,37.0,0.0,0.0,50.0
-0.219,-0.101,0.118,37.0,0.0,0.0,50.0
-0.189,-0.121,0.068,37.0,0.0,0.0,50.0
-0.181,-0.121,0.06,37.0,0.0,0.0,50.0
-0.167,-0.138,0.029,37.0,0.0,0.0,50.0
-0.219,-0.101,0.118,37.0,0.0,0.0,50.0
-0.19,-0.122,0.068,37.0,0.0,0.0,50.0
-0.18,-0.121,0.059,37.0,0.0,0.0,50.0
-0.167,-0.138,0.029,37.0,0.0,0.0,50.0
-0.218,-0.101,0.117,37.0,0.0,0.0,50.0
-0.189,-0.122,0.067,37.0,0.0,0.0,50.0
-0.18,-0.121,0.059,37.0,0.0,0.0,50.0
-0.167,-0.138,0.029,37.0,0.0,0.0,50.0
-0.218,-0.101,0.117,37.0,0.0,0.0,50.0
-0.189,-0.122,0.067,37.0,0.0,0.0,50.0
-0.18,-0.121,0.059,37.0,0.0,0.0,50.0
-0.167,-0.138,0.029,37.0,0.0,0.0,50.0
-0.218,-0.102,0.116,37.0,0.0,0.0,50.0
-0.189,-0.122,0.067,37.0,0.0,0.0,50.0
-0.18,-0.121,0.059,37.0,0.0,0.0,50.0
-0.167,-0.138,0.029,37.0,0.0,0.0,50.0
-0.219,-0.101,0.118,37.0,0.0,0.0,50.0
-0.189,-0.122,0.067,37.0,0.0,0.0,50.0
-0.18,-0.121,0.059,37.0,0.0,0.0,50.0
-0.167,-0.138,0.029,37.0,0.0,0.0,50.0
-0.219,-0.101,0.118,37.0,0.0,0.0,50.0
-0.19,-0.122,0.068,37.0,0.0,0.0,50.0
-0.18,-0.121,0.059,37.0,0.0,0.0,50.0
-0.167,-0.138,0.029,37.0,0.0,0.0,50.0
-0.218,-0.101,0.117,37.0,0.0,0.0,50.0
-0.189,-0.122,0.067,37.0,0.0,0.0,50.0
-0.18,-0.121,0.059,37.0,0.0,0.0,50.0
-0.167,-0.138,0.029,37.0,0.0,0.0,50.0
-0.218,-0.101,0.117,37.0,0.0,0.0,50.0
-0.189,-0.122,0.067,37.0,0.0,0.0,50.0
-0.18,-0.121,0.059,37.0,0.0,0.0,50.0
-0.167,-0.138,0.029,37.0,0.0,0.0,50.0
-0.219,-0.101,0.118,37.0,0.0,0.0,50.0
-0.189,-0.122,0.067,37.0,0.0,0.0,50.0
-0.18,-0.121,0.059,37.0,0.0,0.0,50.0
-0.167,-0.138,0.029,37.0,0.0,0.0,50.0
-0.218,-0.101,0.117,37.0,0.0,0.0,50.0
-0.189,-0.122,0.067,37.0,0.0,0.0,50.0
-0.18,-0.121,0.059,37.0,0.0,0.0,50.0
-0.167,-0.138,0.029,37.0,0.0,0.0,50.0
-0.219,-0.101,0.118,37.0,0.0,0.0,50.0
-0.189,-0.121,0.068,37.0,0.0,0.0,50.0
-0.18,-0.121,0.059,37.0,0.0,0.0,50.0
-0.167,-0.138,0.029,37.0,0.0,0.0,50.0
-0.219,-0.101,0.118,37.0,0.0,0.0,50.0
-0.19,-0.122,0.068,37.0,0.0,0.0,50.0
-0.18,-0.121,0.059,37.0,0.0,0.0,50.0
-0.167,-0.138,0.029,37.0,0.0,0.0,50.0
-0.218,-0.101,0.117,37.0,0.0,0.0,50.0
-0.189,-0.122,0.067,37.0,0.0,0.0,50.0
-0.18,-0.121,0.059,37.0,0.0,0.0,50.0
-0.167,-0.138,0.029,37.0,0.0,0.0,50.0
-0.218,-0.101,0.117,37.0,0.0,0.0,50.0
-0.189,-0.122,0.067,37.0,0.0,0.0,50.0
-0.188,-0.068,0.12,24.0,0.0,0.0,23.0
-0.169,-0.09,0.079,24.0,0.0,0.0,23.0
-0.23,-0.042,0.188,24.0,0.0,0.0,23.0
-0.198,-0.066,0.132,24.0,0.0,0.0,23.0
-0.19,-0.07,0.12,24.0,0.0,0.0,23.0
-0.171,-0.093,0.078,24.0,0.0,0.0,23.0
-0.232,-0.045,0.187,24.0,0.0,0.0,23.0
-0.199,-0.069,0.13,24.0,0.0,0.0,23.0
-0.186,-0.068,0.118,24.0,0.0,0.0,23.0
-0.167,-0.09,0.077,24.0,0.0,0.0,23.0
-0.228,-0.042,0.186,24.0,0.0,0.0,23.0
-0.195,-0.066,0.129,24.0,0.0,0.0,23.0
-0.189,-0.068,0.121,24.0,0.0,0.0,23.0
-0.17,-0.091,0.079,24.0,0.0,0.0,23.0
-0.231,-0.043,0.188,24.0,0.0,0.0,23.0
-0.199,-0.067,0.132,24.0,0.0,0.0,23.0
-0.19,-0.071,0.119,24.0,0.0,0.0,23.0
-0.171,-0.093,0.078,24.0,0.0,0.0,23.0
-0.232,-0.045,0.187,24.0,0.0,0.0,23.0
-0.2,-0.07,0.13,24.0,0.0,0.0,23.0
-0.183,-0.067,0.116,24.0,0.0,0.0,23.0
-0.163,-0.09,0.073,24.0,0.0,0.0,23.0
-0.225,-0.042,0.183,24.0,0.0,0.0,23.0
-0.192,-0.066,0.126,24.0,0.0,0.0,23.0
-0.189,-0.068,0.121,24.0,0.0,0.0,23.0
-0.17,-0.091,0.079,24.0,0.0,0.0,23.0
-0.231,-0.042,0.189,24.0,0.0,0.0,23.0
-0.198,-0.067,0.131,24.0,0.0,0.0,23.0
-0.189,-0.068,0.121,24.0,0.0,0.0,23.0
-0.17,-0.091,0.079,24.0,0.0,0.0,23.0
-0.231,-0.042,0.189,24.0,0.0,0.0,23.0
-0.198,-0.067,0.131,24.0,0.0,0.0,23.0
-0.19,-0.071,0.119,24.0,0.0,0.0,23.0
-0.171,-0.093,0.078,24.0,0.0,0.0,23.0
-0.233,-0.046,0.187,24.0,0.0,0.0,23.0
-0.2,-0.07,0.13,24.0,0.0,0.0,23.0
-0.189,-0.071,0.118,24.0,0.0,0.0,23.0
-0.17,-0.094,0.076,24.0,0.0,0.0,23.0
-0.231,-0.046,0.185,24.0,0.0,0.0,23.0
-0.198,-0.07,0.128,24.0,0.0,0.0,23.0
-0.191,-0.071,0.12,24.0,0.0,0.0,23.0
-0.172,-0.094,0.078,24.0,0.0,0.0,23.0
-0.233,-0.046,0.187,24.0,0.0,0.0,23.0
-0.2,-0.07,0.13,24.0,0.0,0.0,23.0
-0.189,-0.071,0.118,24.0,0.0,0.0,23.0
-0.17,-0.094,0.076,24.0,0.0,0.0,23.0
-0.231,-0.046,0.185,24.0,0.0,0.0,23.0
-0.199,-0.07,0.129,24.0,0.0,0.0,23.0
-0.188,-0.068,0.12,24.0,0.0,0.0,23.0
-0.169,-0.09,0.079,24.0,0.0,0.0,23.0
-0.23,-0.042,0.188,24.0,0.0,0.0,23.0
-0.197,-0.066,0.131,24.0,0.0,0.0,23.0
-0.189,-0.07,0.119,24.0,0.0,0.0,23.0
-0.17,-0.092,0.078,24.0,0.0,0.0,23.0
-0.231,-0.044,0.187,24.0,0.0,0.0,23.0
-0.198,-0.069,0.129,24.0,0.0,0.0,23.0
-0.186,-0.068,0.118,24.0,0.0,0.0,23.0
-0.167,-0.091,0.076,24.0,0.0,0.0,23.0
-0.228,-0.043,0.185,24.0,0.0,0.0,23.0
-0.195,-0.067,0.128,24.0,0.0,0.0,23.0
-0.193,-0.114,0.079,20.0,0.0,0.0,35.0
-0.178,-0.134,0.044,20.0,0.0,0.0,35.0
-0.234,-0.09,0.144,20.0,0.0,0.0,35.0
-0.203,-0.113,0.09,20.0,0.0,0.0,35.0
-0.194,-0.114,0.08,20.0,0.0,0.0,35.0
-0.178,-0.134,0.044,20.0,0.0,0.0,35.0
-0.235,-0.09,0.145,20.0,0.0,0.0,35.0
-0.203,-0.114,0.089,20.0,0.0,0.0,35.0
-0.194,-0.114,0.08,20.0,0.0,0.0,35.0
-0.179,-0.134,0.045,20.0,0.0,0.0,35.0
-0.235,-0.09,0.145,20.0,0.0,0.0,35.0
-0.203,-0.114,0.089,20.0,0.0,0.0,35.0
-0.194,-0.114,0.08,20.0,0.0,0.0,35.0
-0.179,-0.135,0.044,20.0,0.0,0.0,35.0
-0.235,-0.091,0.144,20.0,0.0,0.0,35.0
-0.204,-0.114,0.09,20.0,0.0,0.0,35.0
-0.194,-0.114,0.08,20.0,0.0,0.0,35.0
-0.179,-0.135,0.044,20.0,0.0,0.0,35.0
-0.235,-0.091,0.144,20.0,0.0,0.0,35.0
-0.204,-0.114,0.09,20.0,0.0,0.0,35.0
-0.194,-0.114,0.08,20.0,0.0,0.0,35.0
-0.179,-0.134,0.045,20.0,0.0,0.0,35.0
-0.235,-0.09,0.145,20.0,0.0,0.0,35.0
-0.203,-0.114,0.089,20.0,0.0,0.0,35.0
-0.194,-0.114,0.08,20.0,0.0,0.0,35.0
-0.178,-0.134,0.044,20.0,0.0,0.0,35.0
-0.235,-0.09,0.145,20.0,0.0,0.0,35.0
-0.203,-0.114,0.089,20.0,0.0,0.0,35.0
-0.194,-0.114,0.08,20.0,0.0,0.0,35.0
-0.178,-0.134,0.044,20.0,0.0,0.0,35.0
-0.235,-0.09,0.145,20.0,0.0,0.0,35.0
-0.203,-0.113,0.09,20.0,0.0,0.0,35.0
-0.194,-0.114,0.08,20.0,0.0,0.0,35.0
-0.179,-0.134,0.045,20.0,0.0,0.0,35.0
-0.235,-0.09,0.145,20.0,0.0,0.0,35.0
-0.203,-0.114,0.089,20.0,0.0,0.0,35.0
-0.194,-0.114,0.08,20.0,0.0,0.0,35.0
-0.178,-0.134,0.044,20.0,0.0,0.0,35.0
-0.234,-0.09,0.144,20.0,0.0,0.0,35.0
-0.203,-0.114,0.089,20.0,0.0,0.0,35.0
-0.194,-0.114,0.08,20.0,0.0,0.0,35.0
-0.178,-0.134,0.044,20.0,0.0,0.0,35.0
-0.235,-0.09,0.145,20.0,0.0,0.0,35.0
-0.203,-0.114,0.089,20.0,0.0,0.0,35.0
-0.194,-0.114,0.08,20.0,0.0,0.0,35.0
-0.178,-0.134,0.044,20.0,0.0,0.0,35.0
-0.234,-0.09,0.144,20.0,0.0,0.0,35.0
-0.203,-0.113,0.09,20.0,0.0,0.0,35.0
-0.194,-0.114,0.08,20.0,0.0,0.0,35.0
-0.178,-0.134,0.044,20.0,0.0,0.0,35.0
-0.235,-0.09,0.145,20.0,0.0,0.0,35.0
-0.203,-0.113,0.09,20.0,0.0,0.0,35.0
-0.194,-0.114,0.08,20.0,0.0,0.0,35.0
-0.179,-0.135,0.044,20.0,0.0,0.0,35.0
-0.235,-0.09,0.145,20.0,0.0,0.0,35.0
-0.203,-0.114,0.089,20.0,0.0,0.0,35.0
-0.194,-0.114,0.08,20.0,0.0,0.0,35.0
-0.178,-0.134,0.044,20.0,0.0,0.0,35.0
-0.235,-0.09,0.145,20.0,0.0,0.0,35.0
-0.203,-0.113,0.09,20.0,0.0,0.0,35.0
-0.194,-0.114,0.08,20.0,0.0,0.0,35.0
-0.179,-0.134,0.045,20.0,0.0,0.0,35.0
-0.235,-0.091,0.144,20.0,0.0,0.0,35.0
-0.204,-0.114,0.09,20.0,0.0,0.0,35.0
-0.187,-0.093,0.094,36.0,5.0,0.0,25.0
-0.168,-0.113,0.055,36.0,5.0,0.0,25.0
-0.228,-0.07,0.158,36.0,5.0,0.0,25.0
-0.196,-0.092,0.104,36.0,5.0,0.0,25.0
-0.192,-0.095,0.097,36.0,5.0,0.0,25.0
-0.175,-0.114,0.061,36.0,5.0,0.0,25.0
-0.233,-0.071,0.162,36.0,5.0,0.0,25.0
-0.202,-0.094,0.108,36.0,5.0,0.0,25.0
-0.191,-0.096,0.095,36.0,5.0,0.0,25.0
-0.173,-0.116,0.057,36.0,5.0,0.0,25.0
-0.232,-0.073,0.159,36.0,5.0,0.0,25.0
-0.2,-0.095,0.105,36.0,5.0,0.0,25.0
-0.191,-0.096,0.095,36.0,5.0,0.0,25.0
-0.174,-0.115,0.059,36.0,5.0,0.0,25.0
-0.232,-0.072,0.16,36.0,5.0,0.0,25.0
-0.201,-0.095,0.106,36.0,5.0,0.0,25.0
-0.185,-0.094,0.091,36.0,5.0,0.0,25.0
-0.167,-0.114,0.053,36.0,5.0,0.0,25.0
-0.226,-0.071,0.155,36.0,5.0,0.0,25.0
-0.194,-0.093,0.101,36.0,5.0,0.0,25.0
-0.19,-0.096,0.094,36.0,5.0,0.0,25.0
-0.173,-0.116,0.057,36.0,5.0,0.0,25.0
-0.231,-0.073,0.158,36.0,5.0,0.0,25.0
-0.2,-0.095,0.105,36.0,5.0,0.0,25.0
-0.191,-0.096,0.095,36.0,5.0,0.0,25.0
-0.173,-0.116,0.057,36.0,5.0,0.0,25.0
-0.231,-0.073,0.158,36.0,5.0,0.0,25.0
-0.2,-0.096,0.104,36.0,5.0,0.0,25.0
-0.186,-0.093,0.093,36.0,5.0,0.0,25.0
-0.167,-0.112,0.055,36.0,5.0,0.0,25.0
-0.227,-0.07,0.157,36.0,5.0,0.0,25.0
-0.195,-0.092,0.103,36.0,5.0,0.0,25.0
-0.191,-0.096,0.095,36.0,5.0,0.0,25.0
-0.173,-0.116,0.057,36.0,5.0,0.0,25.0
-0.231,-0.073,0.158,36.0,5.0,0.0,25.0
-0.2,-0.096,0.104,36.0,5.0,0.0,25.0
-0.186,-0.094,0.092,36.0,5.0,0.0,25.0
-0.168,-0.113,0.055,36.0,5.0,0.0,25.0
-0.226,-0.071,0.155,36.0,5.0,0.0,25.0
-0.195,-0.093,0.102,36.0,5.0,0.0,25.0
-0.191,-0.096,0.095,36.0,5.0,0.0,25.0
-0.173,-0.116,0.057,36.0,5.0,0.0,25.0
-0.232,-0.073,0.159,36.0,5.0,0.0,25.0
-0.2,-0.095,0.105,36.0,5.0,0.0,25.0
-0.187,-0.093,0.094,36.0,5.0,0.0,25.0
-0.169,-0.113,0.056,36.0,5.0,0.0,25.0
-0.228,-0.07,0.158,36.0,5.0,0.0,25.0
-0.196,-0.092,0.104,36.0,5.0,0.0,25.0
-0.19,-0.095,0.095,36.0,5.0,0.0,25.0
-0.173,-0.115,0.058,36.0,5.0,0.0,25.0
-0.231,-0.072,0.159,36.0,5.0,0.0,25.0
-0.2,-0.095,0.105,36.0,5.0,0.0,25.0
-0.196,-0.095,0.101,19.0,1.0,0.0,23.0
-0.178,-0.117,0.061,19.0,1.0,0.0,23.0
-0.237,-0.069,0.168,19.0,1.0,0.0,23.0
-0.206,-0.093,0.113,19.0,1.0,0.0,23.0
-0.195,-0.094,0.101,19.0,1.0,0.0,23.0
-0.177,-0.116,0.061,19.0,1.0,0.0,23.0
-0.236,-0.068,0.168,19.0,1.0,0.0,23.0
-0.205,-0.093,0.112,19.0,1.0,0.0,23.0
-0.195,-0.094,0.101,19.0,1.0,0.0,23.0
-0.177,-0.116,0.061,19.0,1.0,0.0,23.0
-0.236,-0.068,0.168,19.0,1.0,0.0,23.0
-0.204,-0.092,0.112,19.0,1.0,0.0,23.0
-0.195,-0.094,0.101,19.0,1.0,0.0,23.0
-0.177,-0.116,0.061,19.0,1.0,0.0,23.0
-0.236,-0.068,0.168,19.0,1.0,0.0,23.0
-0.205,-0.093,0.112,19.0,1.0,0.0,23.0
-0.197,-0.095,0.102,19.0,1.0,0.0,23.0
-0.179,-0.117,0.062,19.0,1.0,0.0,23.0
-0.239,-0.069,0.17,19.0,1.0,0.0,23.0
-0.207,-0.094,0.113,19.0,1.0,0.0,23.0
-0.193,-0.095,0.098,19.0,1.0,0.0,23.0
-0.176,-0.117,0.059,19.0,1.0,0.0,23.0
-0.234,-0.069,0.165,19.0,1.0,0.0,23.0
-0.203,-0.094,0.109,19.0,1.0,0.0,23.0
-0.178,-0.088,0.09,51.0,0.0,0.0,56.0
-0.162,-0.107,0.055,51.0,0.0,0.0,56.0
-0.219,-0.064,0.155,51.0,0.0,0.0,56.0
-0.187,-0.087,0.1,51.0,0.0,0.0,56.0
-0.179,-0.087,0.092,51.0,0.0,0.0,56.0
-0.163,-0.106,0.057,51.0,0.0,0.0,56.0
-0.22,-0.063,0.157,51.0,0.0,0.0,56.0
-0.188,-0.086,0.102,51.0,0.0,0.0,56.0
-0.179,-0.088,0.091,51.0,0.0,0.0,56.0
-0.163,-0.108,0.055,51.0,0.0,0.0,56.0
-0.22,-0.064,0.156,51.0,0.0,0.0,56.0
-0.188,-0.087,0.101,51.0,0.0,0.0,56.0
-0.179,-0.087,0.092,51.0,0.0,0.0,56.0
-0.163,-0.107,0.056,51.0,0.0,0.0,56.0
-0.22,-0.064,0.156,51.0,0.0,0.0,56.0
-0.188,-0.086,0.102,51.0,0.0,0.0,56.0
-0.179,-0.088,0.091,51.0,0.0,0.0,56.0
-0.162,-0.108,0.054,51.0,0.0,0.0,56.0
-0.22,-0.065,0.155,51.0,0.0,0.0,56.0
-0.188,-0.087,0.101,51.0,0.0,0.0,56.0
-0.179,-0.088,0.091,51.0,0.0,0.0,56.0
-0.162,-0.108,0.054,51.0,0.0,0.0,56.0
-0.22,-0.065,0.155,51.0,0.0,0.0,56.0
-0.188,-0.088,0.1,51.0,0.0,0.0,56.0
-0.179,-0.087,0.092,51.0,0.0,0.0,56.0
-0.163,-0.107,0.056,51.0,0.0,0.0,56.0
-0.22,-0.064,0.156,51.0,0.0,0.0,56.0
-0.188,-0.086,0.102,51.0,0.0,0.0,56.0
-0.181,-0.088,0.093,51.0,0.0,0.0,56.0
-0.164,-0.109,0.055,51.0,0.0,0.0,56.0
-0.222,-0.065,0.157,51.0,0.0,0.0,56.0
-0.189,-0.088,0.101,51.0,0.0,0.0,56.0
-0.18,-0.088,0.092,51.0,0.0,0.0,56.0
-0.163,-0.108,0.055,51.0,0.0,0.0,56.0
-0.221,-0.064,0.157,51.0,0.0,0.0,56.0
-0.189,-0.087,0.102,51.0,0.0,0.0,56.0
-0.181,-0.088,0.093,51.0,0.0,0.0,56.0
-0.164,-0.109,0.055,51.0,0.0,0.0,56.0
-0.222,-0.065,0.157,51.0,0.0,0.0,56.0
-0.19,-0.088,0.102,51.0,0.0,0.0,56.0
-0.179,-0.088,0.091,51.0,0.0,0.0,56.0
-0.162,-0.108,0.054,51.0,0.0,0.0,56.0
-0.219,-0.065,0.154,51.0,0.0,0.0,56.0
-0.188,-0.087,0.101,51.0,0.0,0.0,56.0
-0.179,-0.087,0.092,51.0,0.0,0.0,56.0
-0.163,-0.108,0.055,51.0,0.0,0.0,56.0
-0.22,-0.064,0.156,51.0,0.0,0.0,56.0
-0.188,-0.087,0.101,51.0,0.0,0.0,56.0
-0.18,-0.087,0.093,51.0,0.0,0.0,56.0
-0.163,-0.107,0.056,51.0,0.0,0.0,56.0
-0.221,-0.064,0.157,51.0,0.0,0.0,56.0
-0.189,-0.086,0.103,51.0,0.0,0.0,56.0
-0.179,-0.088,0.091,51.0,0.0,0.0,56.0
-0.162,-0.108,0.054,51.0,0.0,0.0,56.0
-0.22,-0.065,0.155,51.0,0.0,0.0,56.0
-0.188,-0.087,0.101,51.0,0.0,0.0,56.0
-0.178,-0.087,0.091,51.0,0.0,0.0,56.0
-0.162,-0.107,0.055,51.0,0.0,0.0,56.0
-0.219,-0.064,0.155,51.0,0.0,0.0,56.0
-0.187,-0.087,0.1,51.0,0.0,0.0,56.0
-0.178,-0.088,0.09,51.0,0.0,0.0,56.0
-0.162,-0.107,0.055,51.0,0.0,0.0,56.0
-0.219,-0.064,0.155,51.0,0.0,0.0,56.0
-0.187,-0.087,0.1,51.0,0.0,0.0,56.0
-0.182,-0.093,0.089,31.0,0.0,0.0,30.0
-0.167,-0.112,0.055,31.0,0.0,0.0,30.0
-0.223,-0.069,0.154,31.0,0.0,0.0,30.0
-0.192,-0.092,0.1,31.0,0.0,0.0,30.0
-0.183,-0.092,0.091,31.0,0.0,0.0,30.0
-0.167,-0.112,0.055,31.0,0.0,0.0,30.0
-0.223,-0.069,0.154,31.0,0.0,0.0,30.0
-0.192,-0.092,0.1,31.0,0.0,0.0,30.0
-0.183,-0.092,0.091,31.0,0.0,0.0,30.0
-0.167,-0.112,0.055,31.0,0.0,0.0,30.0
-0.224,-0.068,0.156,31.0,0.0,0.0,30.0
-0.192,-0.091,0.101,31.0,0.0,0.0,30.0
-0.183,-0.092,0.091,31.0,0.0,0.0,30.0
-0.167,-0.112,0.055,31.0,0.0,0.0,30.0
-0.224,-0.068,0.156,31.0,0.0,0.0,30.0
-0.192,-0.091,0.101,31.0,0.0,0.0,30.0
-0.183,-0.092,0.091,31.0,0.0,0.0,30.0
-0.167,-0.112,0.055,31.0,0.0,0.0,30.0
-0.224,-0.069,0.155,31.0,0.0,0.0,30.0
-0.192,-0.092,0.1,31.0,0.0,0.0,30.0
-0.183,-0.092,0.091,31.0,0.0,0.0,30.0
-0.167,-0.112,0.055,31.0,0.0,0.0,30.0
-0.224,-0.068,0.156,31.0,0.0,0.0,30.0
-0.192,-0.092,0.1,31.0,0.0,0.0,30.0
-0.183,-0.092,0.091,31.0,0.0,0.0,30.0
-0.167,-0.112,0.055,31.0,0.0,0.0,30.0
-0.224,-0.068,0.156,31.0,0.0,0.0,30.0
-0.193,-0.092,0.101,31.0,0.0,0.0,30.0
-0.182,-0.093,0.089,31.0,0.0,0.0,30.0
-0.167,-0.112,0.055,31.0,0.0,0.0,30.0
-0.223,-0.069,0.154,31.0,0.0,0.0,30.0
-0.192,-0.092,0.1,31.0,0.0,0.0,30.0
-0.184,-0.091,0.093,31.0,0.0,0.0,30.0
-0.168,-0.111,0.057,31.0,0.0,0.0,30.0
-0.226,-0.067,0.159,31.0,0.0,0.0,30.0
-0.194,-0.09,0.104,31.0,0.0,0.0,30.0
-0.182,-0.092,0.09,31.0,0.0,0.0,30.0
-0.167,-0.112,0.055,31.0,0.0,0.0,30.0
-0.223,-0.069,0.154,31.0,0.0,0.0,30.0
-0.192,-0.092,0.1,31.0,0.0,0.0,30.0
-0.182,-0.093,0.089,31.0,0.0,0.0,30.0
-0.167,-0.112,0.055,31.0,0.0,0.0,30.0
-0.223,-0.069,0.154,31.0,0.0,0.0,30.0
-0.192,-0.092,0.1,31.0,0.0,0.0,30.0
-0.183,-0.093,0.09,31.0,0.0,0.0,30.0
-0.167,-0.112,0.055,31.0,0.0,0.0,30.0
-0.223,-0.069,0.154,31.0,0.0,0.0,30.0
-0.192,-0.092,0.1,31.0,0.0,0.0,30.0
-0.183,-0.092,0.091,31.0,0.0,0.0,30.0
-0.167,-0.112,0.055,31.0,0.0,0.0,30.0
-0.223,-0.068,0.155,31.0,0.0,0.0,30.0
-0.192,-0.091,0.101,31.0,0.0,0.0,30.0
-0.183,-0.092,0.091,31.0,0.0,0.0,30.0
-0.167,-0.112,0.055,31.0,0.0,0.0,30.0
-0.224,-0.068,0.156,31.0,0.0,0.0,30.0
-0.192,-0.091,0.101,31.0,0.0,0.0,30.0
-0.186,-0.096,0.09,55.0,0.0,0.0,64.0
-0.17,-0.118,0.052,55.0,0.0,0.0,64.0
-0.227,-0.072,0.155,55.0,0.0,0.0,64.0
-0.195,-0.096,0.099,55.0,0.0,0.0,64.0
-0.186,-0.096,0.09,55.0,0.0,0.0,64.0
-0.17,-0.118,0.052,55.0,0.0,0.0,64.0
-0.228,-0.072,0.156,55.0,0.0,0.0,64.0
-0.195,-0.095,0.1,55.0,0.0,0.0,64.0
-0.186,-0.096,0.09,55.0,0.0,0.0,64.0
-0.17,-0.118,0.052,55.0,0.0,0.0,64.0
-0.227,-0.072,0.155,55.0,0.0,0.0,64.0
-0.195,-0.096,0.099,55.0,0.0,0.0,64.0
-0.186,-0.096,0.09,55.0,0.0,0.0,64.0
-0.17,-0.118,0.052,55.0,0.0,0.0,64.0
-0.228,-0.072,0.156,55.0,0.0,0.0,64.0
-0.195,-0.096,0.099,55.0,0.0,0.0,64.0
-0.186,-0.096,0.09,55.0,0.0,0.0,64.0
-0.17,-0.118,0.052,55.0,0.0,0.0,64.0
-0.227,-0.072,0.155,55.0,0.0,0.0,64.0
-0.195,-0.096,0.099,55.0,0.0,0.0,64.0
-0.186,-0.096,0.09,55.0,0.0,0.0,64.0
-0.17,-0.118,0.052,55.0,0.0,0.0,64.0
-0.227,-0.072,0.155,55.0,0.0,0.0,64.0
-0.195,-0.096,0.099,55.0,0.0,0.0,64.0
-0.186,-0.096,0.09,55.0,0.0,0.0,64.0
-0.17,-0.118,0.052,55.0,0.0,0.0,64.0
-0.228,-0.071,0.157,55.0,0.0,0.0,64.0
-0.196,-0.095,0.101,55.0,0.0,0.0,64.0
-0.186,-0.096,0.09,55.0,0.0,0.0,64.0
-0.17,-0.118,0.052,55.0,0.0,0.0,64.0
-0.228,-0.072,0.156,55.0,0.0,0.0,64.0
-0.196,-0.095,0.101,55.0,0.0,0.0,64.0
-0.186,-0.096,0.09,55.0,0.0,0.0,64.0
-0.17,-0.118,0.052,55.0,0.0,0.0,64.0
-0.227,-0.073,0.154,55.0,0.0,0.0,64.0
-0.195,-0.096,0.099,55.0,0.0,0.0,64.0
-0.186,-0.097,0.089,55.0,0.0,0.0,64.0
-0.17,-0.118,0.052,55.0,0.0,0.0,64.0
-0.227,-0.072,0.155,55.0,0.0,0.0,64.0
-0.195,-0.096,0.099,55.0,0.0,0.0,64.0
-0.186,-0.096,0.09,55.0,0.0,0.0,64.0
-0.17,-0.118,0.052,55.0,0.0,0.0,64.0
-0.227,-0.072,0.155,55.0,0.0,0.0,64.0
-0.195,-0.096,0.099,55.0,0.0,0.0,64.0
-0.185,-0.097,0.088,55.0,0.0,0.0,64.0
-0.169,-0.119,0.05,55.0,0.0,0.0,64.0
-0.226,-0.073,0.153,55.0,0.0,0.0,64.0
-0.194,-0.097,0.097,55.0,0.0,0.0,64.0
-0.186,-0.097,0.089,55.0,0.0,0.0,64.0
-0.17,-0.119,0.051,55.0,0.0,0.0,64.0
-0.227,-0.073,0.154,55.0,0.0,0.0,64.0
-0.195,-0.096,0.099,55.0,0.0,0.0,64.0
-0.186,-0.096,0.09,55.0,0.0,0.0,64.0
-0.17,-0.118,0.052,55.0,0.0,0.0,64.0
-0.227,-0.072,0.155,55.0,0.0,0.0,64.0
-0.195,-0.096,0.099,55.0,0.0,0.0,64.0
-0.18,-0.104,0.076,17.0,0.0,0.0,33.0
-0.166,-0.124,0.042,17.0,0.0,0.0,33.0
-0.22,-0.082,0.138,17.0,0.0,0.0,33.0
-0.19,-0.104,0.086,17.0,0.0,0.0,33.0
-0.18,-0.104,0.076,17.0,0.0,0.0,33.0
-0.166,-0.124,0.042,17.0,0.0,0.0,33.0
-0.22,-0.082,0.138,17.0,0.0,0.0,33.0
-0.19,-0.104,0.086,17.0,0.0,0.0,33.0
-0.18,-0.104,0.076,17.0,0.0,0.0,33.0
-0.166,-0.124,0.042,17.0,0.0,0.0,33.0
-0.22,-0.082,0.138,17.0,0.0,0.0,33.0
-0.19,-0.104,0.086,17.0,0.0,0.0,33.0
-0.18,-0.104,0.076,17.0,0.0,0.0,33.0
-0.166,-0.124,0.042,17.0,0.0,0.0,33.0
-0.22,-0.082,0.138,17.0,0.0,0.0,33.0
-0.19,-0.104,0.086,17.0,0.0,0.0,33.0
-0.18,-0.104,0.076,17.0,0.0,0.0,33.0
-0.166,-0.124,0.042,17.0,0.0,0.0,33.0
-0.22,-0.082,0.138,17.0,0.0,0.0,33.0
-0.19,-0.104,0.086,17.0,0.0,0.0,33.0
-0.18,-0.104,0.076,17.0,0.0,0.0,33.0
-0.166,-0.124,0.042,17.0,0.0,0.0,33.0
-0.22,-0.082,0.138,17.0,0.0,0.0,33.0
-0.19,-0.104,0.086,17.0,0.0,0.0,33.0
-0.18,-0.104,0.076,17.0,0.0,0.0,33.0
-0.166,-0.124,0.042,17.0,0.0,0.0,33.0
-0.22,-0.082,0.138,17.0,0.0,0.0,33.0
-0.19,-0.104,0.086,17.0,0.0,0.0,33.0
-0.18,-0.103,0.077,17.0,0.0,0.0,33.0
-0.166,-0.123,0.043,17.0,0.0,0.0,33.0
-0.221,-0.081,0.14,17.0,0.0,0.0,33.0
-0.19,-0.103,0.087,17.0,0.0,0.0,33.0
-0.18,-0.104,0.076,17.0,0.0,0.0,33.0
-0.166,-0.124,0.042,17.0,0.0,0.0,33.0
-0.22,-0.082,0.138,17.0,0.0,0.0,33.0
-0.19,-0.104,0.086,17.0,0.0,0.0,33.0
-0.18,-0.104,0.076,17.0,0.0,0.0,33.0
-0.166,-0.124,0.042,17.0,0.0,0.0,33.0
-0.22,-0.082,0.138,17.0,0.0,0.0,33.0
-0.19,-0.104,0.086,17.0,0.0,0.0,33.0
-0.18,-0.104,0.076,17.0,0.0,0.0,33.0
-0.166,-0.124,0.042,17.0,0.0,0.0,33.0
-0.22,-0.082,0.138,17.0,0.0,0.0,33.0
-0.19,-0.104,0.086,17.0,0.0,0.0,33.0
-0.18,-0.104,0.076,17.0,0.0,0.0,33.0
-0.166,-0.124,0.042,17.0,0.0,0.0,33.0
-0.22,-0.082,0.138,17.0,0.0,0.0,33.0
-0.19,-0.104,0.086,17.0,0.0,0.0,33.0
-0.18,-0.104,0.076,17.0,0.0,0.0,33.0
-0.166,-0.124,0.042,17.0,0.0,0.0,33.0
-0.22,-0.082,0.138,17.0,0.0,0.0,33.0
-0.19,-0.104,0.086,17.0,0.0,0.0,33.0
-0.18,-0.104,0.076,17.0,0.0,0.0,33.0
-0.166,-0.124,0.042,17.0,0.0,0.0,33.0
-0.22,-0.082,0.138,17.0,0.0,0.0,33.0
-0.19,-0.104,0.086,17.0,0.0,0.0,33.0
-0.178,-0.105,0.073,17.0,0.0,0.0,33.0
-0.164,-0.124,0.04,17.0,0.0,0.0,33.0
-0.218,-0.083,0.135,17.0,0.0,0.0,33.0
-0.188,-0.105,0.083,17.0,0.0,0.0,33.0
-0.18,-0.104,0.076,17.0,0.0,0.0,33.0
-0.166,-0.124,0.042,17.0,0.0,0.0,33.0
-0.22,-0.082,0.138,17.0,0.0,0.0,33.0
-0.19,-0.104,0.086,17.0,0.0,0.0,33.0
-0.18,-0.104,0.076,17.0,0.0,0.0,33.0
-0.166,-0.124,0.042,17.0,0.0,0.0,33.0
-0.22,-0.082,0.138,17.0,0.0,0.0,33.0
-0.19,-0.104,0.086,17.0,0.0,0.0,33.0
-0.185,-0.077,0.108,45.0,0.0,0.0,46.0
-0.166,-0.099,0.067,45.0,0.0,0.0,46.0
-0.227,-0.051,0.176,45.0,0.0,0.0,46.0
-0.193,-0.075,0.118,45.0,0.0,0.0,46.0
-0.185,-0.076,0.109,45.0,0.0,0.0,46.0
-0.166,-0.098,0.068,45.0,0.0,0.0,46.0
-0.227,-0.05,0.177,45.0,0.0,0.0,46.0
-0.194,-0.075,0.119,45.0,0.0,0.0,46.0
-0.186,-0.077,0.109,45.0,0.0,0.0,46.0
-0.167,-0.099,0.068,45.0,0.0,0.0,46.0
-0.228,-0.05,0.178,45.0,0.0,0.0,46.0
-0.194,-0.075,0.119,45.0,0.0,0.0,46.0
-0.186,-0.076,0.11,45.0,0.0,0.0,46.0
-0.167,-0.099,0.068,45.0,0.0,0.0,46.0
-0.228,-0.049,0.179,45.0,0.0,0.0,46.0
-0.195,-0.075,0.12,45.0,0.0,0.0,46.0
-0.185,-0.076,0.109,45.0,0.0,0.0,46.0
-0.166,-0.098,0.068,45.0,0.0,0.0,46.0
-0.228,-0.049,0.179,45.0,0.0,0.0,46.0
-0.194,-0.075,0.119,45.0,0.0,0.0,46.0
-0.184,-0.075,0.109,45.0,0.0,0.0,46.0
-0.165,-0.097,0.068,45.0,0.0,0.0,46.0
-0.226,-0.049,0.177,45.0,0.0,0.0,46.0
-0.193,-0.074,0.119,45.0,0.0,0.0,46.0
-0.185,-0.077,0.108,45.0,0.0,0.0,46.0
-0.166,-0.099,0.067,45.0,0.0,0.0,46.0
-0.227,-0.05,0.177,45.0,0.0,0.0,46.0
-0.193,-0.075,0.118,45.0,0.0,0.0,46.0
-0.185,-0.077,0.108,45.0,0.0,0.0,46.0
-0.166,-0.099,0.067,45.0,0.0,0.0,46.0
-0.228,-0.05,0.178,45.0,0.0,0.0,46.0
-0.194,-0.075,0.119,45.0,0.0,0.0,46.0
-0.184,-0.075,0.109,45.0,0.0,0.0,46.0
-0.165,-0.097,0.068,45.0,0.0,0.0,46.0
-0.226,-0.048,0.178,45.0,0.0,0.0,46.0
-0.193,-0.074,0.119,45.0,0.0,0.0,46.0
-0.185,-0.077,0.108,45.0,0.0,0.0,46.0
-0.166,-0.099,0.067,45.0,0.0,0.0,46.0
-0.227,-0.05,0.177,45.0,0.0,0.0,46.0
-0.194,-0.075,0.119,45.0,0.0,0.0,46.0
-0.185,-0.077,0.108,45.0,0.0,0.0,46.0
-0.166,-0.099,0.067,45.0,0.0,0.0,46.0
-0.227,-0.05,0.177,45.0,0.0,0.0,46.0
-0.193,-0.075,0.118,45.0,0.0,0.0,46.0
-0.186,-0.076,0.11,45.0,0.0,0.0,46.0
-0.167,-0.098,0.069,45.0,0.0,0.0,46.0
-0.228,-0.049,0.179,45.0,0.0,0.0,46.0
-0.195,-0.074,0.121,45.0,0.0,0.0,46.0
-0.186,-0.075,0.111,45.0,0.0,0.0,46.0
-0.167,-0.097,0.07,45.0,0.0,0.0,46.0
-0.228,-0.048,0.18,45.0,0.0,0.0,46.0
-0.195,-0.073,0.122,45.0,0.0,0.0,46.0
-0.185,-0.077,0.108,45.0,0.0,0.0,46.0
-0.166,-0.099,0.067,45.0,0.0,0.0,46.0
-0.227,-0.05,0.177,45.0,0.0,0.0,46.0
-0.194,-0.075,0.119,45.0,0.0,0.0,46.0
-0.18,-0.105,0.075,37.0,0.0,0.0,36.0
-0.166,-0.125,0.041,37.0,0.0,0.0,36.0
-0.22,-0.083,0.137,37.0,0.0,0.0,36.0
-0.189,-0.105,0.084,37.0,0.0,0.0,36.0
-0.18,-0.105,0.075,37.0,0.0,0.0,36.0
-0.166,-0.125,0.041,37.0,0.0,0.0,36.0
-0.22,-0.083,0.137,37.0,0.0,0.0,36.0
-0.189,-0.105,0.084,37.0,0.0,0.0,36.0
-0.18,-0.105,0.075,37.0,0.0,0.0,36.0
-0.166,-0.125,0.041,37.0,0.0,0.0,36.0
-0.22,-0.083,0.137,37.0,0.0,0.0,36.0
-0.189,-0.105,0.084,37.0,0.0,0.0,36.0
-0.18,-0.105,0.075,37.0,0.0,0.0,36.0
-0.166,-0.125,0.041,37.0,0.0,0.0,36.0
-0.22,-0.083,0.137,37.0,0.0,0.0,36.0
-0.189,-0.105,0.084,37.0,0.0,0.0,36.0
-0.18,-0.105,0.075,37.0,0.0,0.0,36.0
-0.166,-0.125,0.041,37.0,0.0,0.0,36.0
-0.22,-0.083,0.137,37.0,0.0,0.0,36.0
-0.189,-0.105,0.084,37.0,0.0,0.0,36.0
-0.18,-0.105,0.075,37.0,0.0,0.0,36.0
-0.166,-0.125,0.041,37.0,0.0,0.0,36.0
-0.22,-0.083,0.137,37.0,0.0,0.0,36.0
-0.189,-0.105,0.084,37.0,0.0,0.0,36.0
-0.18,-0.105,0.075,37.0,0.0,0.0,36.0
-0.166,-0.125,0.041,37.0,0.0,0.0,36.0
-0.22,-0.083,0.137,37.0,0.0,0.0,36.0
-0.189,-0.105,0.084,37.0,0.0,0.0,36.0
-0.18,-0.105,0.075,37.0,0.0,0.0,36.0
-0.166,-0.125,0.041,37.0,0.0,0.0,36.0
-0.22,-0.083,0.137,37.0,0.0,0.0,36.0
-0.189,-0.105,0.084,37.0,0.0,0.0,36.0
-0.184,-0.114,0.07,60.0,14.0,0.0,37.0
-0.172,-0.133,0.039,60.0,14.0,0.0,37.0
-0.22,-0.091,0.129,60.0,14.0,0.0,37.0
-0.193,-0.113,0.08,60.0,14.0,0.0,37.0
-0.185,-0.114,0.071,60.0,14.0,0.0,37.0
-0.173,-0.133,0.04,60.0,14.0,0.0,37.0
-0.222,-0.091,0.131,60.0,14.0,0.0,37.0
-0.194,-0.113,0.081,60.0,14.0,0.0,37.0
-0.185,-0.114,0.071,60.0,14.0,0.0,37.0
-0.173,-0.133,0.04,60.0,14.0,0.0,37.0
-0.221,-0.091,0.13,60.0,14.0,0.0,37.0
-0.193,-0.113,0.08,60.0,14.0,0.0,37.0
-0.184,-0.113,0.071,60.0,14.0,0.0,37.0
-0.173,-0.133,0.04,60.0,14.0,0.0,37.0
-0.221,-0.09,0.131,60.0,14.0,0.0,37.0
-0.193,-0.113,0.08,60.0,14.0,0.0,37.0
-0.184,-0.114,0.07,60.0,14.0,0.0,37.0
-0.172,-0.133,0.039,60.0,14.0,0.0,37.0
-0.22,-0.091,0.129,60.0,14.0,0.0,37.0
-0.192,-0.114,0.078,60.0,14.0,0.0,37.0
-0.183,-0.114,0.069,60.0,14.0,0.0,37.0
-0.172,-0.134,0.038,60.0,14.0,0.0,37.0
-0.219,-0.092,0.127,60.0,14.0,0.0,37.0
-0.192,-0.114,0.078,60.0,14.0,0.0,37.0
-0.185,-0.114,0.071,60.0,14.0,0.0,37.0
-0.173,-0.134,0.039,60.0,14.0,0.0,37.0
-0.221,-0.091,0.13,60.0,14.0,0.0,37.0
-0.193,-0.114,0.079,60.0,14.0,0.0,37.0
-0.183,-0.114,0.069,60.0,14.0,0.0,37.0
-0.172,-0.133,0.039,60.0,14.0,0.0,37.0
-0.219,-0.092,0.127,60.0,14.0,0.0,37.0
-0.192,-0.114,0.078,60.0,14.0,0.0,37.0
-0.185,-0.114,0.071,60.0,14.0,0.0,37.0
-0.173,-0.133,0.04,60.0,14.0,0.0,37.0
-0.221,-0.091,0.13,60.0,14.0,0.0,37.0
-0.193,-0.114,0.079,60.0,14.0,0.0,37.0
-0.185,-0.113,0.072,60.0,14.0,0.0,37.0
-0.173,-0.133,0.04,60.0,14.0,0.0,37.0
-0.221,-0.09,0.131,60.0,14.0,0.0,37.0
-0.194,-0.113,0.081,60.0,14.0,0.0,37.0
-0.185,-0.113,0.072,60.0,14.0,0.0,37.0
-0.173,-0.133,0.04,60.0,14.0,0.0,37.0
-0.221,-0.09,0.131,60.0,14.0,0.0,37.0
-0.193,-0.113,0.08,60.0,14.0,0.0,37.0
-0.183,-0.114,0.069,60.0,14.0,0.0,37.0
-0.171,-0.133,0.038,60.0,14.0,0.0,37.0
-0.219,-0.092,0.127,60.0,14.0,0.0,37.0
-0.191,-0.114,0.077,60.0,14.0,0.0,37.0
-0.184,-0.114,0.07,60.0,14.0,0.0,37.0
-0.173,-0.133,0.04,60.0,14.0,0.0,37.0
-0.221,-0.091,0.13,60.0,14.0,0.0,37.0
-0.193,-0.113,0.08,60.0,14.0,0.0,37.0
-0.184,-0.114,0.07,60.0,14.0,0.0,37.0
-0.173,-0.133,0.04,60.0,14.0,0.0,37.0
-0.22,-0.091,0.129,60.0,14.0,0.0,37.0
-0.193,-0.114,0.079,60.0,14.0,0.0,37.0
-0.184,-0.114,0.07,60.0,14.0,0.0,37.0
-0.173,-0.133,0.04,60.0,14.0,0.0,37.0
-0.221,-0.091,0.13,60.0,14.0,0.0,37.0
-0.193,-0.113,0.08,60.0,14.0,0.0,37.0
-0.183,-0.114,0.069,60.0,14.0,0.0,37.0
-0.171,-0.133,0.038,60.0,14.0,0.0,37.0
-0.219,-0.092,0.127,60.0,14.0,0.0,37.0
-0.191,-0.114,0.077,60.0,14.0,0.0,37.0
-0.185,-0.113,0.072,60.0,14.0,0.0,37.0
-0.173,-0.133,0.04,60.0,14.0,0.0,37.0
-0.221,-0.09,0.131,60.0,14.0,0.0,37.0
-0.194,-0.113,0.081,60.0,14.0,0.0,37.0
-0.185,-0.114,0.071,60.0,14.0,0.0,37.0
-0.173,-0.133,0.04,60.0,14.0,0.0,37.0
-0.221,-0.091,0.13,60.0,14.0,0.0,37.0
-0.193,-0.113,0.08,60.0,14.0,0.0,37.0
-0.183,-0.114,0.069,60.0,14.0,0.0,37.0
-0.172,-0.134,0.038,60.0,14.0,0.0,37.0
-0.219,-0.091,0.128,60.0,14.0,0.0,37.0
-0.192,-0.114,0.078,60.0,14.0,0.0,37.0
-0.183,-0.114,0.069,60.0,14.0,0.0,37.0
-0.172,-0.133,0.039,60.0,14.0,0.0,37.0
-0.219,-0.091,0.128,60.0,14.0,0.0,37.0
-0.192,-0.114,0.078,60.0,14.0,0.0,37.0
-0.198,-0.098,0.1,19.0,1.0,0.0,23.0
-0.18,-0.119,0.061,19.0,1.0,0.0,23.0
-0.239,-0.073,0.166,19.0,1.0,0.0,23.0
-0.208,-0.097,0.111,19.0,1.0,0.0,23.0
-0.197,-0.096,0.101,19.0,1.0,0.0,23.0
-0.178,-0.117,0.061,19.0,1.0,0.0,23.0
-0.238,-0.07,0.168,19.0,1.0,0.0,23.0
-0.206,-0.095,0.111,19.0,1.0,0.0,23.0
-0.198,-0.095,0.103,19.0,1.0,0.0,23.0
-0.179,-0.117,0.062,19.0,1.0,0.0,23.0
-0.239,-0.07,0.169,19.0,1.0,0.0,23.0
-0.207,-0.094,0.113,19.0,1.0,0.0,23.0
-0.198,-0.097,0.101,19.0,1.0,0.0,23.0
-0.18,-0.118,0.062,19.0,1.0,0.0,23.0
-0.24,-0.072,0.168,19.0,1.0,0.0,23.0
-0.208,-0.096,0.112,19.0,1.0,0.0,23.0
-0.196,-0.096,0.1,19.0,1.0,0.0,23.0
-0.178,-0.117,0.061,19.0,1.0,0.0,23.0
-0.238,-0.071,0.167,19.0,1.0,0.0,23.0
-0.206,-0.095,0.111,19.0,1.0,0.0,23.0
-0.198,-0.097,0.101,19.0,1.0,0.0,23.0
-0.18,-0.118,0.062,19.0,1.0,0.0,23.0
-0.24,-0.071,0.169,19.0,1.0,0.0,23.0
-0.208,-0.096,0.112,19.0,1.0,0.0,23.0
-0.198,-0.096,0.102,19.0,1.0,0.0,23.0
-0.18,-0.118,0.062,19.0,1.0,0.0,23.0
-0.24,-0.071,0.169,19.0,1.0,0.0,23.0
-0.208,-0.095,0.113,19.0,1.0,0.0,23.0
-0.198,-0.098,0.1,19.0,1.0,0.0,23.0
-0.18,-0.119,0.061,19.0,1.0,0.0,23.0
-0.239,-0.073,0.166,19.0,1.0,0.0,23.0
-0.208,-0.097,0.111,19.0,1.0,0.0,23.0
-0.197,-0.093,0.104,22.0,1.0,0.0,23.0
-0.177,-0.114,0.063,22.0,1.0,0.0,23.0
-0.239,-0.069,0.17,22.0,1.0,0.0,23.0
-0.206,-0.093,0.113,22.0,1.0,0.0,23.0
-0.196,-0.092,0.104,22.0,1.0,0.0,23.0
-0.177,-0.113,0.064,22.0,1.0,0.0,23.0
-0.239,-0.068,0.171,22.0,1.0,0.0,23.0
-0.206,-0.092,0.114,22.0,1.0,0.0,23.0
-0.198,-0.094,0.104,22.0,1.0,0.0,23.0
-0.178,-0.114,0.064,22.0,1.0,0.0,23.0
-0.24,-0.069,0.171,22.0,1.0,0.0,23.0
-0.207,-0.093,0.114,22.0,1.0,0.0,23.0
-0.198,-0.094,0.104,22.0,1.0,0.0,23.0
-0.179,-0.114,0.065,22.0,1.0,0.0,23.0
-0.24,-0.069,0.171,22.0,1.0,0.0,23.0
-0.208,-0.093,0.115,22.0,1.0,0.0,23.0
-0.197,-0.092,0.105,22.0,1.0,0.0,23.0
-0.177,-0.113,0.064,22.0,1.0,0.0,23.0
-0.239,-0.068,0.171,22.0,1.0,0.0,23.0
-0.207,-0.092,0.115,22.0,1.0,0.0,23.0
-0.198,-0.094,0.104,22.0,1.0,0.0,23.0
-0.178,-0.114,0.064,22.0,1.0,0.0,23.0
-0.24,-0.069,0.171,22.0,1.0,0.0,23.0
-0.207,-0.093,0.114,22.0,1.0,0.0,23.0
-0.196,-0.093,0.103,22.0,1.0,0.0,23.0
-0.177,-0.114,0.063,22.0,1.0,0.0,23.0
-0.239,-0.069,0.17,22.0,1.0,0.0,23.0
-0.206,-0.093,0.113,22.0,1.0,0.0,23.0
-0.193,-0.092,0.101,22.0,1.0,0.0,23.0
-0.173,-0.112,0.061,22.0,1.0,0.0,23.0
-0.235,-0.067,0.168,22.0,1.0,0.0,23.0
-0.202,-0.091,0.111,22.0,1.0,0.0,23.0
-0.189,-0.09,0.099,22.0,1.0,0.0,23.0
-0.169,-0.11,0.059,22.0,1.0,0.0,23.0
-0.231,-0.065,0.166,22.0,1.0,0.0,23.0
-0.198,-0.089,0.109,22.0,1.0,0.0,23.0
-0.196,-0.093,0.103,22.0,1.0,0.0,23.0
-0.176,-0.113,0.063,22.0,1.0,0.0,23.0
-0.238,-0.068,0.17,22.0,1.0,0.0,23.0
-0.206,-0.092,0.114,22.0,1.0,0.0,23.0
-0.189,-0.09,0.099,22.0,1.0,0.0,23.0
-0.169,-0.11,0.059,22.0,1.0,0.0,23.0
-0.231,-0.066,0.165,22.0,1.0,0.0,23.0
-0.199,-0.089,0.11,22.0,1.0,0.0,23.0
-0.229,-0.07,0.159,15.0,4.0,0.0,0.0
-0.206,-0.096,0.11,15.0,4.0,0.0,0.0
-0.276,-0.037,0.239,15.0,4.0,0.0,0.0
-0.239,-0.067,0.172,15.0,4.0,0.0,0.0
-0.227,-0.068,0.159,15.0,4.0,0.0,0.0
-0.204,-0.094,0.11,15.0,4.0,0.0,0.0
-0.274,-0.035,0.239,15.0,4.0,0.0,0.0
-0.237,-0.065,0.172,15.0,4.0,0.0,0.0
-0.229,-0.073,0.156,15.0,4.0,0.0,0.0
-0.206,-0.099,0.107,15.0,4.0,0.0,0.0
-0.276,-0.04,0.236,15.0,4.0,0.0,0.0
-0.239,-0.069,0.17,15.0,4.0,0.0,0.0
-0.228,-0.072,0.156,15.0,4.0,0.0,0.0
-0.205,-0.097,0.108,15.0,4.0,0.0,0.0
-0.275,-0.039,0.236,15.0,4.0,0.0,0.0
-0.238,-0.068,0.17,15.0,4.0,0.0,0.0
-0.189,-0.092,0.097,27.0,0.0,0.0,33.0
-0.172,-0.112,0.06,27.0,0.0,0.0,33.0
-0.23,-0.069,0.161,27.0,0.0,0.0,33.0
-0.198,-0.092,0.106,27.0,0.0,0.0,33.0
-0.189,-0.091,0.098,27.0,0.0,0.0,33.0
-0.172,-0.111,0.061,27.0,0.0,0.0,33.0
-0.231,-0.068,0.163,27.0,0.0,0.0,33.0
-0.199,-0.091,0.108,27.0,0.0,0.0,33.0
-0.189,-0.092,0.097,27.0,0.0,0.0,33.0
-0.172,-0.112,0.06,27.0,0.0,0.0,33.0
-0.23,-0.069,0.161,27.0,0.0,0.0,33.0
-0.198,-0.092,0.106,27.0,0.0,0.0,33.0
-0.189,-0.092,0.097,27.0,0.0,0.0,33.0
-0.172,-0.112,0.06,27.0,0.0,0.0,33.0
-0.23,-0.069,0.161,27.0,0.0,0.0,33.0
-0.198,-0.092,0.106,27.0,0.0,0.0,33.0
-0.189,-0.092,0.097,27.0,0.0,0.0,33.0
-0.172,-0.112,0.06,27.0,0.0,0.0,33.0
-0.23,-0.069,0.161,27.0,0.0,0.0,33.0
-0.198,-0.092,0.106,27.0,0.0,0.0,33.0
-0.189,-0.092,0.097,27.0,0.0,0.0,33.0
-0.172,-0.112,0.06,27.0,0.0,0.0,33.0
-0.23,-0.069,0.161,27.0,0.0,0.0,33.0
-0.198,-0.092,0.106,27.0,0.0,0.0,33.0
-0.189,-0.092,0.097,27.0,0.0,0.0,33.0
-0.172,-0.112,0.06,27.0,0.0,0.0,33.0
-0.23,-0.069,0.161,27.0,0.0,0.0,33.0
-0.199,-0.092,0.107,27.0,0.0,0.0,33.0
-0.189,-0.092,0.097,27.0,0.0,0.0,33.0
-0.172,-0.112,0.06,27.0,0.0,0.0,33.0
-0.23,-0.069,0.161,27.0,0.0,0.0,33.0
-0.198,-0.092,0.106,27.0,0.0,0.0,33.0
-0.189,-0.092,0.097,27.0,0.0,0.0,33.0
-0.172,-0.112,0.06,27.0,0.0,0.0,33.0
-0.23,-0.069,0.161,27.0,0.0,0.0,33.0
-0.198,-0.092,0.106,27.0,0.0,0.0,33.0
-0.189,-0.092,0.097,27.0,0.0,0.0,33.0
-0.172,-0.112,0.06,27.0,0.0,0.0,33.0
-0.23,-0.069,0.161,27.0,0.0,0.0,33.0
-0.198,-0.092,0.106,27.0,0.0,0.0,33.0
-0.189,-0.092,0.097,27.0,0.0,0.0,33.0
-0.172,-0.112,0.06,27.0,0.0,0.0,33.0
-0.23,-0.069,0.161,27.0,0.0,0.0,33.0
-0.198,-0.092,0.106,27.0,0.0,0.0,33.0
-0.189,-0.092,0.097,27.0,0.0,0.0,33.0
-0.172,-0.112,0.06,27.0,0.0,0.0,33.0
-0.23,-0.069,0.161,27.0,0.0,0.0,33.0
-0.198,-0.092,0.106,27.0,0.0,0.0,33.0
-0.189,-0.092,0.097,27.0,0.0,0.0,33.0
-0.172,-0.112,0.06,27.0,0.0,0.0,33.0
-0.23,-0.069,0.161,27.0,0.0,0.0,33.0
-0.198,-0.092,0.106,27.0,0.0,0.0,33.0
-0.189,-0.092,0.097,27.0,0.0,0.0,33.0
-0.172,-0.112,0.06,27.0,0.0,0.0,33.0
-0.23,-0.069,0.161,27.0,0.0,0.0,33.0
-0.199,-0.092,0.107,27.0,0.0,0.0,33.0
-0.189,-0.092,0.097,27.0,0.0,0.0,33.0
-0.172,-0.112,0.06,27.0,0.0,0.0,33.0
-0.23,-0.069,0.161,27.0,0.0,0.0,33.0
-0.198,-0.092,0.106,27.0,0.0,0.0,33.0
-0.189,-0.092,0.097,27.0,0.0,0.0,33.0
-0.172,-0.112,0.06,27.0,0.0,0.0,33.0
-0.23,-0.069,0.161,27.0,0.0,0.0,33.0
-0.198,-0.092,0.106,27.0,0.0,0.0,33.0
-0.189,-0.092,0.097,27.0,0.0,0.0,33.0
-0.172,-0.112,0.06,27.0,0.0,0.0,33.0
-0.23,-0.069,0.161,27.0,0.0,0.0,33.0
-0.199,-0.092,0.107,27.0,0.0,0.0,33.0
-0.194,-0.112,0.082,57.0,10.0,2.0,40.0
-0.18,-0.131,0.049,57.0,10.0,2.0,40.0
-0.232,-0.089,0.143,57.0,10.0,2.0,40.0
-0.203,-0.112,0.091,57.0,10.0,2.0,40.0
-0.192,-0.109,0.083,57.0,10.0,2.0,40.0
-0.177,-0.128,0.049,57.0,10.0,2.0,40.0
-0.23,-0.086,0.144,57.0,10.0,2.0,40.0
-0.201,-0.108,0.093,57.0,10.0,2.0,40.0
-0.194,-0.111,0.083,57.0,10.0,2.0,40.0
-0.179,-0.13,0.049,57.0,10.0,2.0,40.0
-0.232,-0.088,0.144,57.0,10.0,2.0,40.0
-0.202,-0.11,0.092,57.0,10.0,2.0,40.0
-0.192,-0.11,0.082,57.0,10.0,2.0,40.0
-0.178,-0.129,0.049,57.0,10.0,2.0,40.0
-0.23,-0.087,0.143,57.0,10.0,2.0,40.0
-0.201,-0.109,0.092,57.0,10.0,2.0,40.0
-0.195,-0.112,0.083,57.0,10.0,2.0,40.0
-0.181,-0.131,0.05,57.0,10.0,2.0,40.0
-0.234,-0.089,0.145,57.0,10.0,2.0,40.0
-0.204,-0.111,0.093,57.0,10.0,2.0,40.0
-0.194,-0.113,0.081,57.0,10.0,2.0,40.0
-0.18,-0.132,0.048,57.0,10.0,2.0,40.0
-0.232,-0.09,0.142,57.0,10.0,2.0,40.0
-0.203,-0.113,0.09,57.0,10.0,2.0,40.0
-0.193,-0.11,0.083,57.0,10.0,2.0,40.0
-0.179,-0.129,0.05,57.0,10.0,2.0,40.0
-0.232,-0.087,0.145,57.0,10.0,2.0,40.0
-0.202,-0.109,0.093,57.0,10.0,2.0,40.0
-0.194,-0.111,0.083,57.0,10.0,2.0,40.0
-0.179,-0.131,0.048,57.0,10.0,2.0,40.0
-0.232,-0.088,0.144,57.0,10.0,2.0,40.0
-0.203,-0.111,0.092,57.0,10.0,2.0,40.0
-0.191,-0.109,0.082,57.0,10.0,2.0,40.0
-0.177,-0.128,0.049,57.0,10.0,2.0,40.0
-0.229,-0.086,0.143,57.0,10.0,2.0,40.0
-0.2,-0.109,0.091,57.0,10.0,2.0,40.0
-0.191,-0.11,0.081,57.0,10.0,2.0,40.0
-0.177,-0.129,0.048,57.0,10.0,2.0,40.0
-0.229,-0.088,0.141,57.0,10.0,2.0,40.0
-0.2,-0.11,0.09,57.0,10.0,2.0,40.0
-0.193,-0.112,0.081,57.0,10.0,2.0,40.0
-0.179,-0.131,0.048,57.0,10.0,2.0,40.0
-0.231,-0.089,0.142,57.0,10.0,2.0,40.0
-0.202,-0.111,0.091,57.0,10.0,2.0,40.0
-0.192,-0.11,0.082,57.0,10.0,2.0,40.0
-0.178,-0.129,0.049,57.0,10.0,2.0,40.0
-0.23,-0.087,0.143,57.0,10.0,2.0,40.0
-0.201,-0.109,0.092,57.0,10.0,2.0,40.0
-0.192,-0.11,0.082,57.0,10.0,2.0,40.0
-0.177,-0.129,0.048,57.0,10.0,2.0,40.0
-0.229,-0.087,0.142,57.0,10.0,2.0,40.0
-0.2,-0.11,0.09,57.0,10.0,2.0,40.0
-0.193,-0.112,0.081,57.0,10.0,2.0,40.0
-0.179,-0.131,0.048,57.0,10.0,2.0,40.0
-0.231,-0.089,0.142,57.0,10.0,2.0,40.0
-0.202,-0.111,0.091,57.0,10.0,2.0,40.0
-0.192,-0.11,0.082,57.0,10.0,2.0,40.0
-0.178,-0.129,0.049,57.0,10.0,2.0,40.0
-0.23,-0.087,0.143,57.0,10.0,2.0,40.0
-0.201,-0.11,0.091,57.0,10.0,2.0,40.0
-0.193,-0.11,0.083,57.0,10.0,2.0,40.0
-0.179,-0.129,0.05,57.0,10.0,2.0,40.0
-0.231,-0.087,0.144,57.0,10.0,2.0,40.0
-0.202,-0.109,0.093,57.0,10.0,2.0,40.0
-0.193,-0.111,0.082,57.0,10.0,2.0,40.0
-0.179,-0.13,0.049,57.0,10.0,2.0,40.0
-0.231,-0.087,0.144,57.0,10.0,2.0,40.0
-0.202,-0.11,0.092,57.0,10.0,2.0,40.0
-0.194,-0.113,0.081,57.0,10.0,2.0,40.0
-0.18,-0.132,0.048,57.0,10.0,2.0,40.0
-0.233,-0.09,0.143,57.0,10.0,2.0,40.0
-0.203,-0.112,0.091,57.0,10.0,2.0,40.0
-0.193,-0.113,0.08,57.0,10.0,2.0,40.0
-0.179,-0.132,0.047,57.0,10.0,2.0,40.0
-0.231,-0.091,0.14,57.0,10.0,2.0,40.0
-0.202,-0.113,0.089,57.0,10.0,2.0,40.0
-0.193,-0.111,0.082,57.0,10.0,2.0,40.0
-0.179,-0.13,0.049,57.0,10.0,2.0,40.0
-0.231,-0.088,0.143,57.0,10.0,2.0,40.0
-0.202,-0.11,0.092,57.0,10.0,2.0,40.0
-0.195,-0.09,0.105,22.0,1.0,0.0,23.0
-0.177,-0.111,0.066,22.0,1.0,0.0,23.0
-0.238,-0.065,0.173,22.0,1.0,0.0,23.0
-0.205,-0.089,0.116,22.0,1.0,0.0,23.0
-0.195,-0.091,0.104,22.0,1.0,0.0,23.0
-0.176,-0.112,0.064,22.0,1.0,0.0,23.0
-0.236,-0.066,0.17,22.0,1.0,0.0,23.0
-0.204,-0.09,0.114,22.0,1.0,0.0,23.0
-0.195,-0.09,0.105,22.0,1.0,0.0,23.0
-0.176,-0.111,0.065,22.0,1.0,0.0,23.0
-0.237,-0.065,0.172,22.0,1.0,0.0,23.0
-0.204,-0.089,0.115,22.0,1.0,0.0,23.0
-0.194,-0.089,0.105,22.0,1.0,0.0,23.0
-0.175,-0.11,0.065,22.0,1.0,0.0,23.0
-0.236,-0.064,0.172,22.0,1.0,0.0,23.0
-0.204,-0.088,0.116,22.0,1.0,0.0,23.0
-0.187,-0.086,0.101,22.0,1.0,0.0,23.0
-0.168,-0.107,0.061,22.0,1.0,0.0,23.0
-0.229,-0.061,0.168,22.0,1.0,0.0,23.0
-0.197,-0.085,0.112,22.0,1.0,0.0,23.0
-0.195,-0.09,0.105,22.0,1.0,0.0,23.0
-0.176,-0.111,0.065,22.0,1.0,0.0,23.0
-0.237,-0.065,0.172,22.0,1.0,0.0,23.0
-0.204,-0.089,0.115,22.0,1.0,0.0,23.0
-0.196,-0.092,0.104,22.0,1.0,0.0,23.0
-0.177,-0.112,0.065,22.0,1.0,0.0,23.0
-0.237,-0.067,0.17,22.0,1.0,0.0,23.0
-0.205,-0.091,0.114,22.0,1.0,0.0,23.0
-0.195,-0.089,0.106,22.0,1.0,0.0,23.0
-0.175,-0.11,0.065,22.0,1.0,0.0,23.0
-0.237,-0.064,0.173,22.0,1.0,0.0,23.0
-0.204,-0.088,0.116,22.0,1.0,0.0,23.0
-0.196,-0.09,0.106,22.0,1.0,0.0,23.0
-0.177,-0.111,0.066,22.0,1.0,0.0,23.0
-0.238,-0.065,0.173,22.0,1.0,0.0,23.0
-0.205,-0.089,0.116,22.0,1.0,0.0,23.0
-0.193,-0.09,0.103,22.0,1.0,0.0,23.0
-0.174,-0.111,0.063,22.0,1.0,0.0,23.0
-0.235,-0.065,0.17,22.0,1.0,0.0,23.0
-0.202,-0.089,0.113,22.0,1.0,0.0,23.0
-0.189,-0.087,0.102,22.0,1.0,0.0,23.0
-0.169,-0.108,0.061,22.0,1.0,0.0,23.0
-0.231,-0.062,0.169,22.0,1.0,0.0,23.0
-0.198,-0.086,0.112,22.0,1.0,0.0,23.0
-0.195,-0.09,0.105,22.0,1.0,0.0,23.0
-0.176,-0.111,0.065,22.0,1.0,0.0,23.0
-0.237,-0.064,0.173,22.0,1.0,0.0,23.0
-0.204,-0.089,0.115,22.0,1.0,0.0,23.0
-0.194,-0.089,0.105,22.0,1.0,0.0,23.0
-0.175,-0.11,0.065,22.0,1.0,0.0,23.0
-0.236,-0.064,0.172,22.0,1.0,0.0,23.0
-0.204,-0.088,0.116,22.0,1.0,0.0,23.0
-0.188,-0.088,0.1,22.0,1.0,0.0,23.0
-0.169,-0.109,0.06,22.0,1.0,0.0,23.0
-0.23,-0.063,0.167,22.0,1.0,0.0,23.0
-0.197,-0.087,0.11,22.0,1.0,0.0,23.0
-0.189,-0.09,0.099,22.0,1.0,0.0,23.0
-0.17,-0.11,0.06,22.0,1.0,0.0,23.0
-0.231,-0.065,0.166,22.0,1.0,0.0,23.0
-0.199,-0.089,0.11,22.0,1.0,0.0,23.0
-0.193,-0.089,0.104,22.0,1.0,0.0,23.0
-0.174,-0.11,0.064,22.0,1.0,0.0,23.0
-0.236,-0.064,0.172,22.0,1.0,0.0,23.0
-0.203,-0.088,0.115,22.0,1.0,0.0,23.0
-0.191,-0.09,0.101,22.0,1.0,0.0,23.0
-0.172,-0.111,0.061,22.0,1.0,0.0,23.0
-0.233,-0.065,0.168,22.0,1.0,0.0,23.0
-0.201,-0.089,0.112,22.0,1.0,0.0,23.0
-0.188,-0.087,0.101,22.0,1.0,0.0,23.0
-0.168,-0.108,0.06,22.0,1.0,0.0,23.0
-0.229,-0.062,0.167,22.0,1.0,0.0,23.0
-0.197,-0.086,0.111,22.0,1.0,0.0,23.0
-0.188,-0.088,0.1,22.0,1.0,0.0,23.0
-0.169,-0.108,0.061,22.0,1.0,0.0,23.0
-0.23,-0.063,0.167,22.0,1.0,0.0,23.0
-0.198,-0.087,0.111,22.0,1.0,0.0,23.0
-0.192,-0.086,0.106,26.0,5.0,0.0,10.0
-0.172,-0.107,0.065,26.0,5.0,0.0,10.0
-0.235,-0.06,0.175,26.0,5.0,0.0,10.0
-0.201,-0.084,0.117,26.0,5.0,0.0,10.0
-0.192,-0.086,0.106,26.0,5.0,0.0,10.0
-0.172,-0.107,0.065,26.0,5.0,0.0,10.0
-0.235,-0.059,0.176,26.0,5.0,0.0,10.0
-0.201,-0.084,0.117,26.0,5.0,0.0,10.0
-0.192,-0.086,0.106,26.0,5.0,0.0,10.0
-0.172,-0.107,0.065,26.0,5.0,0.0,10.0
-0.235,-0.06,0.175,26.0,5.0,0.0,10.0
-0.201,-0.084,0.117,26.0,5.0,0.0,10.0
-0.184,-0.085,0.099,26.0,5.0,0.0,10.0
-0.166,-0.105,0.061,26.0,5.0,0.0,10.0
-0.225,-0.059,0.166,26.0,5.0,0.0,10.0
-0.194,-0.083,0.111,26.0,5.0,0.0,10.0
-0.183,-0.082,0.101,26.0,5.0,0.0,10.0
-0.165,-0.103,0.062,26.0,5.0,0.0,10.0
-0.224,-0.057,0.167,26.0,5.0,0.0,10.0
-0.192,-0.081,0.111,26.0,5.0,0.0,10.0
-0.192,-0.086,0.106,26.0,5.0,0.0,10.0
-0.172,-0.107,0.065,26.0,5.0,0.0,10.0
-0.235,-0.06,0.175,26.0,5.0,0.0,10.0
-0.201,-0.084,0.117,26.0,5.0,0.0,10.0
-0.192,-0.086,0.106,26.0,5.0,0.0,10.0
-0.172,-0.107,0.065,26.0,5.0,0.0,10.0
-0.235,-0.06,0.175,26.0,5.0,0.0,10.0
-0.201,-0.084,0.117,26.0,5.0,0.0,10.0
-0.191,-0.083,0.108,26.0,5.0,0.0,10.0
-0.171,-0.105,0.066,26.0,5.0,0.0,10.0
-0.234,-0.057,0.177,26.0,5.0,0.0,10.0
-0.201,-0.082,0.119,26.0,5.0,0.0,10.0
-0.185,-0.085,0.1,26.0,5.0,0.0,10.0
-0.166,-0.105,0.061,26.0,5.0,0.0,10.0
-0.225,-0.059,0.166,26.0,5.0,0.0,10.0
-0.194,-0.083,0.111,26.0,5.0,0.0,10.0
-0.185,-0.084,0.101,26.0,5.0,0.0,10.0
-0.166,-0.105,0.061,26.0,5.0,0.0,10.0
-0.225,-0.059,0.166,26.0,5.0,0.0,10.0
-0.194,-0.083,0.111,26.0,5.0,0.0,10.0
-0.185,-0.084,0.101,26.0,5.0,0.0,10.0
-0.166,-0.105,0.061,26.0,5.0,0.0,10.0
-0.225,-0.059,0.166,26.0,5.0,0.0,10.0
-0.194,-0.083,0.111,26.0,5.0,0.0,10.0
-0.185,-0.085,0.1,26.0,5.0,0.0,10.0
-0.166,-0.105,0.061,26.0,5.0,0.0,10.0
-0.225,-0.059,0.166,26.0,5.0,0.0,10.0
-0.194,-0.083,0.111,26.0,5.0,0.0,10.0
-0.183,-0.082,0.101,26.0,5.0,0.0,10.0
-0.165,-0.103,0.062,26.0,5.0,0.0,10.0
-0.224,-0.057,0.167,26.0,5.0,0.0,10.0
-0.192,-0.081,0.111,26.0,5.0,0.0,10.0
-0.185,-0.085,0.1,26.0,5.0,0.0,10.0
-0.166,-0.105,0.061,26.0,5.0,0.0,10.0
-0.225,-0.059,0.166,26.0,5.0,0.0,10.0
-0.194,-0.083,0.111,26.0,5.0,0.0,10.0
-0.185,-0.084,0.101,26.0,5.0,0.0,10.0
-0.166,-0.105,0.061,26.0,5.0,0.0,10.0
-0.225,-0.059,0.166,26.0,5.0,0.0,10.0
-0.194,-0.083,0.111,26.0,5.0,0.0,10.0
-0.183,-0.082,0.101,26.0,5.0,0.0,10.0
-0.165,-0.103,0.062,26.0,5.0,0.0,10.0
-0.224,-0.057,0.167,26.0,5.0,0.0,10.0
-0.192,-0.081,0.111,26.0,5.0,0.0,10.0
-0.196,-0.089,0.107,36.0,5.0,0.0,25.0
-0.177,-0.11,0.067,36.0,5.0,0.0,25.0
-0.238,-0.064,0.174,36.0,5.0,0.0,25.0
-0.206,-0.088,0.118,36.0,5.0,0.0,25.0
-0.188,-0.088,0.1,36.0,5.0,0.0,25.0
-0.169,-0.109,0.06,36.0,5.0,0.0,25.0
-0.23,-0.063,0.167,36.0,5.0,0.0,25.0
-0.197,-0.087,0.11,36.0,5.0,0.0,25.0
-0.194,-0.093,0.101,36.0,5.0,0.0,25.0
-0.176,-0.113,0.063,36.0,5.0,0.0,25.0
-0.235,-0.069,0.166,36.0,5.0,0.0,25.0
-0.203,-0.092,0.111,36.0,5.0,0.0,25.0
-0.189,-0.087,0.102,36.0,5.0,0.0,25.0
-0.17,-0.108,0.062,36.0,5.0,0.0,25.0
-0.231,-0.062,0.169,36.0,5.0,0.0,25.0
-0.198,-0.086,0.112,36.0,5.0,0.0,25.0
-0.192,-0.088,0.104,36.0,5.0,0.0,25.0
-0.173,-0.109,0.064,36.0,5.0,0.0,25.0
-0.234,-0.064,0.17,36.0,5.0,0.0,25.0
-0.201,-0.087,0.114,36.0,5.0,0.0,25.0
-0.194,-0.093,0.101,36.0,5.0,0.0,25.0
-0.176,-0.113,0.063,36.0,5.0,0.0,25.0
-0.235,-0.069,0.166,36.0,5.0,0.0,25.0
-0.203,-0.092,0.111,36.0,5.0,0.0,25.0
-0.196,-0.09,0.106,36.0,5.0,0.0,25.0
-0.177,-0.111,0.066,36.0,5.0,0.0,25.0
-0.238,-0.065,0.173,36.0,5.0,0.0,25.0
-0.206,-0.088,0.118,36.0,5.0,0.0,25.0
-0.19,-0.091,0.099,36.0,5.0,0.0,25.0
-0.173,-0.111,0.062,36.0,5.0,0.0,25.0
-0.231,-0.068,0.163,36.0,5.0,0.0,25.0
-0.2,-0.091,0.109,36.0,5.0,0.0,25.0
-0.192,-0.092,0.1,36.0,5.0,0.0,25.0
-0.174,-0.113,0.061,36.0,5.0,0.0,25.0
-0.233,-0.069,0.164,36.0,5.0,0.0,25.0
-0.201,-0.091,0.11,36.0,5.0,0.0,25.0
-0.188,-0.087,0.101,36.0,5.0,0.0,25.0
-0.169,-0.108,0.061,36.0,5.0,0.0,25.0
-0.23,-0.062,0.168,36.0,5.0,0.0,25.0
-0.198,-0.086,0.112,36.0,5.0,0.0,25.0
-0.192,-0.092,0.1,36.0,5.0,0.0,25.0
-0.174,-0.113,0.061,36.0,5.0,0.0,25.0
-0.234,-0.069,0.165,36.0,5.0,0.0,25.0
-0.202,-0.092,0.11,36.0,5.0,0.0,25.0
-0.195,-0.089,0.106,36.0,5.0,0.0,25.0
-0.176,-0.11,0.066,36.0,5.0,0.0,25.0
-0.237,-0.064,0.173,36.0,5.0,0.0,25.0
-0.204,-0.088,0.116,36.0,5.0,0.0,25.0
-0.194,-0.093,0.101,36.0,5.0,0.0,25.0
-0.176,-0.113,0.063,36.0,5.0,0.0,25.0
-0.235,-0.069,0.166,36.0,5.0,0.0,25.0
-0.203,-0.092,0.111,36.0,5.0,0.0,25.0
-0.195,-0.089,0.106,36.0,5.0,0.0,25.0
-0.176,-0.11,0.066,36.0,5.0,0.0,25.0
-0.237,-0.064,0.173,36.0,5.0,0.0,25.0
-0.205,-0.088,0.117,36.0,5.0,0.0,25.0
-0.196,-0.089,0.107,36.0,5.0,0.0,25.0
-0.177,-0.11,0.067,36.0,5.0,0.0,25.0
-0.238,-0.065,0.173,36.0,5.0,0.0,25.0
-0.205,-0.088,0.117,36.0,5.0,0.0,25.0
-0.192,-0.092,0.1,36.0,5.0,0.0,25.0
-0.173,-0.112,0.061,36.0,5.0,0.0,25.0
-0.233,-0.068,0.165,36.0,5.0,0.0,25.0
-0.201,-0.091,0.11,36.0,5.0,0.0,25.0
-0.193,-0.092,0.101,36.0,5.0,0.0,25.0
-0.175,-0.112,0.063,36.0,5.0,0.0,25.0
-0.234,-0.068,0.166,36.0,5.0,0.0,25.0
-0.202,-0.091,0.111,36.0,5.0,0.0,25.0
-0.191,-0.104,0.087,25.0,0.0,0.0,31.0
-0.175,-0.124,0.051,25.0,0.0,0.0,31.0
-0.232,-0.08,0.152,25.0,0.0,0.0,31.0
-0.2,-0.103,0.097,25.0,0.0,0.0,31.0
-0.191,-0.104,0.087,25.0,0.0,0.0,31.0
-0.175,-0.124,0.051,25.0,0.0,0.0,31.0
-0.232,-0.08,0.152,25.0,0.0,0.0,31.0
-0.2,-0.103,0.097,25.0,0.0,0.0,31.0
-0.191,-0.104,0.087,25.0,0.0,0.0,31.0
-0.175,-0.124,0.051,25.0,0.0,0.0,31.0
-0.232,-0.08,0.152,25.0,0.0,0.0,31.0
-0.201,-0.103,0.098,25.0,0.0,0.0,31.0
-0.191,-0.104,0.087,25.0,0.0,0.0,31.0
-0.175,-0.124,0.051,25.0,0.0,0.0,31.0
-0.232,-0.08,0.152,25.0,0.0,0.0,31.0
-0.201,-0.103,0.098,25.0,0.0,0.0,31.0
-0.191,-0.104,0.087,25.0,0.0,0.0,31.0
-0.175,-0.124,0.051,25.0,0.0,0.0,31.0
-0.232,-0.08,0.152,25.0,0.0,0.0,31.0
-0.2,-0.103,0.097,25.0,0.0,0.0,31.0
-0.191,-0.104,0.087,25.0,0.0,0.0,31.0
-0.175,-0.124,0.051,25.0,0.0,0.0,31.0
-0.232,-0.08,0.152,25.0,0.0,0.0,31.0
-0.201,-0.103,0.098,25.0,0.0,0.0,31.0
-0.191,-0.104,0.087,25.0,0.0,0.0,31.0
-0.175,-0.124,0.051,25.0,0.0,0.0,31.0
-0.232,-0.08,0.152,25.0,0.0,0.0,31.0
-0.2,-0.103,0.097,25.0,0.0,0.0,31.0
-0.191,-0.104,0.087,25.0,0.0,0.0,31.0
-0.175,-0.124,0.051,25.0,0.0,0.0,31.0
-0.232,-0.08,0.152,25.0,0.0,0.0,31.0
-0.201,-0.103,0.098,25.0,0.0,0.0,31.0
-0.191,-0.104,0.087,25.0,0.0,0.0,31.0
-0.175,-0.125,0.05,25.0,0.0,0.0,31.0
-0.232,-0.08,0.152,25.0,0.0,0.0,31.0
-0.2,-0.103,0.097,25.0,0.0,0.0,31.0
-0.19,-0.103,0.087,25.0,0.0,0.0,31.0
-0.174,-0.123,0.051,25.0,0.0,0.0,31.0
-0.231,-0.079,0.152,25.0,0.0,0.0,31.0
-0.199,-0.102,0.097,25.0,0.0,0.0,31.0
-0.191,-0.104,0.087,25.0,0.0,0.0,31.0
-0.175,-0.125,0.05,25.0,0.0,0.0,31.0
-0.232,-0.08,0.152,25.0,0.0,0.0,31.0
-0.201,-0.103,0.098,25.0,0.0,0.0,31.0
-0.191,-0.104,0.087,25.0,0.0,0.0,31.0
-0.175,-0.124,0.051,25.0,0.0,0.0,31.0
-0.232,-0.08,0.152,25.0,0.0,0.0,31.0
-0.2,-0.103,0.097,25.0,0.0,0.0,31.0
-0.191,-0.104,0.087,25.0,0.0,0.0,31.0
-0.175,-0.124,0.051,25.0,0.0,0.0,31.0
-0.232,-0.08,0.152,25.0,0.0,0.0,31.0
-0.2,-0.103,0.097,25.0,0.0,0.0,31.0
-0.191,-0.104,0.087,25.0,0.0,0.0,31.0
-0.175,-0.124,0.051,25.0,0.0,0.0,31.0
-0.232,-0.08,0.152,25.0,0.0,0.0,31.0
-0.201,-0.103,0.098,25.0,0.0,0.0,31.0
-0.191,-0.104,0.087,25.0,0.0,0.0,31.0
-0.175,-0.124,0.051,25.0,0.0,0.0,31.0
-0.232,-0.08,0.152,25.0,0.0,0.0,31.0
-0.2,-0.103,0.097,25.0,0.0,0.0,31.0
-0.191,-0.104,0.087,25.0,0.0,0.0,31.0
-0.175,-0.124,0.051,25.0,0.0,0.0,31.0
-0.232,-0.08,0.152,25.0,0.0,0.0,31.0
-0.2,-0.103,0.097,25.0,0.0,0.0,31.0
-0.191,-0.104,0.087,25.0,0.0,0.0,31.0
-0.175,-0.125,0.05,25.0,0.0,0.0,31.0
-0.232,-0.08,0.152,25.0,0.0,0.0,31.0
-0.201,-0.103,0.098,25.0,0.0,0.0,31.0
-0.196,-0.113,0.083,21.0,0.0,0.0,36.0
-0.181,-0.136,0.045,21.0,0.0,0.0,36.0
-0.237,-0.087,0.15,21.0,0.0,0.0,36.0
-0.206,-0.112,0.094,21.0,0.0,0.0,36.0
-0.197,-0.113,0.084,21.0,0.0,0.0,36.0
-0.181,-0.136,0.045,21.0,0.0,0.0,36.0
-0.238,-0.087,0.151,21.0,0.0,0.0,36.0
-0.206,-0.112,0.094,21.0,0.0,0.0,36.0
-0.196,-0.113,0.083,21.0,0.0,0.0,36.0
-0.181,-0.136,0.045,21.0,0.0,0.0,36.0
-0.237,-0.087,0.15,21.0,0.0,0.0,36.0
-0.206,-0.112,0.094,21.0,0.0,0.0,36.0
-0.197,-0.113,0.084,21.0,0.0,0.0,36.0
-0.181,-0.136,0.045,21.0,0.0,0.0,36.0
-0.238,-0.087,0.151,21.0,0.0,0.0,36.0
-0.206,-0.112,0.094,21.0,0.0,0.0,36.0
-0.196,-0.113,0.083,21.0,0.0,0.0,36.0
-0.181,-0.136,0.045,21.0,0.0,0.0,36.0
-0.237,-0.087,0.15,21.0,0.0,0.0,36.0
-0.206,-0.112,0.094,21.0,0.0,0.0,36.0
-0.197,-0.114,0.083,21.0,0.0,0.0,36.0
-0.181,-0.137,0.044,21.0,0.0,0.0,36.0
-0.238,-0.087,0.151,21.0,0.0,0.0,36.0
-0.206,-0.113,0.093,21.0,0.0,0.0,36.0
-0.196,-0.113,0.083,21.0,0.0,0.0,36.0
-0.181,-0.136,0.045,21.0,0.0,0.0,36.0
-0.237,-0.087,0.15,21.0,0.0,0.0,36.0
-0.206,-0.112,0.094,21.0,0.0,0.0,36.0
-0.197,-0.114,0.083,21.0,0.0,0.0,36.0
-0.181,-0.137,0.044,21.0,0.0,0.0,36.0
-0.238,-0.088,0.15,21.0,0.0,0.0,36.0
-0.206,-0.113,0.093,21.0,0.0,0.0,36.0
-0.196,-0.113,0.083,21.0,0.0,0.0,36.0
-0.181,-0.136,0.045,21.0,0.0,0.0,36.0
-0.237,-0.087,0.15,21.0,0.0,0.0,36.0
-0.206,-0.112,0.094,21.0,0.0,0.0,36.0
-0.196,-0.113,0.083,21.0,0.0,0.0,36.0
-0.181,-0.136,0.045,21.0,0.0,0.0,36.0
-0.238,-0.087,0.151,21.0,0.0,0.0,36.0
-0.206,-0.112,0.094,21.0,0.0,0.0,36.0
-0.196,-0.113,0.083,21.0,0.0,0.0,36.0
-0.181,-0.136,0.045,21.0,0.0,0.0,36.0
-0.237,-0.087,0.15,21.0,0.0,0.0,36.0
-0.205,-0.112,0.093,21.0,0.0,0.0,36.0
-0.197,-0.114,0.083,21.0,0.0,0.0,36.0
-0.181,-0.137,0.044,21.0,0.0,0.0,36.0
-0.238,-0.088,0.15,21.0,0.0,0.0,36.0
-0.206,-0.113,0.093,21.0,0.0,0.0,36.0
-0.197,-0.113,0.084,21.0,0.0,0.0,36.0
-0.181,-0.136,0.045,21.0,0.0,0.0,36.0
-0.238,-0.087,0.151,21.0,0.0,0.0,36.0
-0.206,-0.112,0.094,21.0,0.0,0.0,36.0
-0.196,-0.113,0.083,21.0,0.0,0.0,36.0
-0.181,-0.136,0.045,21.0,0.0,0.0,36.0
-0.237,-0.087,0.15,21.0,0.0,0.0,36.0
-0.206,-0.112,0.094,21.0,0.0,0.0,36.0
-0.197,-0.113,0.084,21.0,0.0,0.0,36.0
-0.181,-0.136,0.045,21.0,0.0,0.0,36.0
-0.238,-0.087,0.151,21.0,0.0,0.0,36.0
-0.206,-0.112,0.094,21.0,0.0,0.0,36.0
-0.19,-0.087,0.103,25.0,1.0,0.0,33.0
-0.172,-0.111,0.061,25.0,1.0,0.0,33.0
-0.231,-0.06,0.171,25.0,1.0,0.0,33.0
-0.199,-0.086,0.113,25.0,1.0,0.0,33.0
-0.192,-0.087,0.105,25.0,1.0,0.0,33.0
-0.174,-0.111,0.063,25.0,1.0,0.0,33.0
-0.233,-0.06,0.173,25.0,1.0,0.0,33.0
-0.201,-0.085,0.116,25.0,1.0,0.0,33.0
-0.19,-0.087,0.103,25.0,1.0,0.0,33.0
-0.172,-0.111,0.061,25.0,1.0,0.0,33.0
-0.231,-0.06,0.171,25.0,1.0,0.0,33.0
-0.199,-0.086,0.113,25.0,1.0,0.0,33.0
-0.19,-0.087,0.103,25.0,1.0,0.0,33.0
-0.172,-0.111,0.061,25.0,1.0,0.0,33.0
-0.231,-0.06,0.171,25.0,1.0,0.0,33.0
-0.199,-0.086,0.113,25.0,1.0,0.0,33.0
-0.191,-0.087,0.104,25.0,1.0,0.0,33.0
-0.174,-0.112,0.062,25.0,1.0,0.0,33.0
-0.232,-0.06,0.172,25.0,1.0,0.0,33.0
-0.201,-0.086,0.115,25.0,1.0,0.0,33.0
-0.19,-0.087,0.103,25.0,1.0,0.0,33.0
-0.172,-0.111,0.061,25.0,1.0,0.0,33.0
-0.231,-0.06,0.171,25.0,1.0,0.0,33.0
-0.199,-0.086,0.113,25.0,1.0,0.0,33.0
-0.19,-0.087,0.103,25.0,1.0,0.0,33.0
-0.172,-0.112,0.06,25.0,1.0,0.0,33.0
-0.231,-0.06,0.171,25.0,1.0,0.0,33.0
-0.199,-0.086,0.113,25.0,1.0,0.0,33.0
-0.192,-0.087,0.105,25.0,1.0,0.0,33.0
-0.174,-0.111,0.063,25.0,1.0,0.0,33.0
-0.233,-0.06,0.173,25.0,1.0,0.0,33.0
-0.201,-0.086,0.115,25.0,1.0,0.0,33.0
-0.192,-0.087,0.105,25.0,1.0,0.0,33.0
-0.174,-0.111,0.063,25.0,1.0,0.0,33.0
-0.233,-0.059,0.174,25.0,1.0,0.0,33.0
-0.201,-0.085,0.116,25.0,1.0,0.0,33.0
-0.19,-0.087,0.103,25.0,1.0,0.0,33.0
-0.172,-0.112,0.06,25.0,1.0,0.0,33.0
-0.231,-0.06,0.171,25.0,1.0,0.0,33.0
-0.199,-0.086,0.113,25.0,1.0,0.0,33.0
-0.192,-0.087,0.105,25.0,1.0,0.0,33.0
-0.174,-0.111,0.063,25.0,1.0,0.0,33.0
-0.233,-0.06,0.173,25.0,1.0,0.0,33.0
-0.201,-0.086,0.115,25.0,1.0,0.0,33.0
-0.19,-0.087,0.103,25.0,1.0,0.0,33.0
-0.172,-0.111,0.061,25.0,1.0,0.0,33.0
-0.231,-0.06,0.171,25.0,1.0,0.0,33.0
-0.199,-0.086,0.113,25.0,1.0,0.0,33.0
-0.191,-0.087,0.104,25.0,1.0,0.0,33.0
-0.174,-0.111,0.063,25.0,1.0,0.0,33.0
-0.233,-0.06,0.173,25.0,1.0,0.0,33.0
-0.201,-0.086,0.115,25.0,1.0,0.0,33.0
-0.191,-0.087,0.104,25.0,1.0,0.0,33.0
-0.173,-0.112,0.061,25.0,1.0,0.0,33.0
-0.232,-0.06,0.172,25.0,1.0,0.0,33.0
-0.201,-0.086,0.115,25.0,1.0,0.0,33.0
-0.192,-0.088,0.104,25.0,1.0,0.0,33.0
-0.174,-0.112,0.062,25.0,1.0,0.0,33.0
-0.233,-0.06,0.173,25.0,1.0,0.0,33.0
-0.201,-0.086,0.115,25.0,1.0,0.0,33.0
-0.189,-0.111,0.078,46.0,5.0,0.0,35.0
-0.172,-0.131,0.041,46.0,5.0,0.0,35.0
-0.23,-0.088,0.142,46.0,5.0,0.0,35.0
-0.198,-0.11,0.088,46.0,5.0,0.0,35.0
-0.189,-0.111,0.078,46.0,5.0,0.0,35.0
-0.171,-0.131,0.04,46.0,5.0,0.0,35.0
-0.23,-0.087,0.143,46.0,5.0,0.0,35.0
-0.198,-0.11,0.088,46.0,5.0,0.0,35.0
-0.188,-0.111,0.077,46.0,5.0,0.0,35.0
-0.171,-0.13,0.041,46.0,5.0,0.0,35.0
-0.229,-0.088,0.141,46.0,5.0,0.0,35.0
-0.197,-0.11,0.087,46.0,5.0,0.0,35.0
-0.188,-0.111,0.077,46.0,5.0,0.0,35.0
-0.17,-0.131,0.039,46.0,5.0,0.0,35.0
-0.229,-0.088,0.141,46.0,5.0,0.0,35.0
-0.197,-0.11,0.087,46.0,5.0,0.0,35.0
-0.189,-0.111,0.078,46.0,5.0,0.0,35.0
-0.171,-0.131,0.04,46.0,5.0,0.0,35.0
-0.23,-0.088,0.142,46.0,5.0,0.0,35.0
-0.198,-0.111,0.087,46.0,5.0,0.0,35.0
-0.189,-0.111,0.078,46.0,5.0,0.0,35.0
-0.172,-0.131,0.041,46.0,5.0,0.0,35.0
-0.23,-0.088,0.142,46.0,5.0,0.0,35.0
-0.198,-0.11,0.088,46.0,5.0,0.0,35.0
-0.189,-0.111,0.078,46.0,5.0,0.0,35.0
-0.171,-0.131,0.04,46.0,5.0,0.0,35.0
-0.23,-0.088,0.142,46.0,5.0,0.0,35.0
-0.198,-0.11,0.088,46.0,5.0,0.0,35.0
-0.189,-0.11,0.079,46.0,5.0,0.0,35.0
-0.171,-0.13,0.041,46.0,5.0,0.0,35.0
-0.23,-0.087,0.143,46.0,5.0,0.0,35.0
-0.198,-0.109,0.089,46.0,5.0,0.0,35.0
-0.189,-0.111,0.078,46.0,5.0,0.0,35.0
-0.171,-0.131,0.04,46.0,5.0,0.0,35.0
-0.23,-0.088,0.142,46.0,5.0,0.0,35.0
-0.198,-0.11,0.088,46.0,5.0,0.0,35.0
-0.188,-0.11,0.078,46.0,5.0,0.0,35.0
-0.171,-0.13,0.041,46.0,5.0,0.0,35.0
-0.229,-0.087,0.142,46.0,5.0,0.0,35.0
-0.197,-0.109,0.088,46.0,5.0,0.0,35.0
-0.188,-0.11,0.078,46.0,5.0,0.0,35.0
-0.17,-0.13,0.04,46.0,5.0,0.0,35.0
-0.229,-0.087,0.142,46.0,5.0,0.0,35.0
-0.197,-0.11,0.087,46.0,5.0,0.0,35.0
-0.189,-0.111,0.078,46.0,5.0,0.0,35.0
-0.172,-0.131,0.041,46.0,5.0,0.0,35.0
-0.23,-0.088,0.142,46.0,5.0,0.0,35.0
-0.198,-0.11,0.088,46.0,5.0,0.0,35.0
-0.188,-0.111,0.077,46.0,5.0,0.0,35.0
-0.171,-0.131,0.04,46.0,5.0,0.0,35.0
-0.229,-0.088,0.141,46.0,5.0,0.0,35.0
-0.197,-0.11,0.087,46.0,5.0,0.0,35.0
-0.189,-0.11,0.079,46.0,5.0,0.0,35.0
-0.171,-0.13,0.041,46.0,5.0,0.0,35.0
-0.23,-0.087,0.143,46.0,5.0,0.0,35.0
-0.198,-0.11,0.088,46.0,5.0,0.0,35.0
-0.188,-0.111,0.077,46.0,5.0,0.0,35.0
-0.171,-0.131,0.04,46.0,5.0,0.0,35.0
-0.229,-0.088,0.141,46.0,5.0,0.0,35.0
-0.198,-0.11,0.088,46.0,5.0,0.0,35.0
-0.189,-0.111,0.078,46.0,5.0,0.0,35.0
-0.171,-0.131,0.04,46.0,5.0,0.0,35.0
-0.23,-0.088,0.142,46.0,5.0,0.0,35.0
-0.198,-0.11,0.088,46.0,5.0,0.0,35.0
-0.188,-0.095,0.093,30.0,0.0,0.0,34.0
-0.171,-0.114,0.057,30.0,0.0,0.0,34.0
-0.229,-0.071,0.158,30.0,0.0,0.0,34.0
-0.197,-0.094,0.103,30.0,0.0,0.0,34.0
-0.188,-0.095,0.093,30.0,0.0,0.0,34.0
-0.171,-0.115,0.056,30.0,0.0,0.0,34.0
-0.229,-0.071,0.158,30.0,0.0,0.0,34.0
-0.198,-0.094,0.104,30.0,0.0,0.0,34.0
-0.188,-0.094,0.094,30.0,0.0,0.0,34.0
-0.171,-0.114,0.057,30.0,0.0,0.0,34.0
-0.23,-0.07,0.16,30.0,0.0,0.0,34.0
-0.198,-0.093,0.105,30.0,0.0,0.0,34.0
-0.189,-0.095,0.094,30.0,0.0,0.0,34.0
-0.172,-0.115,0.057,30.0,0.0,0.0,34.0
-0.23,-0.071,0.159,30.0,0.0,0.0,34.0
-0.198,-0.094,0.104,30.0,0.0,0.0,34.0
-0.188,-0.095,0.093,30.0,0.0,0.0,34.0
-0.171,-0.115,0.056,30.0,0.0,0.0,34.0
-0.229,-0.071,0.158,30.0,0.0,0.0,34.0
-0.198,-0.094,0.104,30.0,0.0,0.0,34.0
-0.188,-0.095,0.093,30.0,0.0,0.0,34.0
-0.171,-0.115,0.056,30.0,0.0,0.0,34.0
-0.229,-0.071,0.158,30.0,0.0,0.0,34.0
-0.198,-0.095,0.103,30.0,0.0,0.0,34.0
-0.188,-0.095,0.093,30.0,0.0,0.0,34.0
-0.171,-0.115,0.056,30.0,0.0,0.0,34.0
-0.229,-0.071,0.158,30.0,0.0,0.0,34.0
-0.197,-0.094,0.103,30.0,0.0,0.0,34.0
-0.188,-0.095,0.093,30.0,0.0,0.0,34.0
-0.171,-0.115,0.056,30.0,0.0,0.0,34.0
-0.23,-0.071,0.159,30.0,0.0,0.0,34.0
-0.198,-0.094,0.104,30.0,0.0,0.0,34.0
-0.183,-0.093,0.09,30.0,0.0,0.0,34.0
-0.165,-0.113,0.052,30.0,0.0,0.0,34.0
-0.224,-0.07,0.154,30.0,0.0,0.0,34.0
-0.192,-0.093,0.099,30.0,0.0,0.0,34.0
-0.189,-0.094,0.095,30.0,0.0,0.0,34.0
-0.172,-0.114,0.058,30.0,0.0,0.0,34.0
-0.231,-0.07,0.161,30.0,0.0,0.0,34.0
-0.198,-0.093,0.105,30.0,0.0,0.0,34.0
-0.189,-0.094,0.095,30.0,0.0,0.0,34.0
-0.172,-0.114,0.058,30.0,0.0,0.0,34.0
-0.231,-0.07,0.161,30.0,0.0,0.0,34.0
-0.199,-0.093,0.106,30.0,0.0,0.0,34.0
-0.187,-0.095,0.092,30.0,0.0,0.0,34.0
-0.171,-0.114,0.057,30.0,0.0,0.0,34.0
-0.229,-0.071,0.158,30.0,0.0,0.0,34.0
-0.197,-0.094,0.103,30.0,0.0,0.0,34.0
-0.189,-0.095,0.094,30.0,0.0,0.0,34.0
-0.172,-0.115,0.057,30.0,0.0,0.0,34.0
-0.229,-0.071,0.158,30.0,0.0,0.0,34.0
-0.198,-0.094,0.104,30.0,0.0,0.0,34.0
-0.189,-0.096,0.093,25.0,0.0,0.0,43.0
-0.173,-0.116,0.057,25.0,0.0,0.0,43.0
-0.23,-0.073,0.157,25.0,0.0,0.0,43.0
-0.198,-0.096,0.102,25.0,0.0,0.0,43.0
-0.189,-0.096,0.093,25.0,0.0,0.0,43.0
-0.173,-0.116,0.057,25.0,0.0,0.0,43.0
-0.23,-0.073,0.157,25.0,0.0,0.0,43.0
-0.199,-0.096,0.103,25.0,0.0,0.0,43.0
-0.19,-0.096,0.094,25.0,0.0,0.0,43.0
-0.173,-0.117,0.056,25.0,0.0,0.0,43.0
-0.231,-0.073,0.158,25.0,0.0,0.0,43.0
-0.2,-0.096,0.104,25.0,0.0,0.0,43.0
-0.19,-0.096,0.094,25.0,0.0,0.0,43.0
-0.174,-0.117,0.057,25.0,0.0,0.0,43.0
-0.231,-0.074,0.157,25.0,0.0,0.0,43.0
-0.2,-0.096,0.104,25.0,0.0,0.0,43.0
-0.19,-0.096,0.094,25.0,0.0,0.0,43.0
-0.173,-0.117,0.056,25.0,0.0,0.0,43.0
-0.231,-0.074,0.157,25.0,0.0,0.0,43.0
-0.199,-0.096,0.103,25.0,0.0,0.0,43.0
-0.189,-0.096,0.093,25.0,0.0,0.0,43.0
-0.173,-0.117,0.056,25.0,0.0,0.0,43.0
-0.231,-0.073,0.158,25.0,0.0,0.0,43.0
-0.199,-0.096,0.103,25.0,0.0,0.0,43.0
-0.189,-0.096,0.093,25.0,0.0,0.0,43.0
-0.173,-0.117,0.056,25.0,0.0,0.0,43.0
-0.231,-0.073,0.158,25.0,0.0,0.0,43.0
-0.199,-0.096,0.103,25.0,0.0,0.0,43.0
-0.19,-0.096,0.094,25.0,0.0,0.0,43.0
-0.174,-0.117,0.057,25.0,0.0,0.0,43.0
-0.231,-0.073,0.158,25.0,0.0,0.0,43.0
-0.2,-0.096,0.104,25.0,0.0,0.0,43.0
-0.19,-0.096,0.094,25.0,0.0,0.0,43.0
-0.174,-0.117,0.057,25.0,0.0,0.0,43.0
-0.231,-0.074,0.157,25.0,0.0,0.0,43.0
-0.2,-0.096,0.104,25.0,0.0,0.0,43.0
-0.19,-0.096,0.094,25.0,0.0,0.0,43.0
-0.173,-0.117,0.056,25.0,0.0,0.0,43.0
-0.231,-0.073,0.158,25.0,0.0,0.0,43.0
-0.199,-0.096,0.103,25.0,0.0,0.0,43.0
-0.19,-0.096,0.094,25.0,0.0,0.0,43.0
-0.173,-0.117,0.056,25.0,0.0,0.0,43.0
-0.231,-0.074,0.157,25.0,0.0,0.0,43.0
-0.199,-0.096,0.103,25.0,0.0,0.0,43.0
-0.19,-0.096,0.094,25.0,0.0,0.0,43.0
-0.174,-0.117,0.057,25.0,0.0,0.0,43.0
-0.231,-0.073,0.158,25.0,0.0,0.0,43.0
-0.2,-0.096,0.104,25.0,0.0,0.0,43.0
-0.19,-0.096,0.094,25.0,0.0,0.0,43.0
-0.173,-0.117,0.056,25.0,0.0,0.0,43.0
-0.231,-0.073,0.158,25.0,0.0,0.0,43.0
-0.199,-0.096,0.103,25.0,0.0,0.0,43.0
-0.19,-0.096,0.094,25.0,0.0,0.0,43.0
-0.173,-0.116,0.057,25.0,0.0,0.0,43.0
-0.231,-0.073,0.158,25.0,0.0,0.0,43.0
-0.199,-0.095,0.104,25.0,0.0,0.0,43.0
-0.19,-0.096,0.094,25.0,0.0,0.0,43.0
-0.174,-0.117,0.057,25.0,0.0,0.0,43.0
-0.231,-0.074,0.157,25.0,0.0,0.0,43.0
-0.2,-0.096,0.104,25.0,0.0,0.0,43.0
-0.19,-0.097,0.093,25.0,0.0,0.0,43.0
-0.174,-0.117,0.057,25.0,0.0,0.0,43.0
-0.231,-0.074,0.157,25.0,0.0,0.0,43.0
-0.2,-0.096,0.104,25.0,0.0,0.0,43.0
-0.19,-0.096,0.094,25.0,0.0,0.0,43.0
-0.173,-0.117,0.056,25.0,0.0,0.0,43.0
-0.231,-0.073,0.158,25.0,0.0,0.0,43.0
-0.199,-0.096,0.103,25.0,0.0,0.0,43.0
-0.2,-0.089,0.111,27.0,4.0,0.0,10.0
-0.182,-0.111,0.071,27.0,4.0,0.0,10.0
-0.241,-0.063,0.178,27.0,4.0,0.0,10.0
-0.209,-0.088,0.121,27.0,4.0,0.0,10.0
-0.199,-0.088,0.111,27.0,4.0,0.0,10.0
-0.181,-0.109,0.072,27.0,4.0,0.0,10.0
-0.241,-0.062,0.179,27.0,4.0,0.0,10.0
-0.209,-0.086,0.123,27.0,4.0,0.0,10.0
-0.181,-0.089,0.092,24.0,0.0,0.0,34.0
-0.166,-0.11,0.056,24.0,0.0,0.0,34.0
-0.22,-0.066,0.154,24.0,0.0,0.0,34.0
-0.19,-0.088,0.102,24.0,0.0,0.0,34.0
-0.178,-0.091,0.087,24.0,0.0,0.0,34.0
-0.163,-0.111,0.052,24.0,0.0,0.0,34.0
-0.216,-0.069,0.147,24.0,0.0,0.0,34.0
-0.187,-0.09,0.097,24.0,0.0,0.0,34.0
-0.182,-0.087,0.095,24.0,0.0,0.0,34.0
-0.167,-0.108,0.059,24.0,0.0,0.0,34.0
-0.222,-0.064,0.158,24.0,0.0,0.0,34.0
-0.192,-0.086,0.106,24.0,0.0,0.0,34.0
-0.179,-0.091,0.088,24.0,0.0,0.0,34.0
-0.164,-0.111,0.053,24.0,0.0,0.0,34.0
-0.217,-0.069,0.148,24.0,0.0,0.0,34.0
-0.188,-0.09,0.098,24.0,0.0,0.0,34.0
-0.18,-0.088,0.092,24.0,0.0,0.0,34.0
-0.165,-0.109,0.056,24.0,0.0,0.0,34.0
-0.219,-0.065,0.154,24.0,0.0,0.0,34.0
-0.189,-0.088,0.101,24.0,0.0,0.0,34.0
-0.178,-0.092,0.086,24.0,0.0,0.0,34.0
-0.163,-0.112,0.051,24.0,0.0,0.0,34.0
-0.217,-0.07,0.147,24.0,0.0,0.0,34.0
-0.187,-0.091,0.096,24.0,0.0,0.0,34.0
-0.179,-0.091,0.088,24.0,0.0,0.0,34.0
-0.164,-0.111,0.053,24.0,0.0,0.0,34.0
-0.217,-0.068,0.149,24.0,0.0,0.0,34.0
-0.188,-0.09,0.098,24.0,0.0,0.0,34.0
-0.176,-0.089,0.087,24.0,0.0,0.0,34.0
-0.16,-0.109,0.051,24.0,0.0,0.0,34.0
-0.214,-0.067,0.147,24.0,0.0,0.0,34.0
-0.185,-0.088,0.097,24.0,0.0,0.0,34.0
-0.182,-0.087,0.095,24.0,0.0,0.0,34.0
-0.166,-0.108,0.058,24.0,0.0,0.0,34.0
-0.222,-0.064,0.158,24.0,0.0,0.0,34.0
-0.191,-0.086,0.105,24.0,0.0,0.0,34.0
-0.179,-0.091,0.088,24.0,0.0,0.0,34.0
-0.164,-0.111,0.053,24.0,0.0,0.0,34.0
-0.217,-0.068,0.149,24.0,0.0,0.0,34.0
-0.188,-0.09,0.098,24.0,0.0,0.0,34.0
-0.18,-0.089,0.091,24.0,0.0,0.0,34.0
-0.165,-0.109,0.056,24.0,0.0,0.0,34.0
-0.219,-0.066,0.153,24.0,0.0,0.0,34.0
-0.189,-0.088,0.101,24.0,0.0,0.0,34.0
-0.175,-0.089,0.086,24.0,0.0,0.0,34.0
-0.16,-0.109,0.051,24.0,0.0,0.0,34.0
-0.214,-0.067,0.147,24.0,0.0,0.0,34.0
-0.184,-0.089,0.095,24.0,0.0,0.0,34.0
-0.181,-0.087,0.094,24.0,0.0,0.0,34.0
-0.165,-0.108,0.057,24.0,0.0,0.0,34.0
-0.22,-0.064,0.156,24.0,0.0,0.0,34.0
-0.19,-0.086,0.104,24.0,0.0,0.0,34.0
-0.182,-0.089,0.093,24.0,0.0,0.0,34.0
-0.167,-0.11,0.057,24.0,0.0,0.0,34.0
-0.221,-0.066,0.155,24.0,0.0,0.0,34.0
-0.191,-0.089,0.102,24.0,0.0,0.0,34.0
-0.182,-0.09,0.092,24.0,0.0,0.0,34.0
-0.167,-0.11,0.057,24.0,0.0,0.0,34.0
-0.221,-0.066,0.155,24.0,0.0,0.0,34.0
-0.191,-0.089,0.102,24.0,0.0,0.0,34.0
-0.182,-0.088,0.094,24.0,0.0,0.0,34.0
-0.167,-0.109,0.058,24.0,0.0,0.0,34.0
-0.222,-0.065,0.157,24.0,0.0,0.0,34.0
-0.192,-0.087,0.105,24.0,0.0,0.0,34.0
-0.179,-0.091,0.088,24.0,0.0,0.0,34.0
-0.164,-0.111,0.053,24.0,0.0,0.0,34.0
-0.217,-0.068,0.149,24.0,0.0,0.0,34.0
-0.188,-0.09,0.098,24.0,0.0,0.0,34.0
-0.183,-0.09,0.093,24.0,0.0,0.0,34.0
-0.168,-0.11,0.058,24.0,0.0,0.0,34.0
-0.222,-0.067,0.155,24.0,0.0,0.0,34.0
-0.192,-0.089,0.103,24.0,0.0,0.0,34.0
-0.179,-0.091,0.088,24.0,0.0,0.0,34.0
-0.164,-0.111,0.053,24.0,0.0,0.0,34.0
-0.217,-0.068,0.149,24.0,0.0,0.0,34.0
-0.188,-0.09,0.098,24.0,0.0,0.0,34.0
-0.193,-0.089,0.104,23.0,3.0,0.0,19.0
-0.174,-0.113,0.061,23.0,3.0,0.0,19.0
-0.234,-0.06,0.174,23.0,3.0,0.0,19.0
-0.202,-0.087,0.115,23.0,3.0,0.0,19.0
-0.192,-0.087,0.105,23.0,3.0,0.0,19.0
-0.174,-0.111,0.063,23.0,3.0,0.0,19.0
-0.234,-0.058,0.176,23.0,3.0,0.0,19.0
-0.202,-0.085,0.117,23.0,3.0,0.0,19.0
-0.192,-0.089,0.103,23.0,3.0,0.0,19.0
-0.173,-0.113,0.06,23.0,3.0,0.0,19.0
-0.234,-0.06,0.174,23.0,3.0,0.0,19.0
-0.202,-0.087,0.115,23.0,3.0,0.0,19.0
-0.196,-0.088,0.108,23.0,3.0,0.0,19.0
-0.177,-0.112,0.065,23.0,3.0,0.0,19.0
-0.237,-0.059,0.178,23.0,3.0,0.0,19.0
-0.205,-0.086,0.119,23.0,3.0,0.0,19.0
-0.194,-0.09,0.104,23.0,3.0,0.0,19.0
-0.176,-0.114,0.062,23.0,3.0,0.0,19.0
-0.236,-0.061,0.175,23.0,3.0,0.0,19.0
-0.204,-0.088,0.116,23.0,3.0,0.0,19.0
-0.194,-0.088,0.106,23.0,3.0,0.0,19.0
-0.175,-0.112,0.063,23.0,3.0,0.0,19.0
-0.235,-0.059,0.176,23.0,3.0,0.0,19.0
-0.203,-0.086,0.117,23.0,3.0,0.0,19.0
-0.189,-0.088,0.101,23.0,3.0,0.0,19.0
-0.169,-0.113,0.056,23.0,3.0,0.0,19.0
-0.23,-0.059,0.171,23.0,3.0,0.0,19.0
-0.198,-0.087,0.111,23.0,3.0,0.0,19.0
-0.195,-0.089,0.106,23.0,3.0,0.0,19.0
-0.176,-0.114,0.062,23.0,3.0,0.0,19.0
-0.236,-0.06,0.176,23.0,3.0,0.0,19.0
-0.204,-0.088,0.116,23.0,3.0,0.0,19.0
-0.187,-0.085,0.102,23.0,3.0,0.0,19.0
-0.167,-0.11,0.057,23.0,3.0,0.0,19.0
-0.228,-0.056,0.172,23.0,3.0,0.0,19.0
-0.196,-0.083,0.113,23.0,3.0,0.0,19.0
-0.194,-0.087,0.107,23.0,3.0,0.0,19.0
-0.175,-0.112,0.063,23.0,3.0,0.0,19.0
-0.235,-0.058,0.177,23.0,3.0,0.0,19.0
-0.203,-0.085,0.118,23.0,3.0,0.0,19.0
-0.193,-0.088,0.105,23.0,3.0,0.0,19.0
-0.174,-0.112,0.062,23.0,3.0,0.0,19.0
-0.235,-0.059,0.176,23.0,3.0,0.0,19.0
-0.202,-0.086,0.116,23.0,3.0,0.0,19.0
-0.193,-0.088,0.105,23.0,3.0,0.0,19.0
-0.174,-0.112,0.062,23.0,3.0,0.0,19.0
-0.234,-0.059,0.175,23.0,3.0,0.0,19.0
-0.202,-0.086,0.116,23.0,3.0,0.0,19.0
-0.195,-0.088,0.107,23.0,3.0,0.0,19.0
-0.176,-0.112,0.064,23.0,3.0,0.0,19.0
-0.237,-0.059,0.178,23.0,3.0,0.0,19.0
-0.205,-0.086,0.119,23.0,3.0,0.0,19.0
-0.193,-0.088,0.105,23.0,3.0,0.0,19.0
-0.174,-0.113,0.061,23.0,3.0,0.0,19.0
-0.235,-0.059,0.176,23.0,3.0,0.0,19.0
-0.202,-0.087,0.115,23.0,3.0,0.0,19.0
-0.195,-0.088,0.107,23.0,3.0,0.0,19.0
-0.176,-0.112,0.064,23.0,3.0,0.0,19.0
-0.237,-0.059,0.178,23.0,3.0,0.0,19.0
-0.204,-0.086,0.118,23.0,3.0,0.0,19.0
-0.188,-0.085,0.103,23.0,3.0,0.0,19.0
-0.169,-0.11,0.059,23.0,3.0,0.0,19.0
-0.23,-0.057,0.173,23.0,3.0,0.0,19.0
-0.198,-0.083,0.115,23.0,3.0,0.0,19.0
-0.193,-0.088,0.105,23.0,3.0,0.0,19.0
-0.174,-0.112,0.062,23.0,3.0,0.0,19.0
-0.235,-0.059,0.176,23.0,3.0,0.0,19.0
-0.203,-0.086,0.117,23.0,3.0,0.0,19.0
-0.187,-0.089,0.098,36.0,0.0,0.0,34.0
-0.169,-0.109,0.06,36.0,0.0,0.0,34.0
-0.228,-0.065,0.163,36.0,0.0,0.0,34.0
-0.196,-0.088,0.108,36.0,0.0,0.0,34.0
-0.188,-0.087,0.101,36.0,0.0,0.0,34.0
-0.17,-0.108,0.062,36.0,0.0,0.0,34.0
-0.23,-0.062,0.168,36.0,0.0,0.0,34.0
-0.198,-0.086,0.112,36.0,0.0,0.0,34.0
-0.189,-0.088,0.101,36.0,0.0,0.0,34.0
-0.171,-0.108,0.063,36.0,0.0,0.0,34.0
-0.231,-0.063,0.168,36.0,0.0,0.0,34.0
-0.199,-0.087,0.112,36.0,0.0,0.0,34.0
-0.188,-0.089,0.099,36.0,0.0,0.0,34.0
-0.171,-0.109,0.062,36.0,0.0,0.0,34.0
-0.23,-0.064,0.166,36.0,0.0,0.0,34.0
-0.198,-0.088,0.11,36.0,0.0,0.0,34.0
-0.183,-0.088,0.095,36.0,0.0,0.0,34.0
-0.166,-0.108,0.058,36.0,0.0,0.0,34.0
-0.224,-0.064,0.16,36.0,0.0,0.0,34.0
-0.192,-0.087,0.105,36.0,0.0,0.0,34.0
-0.182,-0.088,0.094,36.0,0.0,0.0,34.0
-0.165,-0.108,0.057,36.0,0.0,0.0,34.0
-0.223,-0.064,0.159,36.0,0.0,0.0,34.0
-0.192,-0.087,0.105,36.0,0.0,0.0,34.0
-0.188,-0.088,0.1,36.0,0.0,0.0,34.0
-0.171,-0.108,0.063,36.0,0.0,0.0,34.0
-0.23,-0.063,0.167,36.0,0.0,0.0,34.0
-0.198,-0.087,0.111,36.0,0.0,0.0,34.0
-0.188,-0.089,0.099,36.0,0.0,0.0,34.0
-0.171,-0.109,0.062,36.0,0.0,0.0,34.0
-0.23,-0.064,0.166,36.0,0.0,0.0,34.0
-0.198,-0.088,0.11,36.0,0.0,0.0,34.0
-0.189,-0.086,0.103,36.0,0.0,0.0,34.0
-0.171,-0.107,0.064,36.0,0.0,0.0,34.0
-0.231,-0.061,0.17,36.0,0.0,0.0,34.0
-0.199,-0.085,0.114,36.0,0.0,0.0,34.0
-0.187,-0.089,0.098,36.0,0.0,0.0,34.0
-0.17,-0.109,0.061,36.0,0.0,0.0,34.0
-0.229,-0.064,0.165,36.0,0.0,0.0,34.0
-0.197,-0.088,0.109,36.0,0.0,0.0,34.0
-0.187,-0.09,0.097,36.0,0.0,0.0,34.0
-0.17,-0.11,0.06,36.0,0.0,0.0,34.0
-0.228,-0.066,0.162,36.0,0.0,0.0,34.0
-0.196,-0.089,0.107,36.0,0.0,0.0,34.0
-0.187,-0.088,0.099,36.0,0.0,0.0,34.0
-0.17,-0.108,0.062,36.0,0.0,0.0,34.0
-0.229,-0.064,0.165,36.0,0.0,0.0,34.0
-0.197,-0.087,0.11,36.0,0.0,0.0,34.0
-0.189,-0.088,0.101,36.0,0.0,0.0,34.0
-0.171,-0.109,0.062,36.0,0.0,0.0,34.0
-0.23,-0.064,0.166,36.0,0.0,0.0,34.0
-0.198,-0.087,0.111,36.0,0.0,0.0,34.0
-0.19,-0.087,0.103,36.0,0.0,0.0,34.0
-0.172,-0.108,0.064,36.0,0.0,0.0,34.0
-0.232,-0.062,0.17,36.0,0.0,0.0,34.0
-0.199,-0.086,0.113,36.0,0.0,0.0,34.0
-0.189,-0.088,0.101,36.0,0.0,0.0,34.0
-0.171,-0.109,0.062,36.0,0.0,0.0,34.0
-0.23,-0.064,0.166,36.0,0.0,0.0,34.0
-0.198,-0.087,0.111,36.0,0.0,0.0,34.0
-0.184,-0.085,0.099,36.0,0.0,0.0,34.0
-0.165,-0.106,0.059,36.0,0.0,0.0,34.0
-0.226,-0.06,0.166,36.0,0.0,0.0,34.0
-0.194,-0.084,0.11,36.0,0.0,0.0,34.0
-0.186,-0.09,0.096,36.0,0.0,0.0,34.0
-0.169,-0.109,0.06,36.0,0.0,0.0,34.0
-0.227,-0.066,0.161,36.0,0.0,0.0,34.0
-0.195,-0.089,0.106,36.0,0.0,0.0,34.0
-0.186,-0.089,0.097,36.0,0.0,0.0,34.0
-0.169,-0.109,0.06,36.0,0.0,0.0,34.0
-0.228,-0.064,0.164,36.0,0.0,0.0,34.0
-0.195,-0.088,0.107,36.0,0.0,0.0,34.0
-0.181,-0.088,0.093,36.0,0.0,0.0,34.0
-0.164,-0.108,0.056,36.0,0.0,0.0,34.0
-0.222,-0.065,0.157,36.0,0.0,0.0,34.0
-0.19,-0.088,0.102,36.0,0.0,0.0,34.0
-0.18,-0.104,0.076,57.0,0.0,0.0,60.0
-0.166,-0.124,0.042,57.0,0.0,0.0,60.0
-0.22,-0.082,0.138,57.0,0.0,0.0,60.0
-0.189,-0.104,0.085,57.0,0.0,0.0,60.0
-0.18,-0.105,0.075,57.0,0.0,0.0,60.0
-0.165,-0.124,0.041,57.0,0.0,0.0,60.0
-0.219,-0.082,0.137,57.0,0.0,0.0,60.0
-0.189,-0.104,0.085,57.0,0.0,0.0,60.0
-0.18,-0.105,0.075,57.0,0.0,0.0,60.0
-0.165,-0.124,0.041,57.0,0.0,0.0,60.0
-0.219,-0.082,0.137,57.0,0.0,0.0,60.0
-0.189,-0.104,0.085,57.0,0.0,0.0,60.0
-0.18,-0.105,0.075,57.0,0.0,0.0,60.0
-0.166,-0.124,0.042,57.0,0.0,0.0,60.0
-0.22,-0.082,0.138,57.0,0.0,0.0,60.0
-0.189,-0.104,0.085,57.0,0.0,0.0,60.0
-0.18,-0.105,0.075,57.0,0.0,0.0,60.0
-0.166,-0.125,0.041,57.0,0.0,0.0,60.0
-0.22,-0.082,0.138,57.0,0.0,0.0,60.0
-0.19,-0.104,0.086,57.0,0.0,0.0,60.0
-0.18,-0.105,0.075,57.0,0.0,0.0,60.0
-0.166,-0.125,0.041,57.0,0.0,0.0,60.0
-0.22,-0.082,0.138,57.0,0.0,0.0,60.0
-0.189,-0.104,0.085,57.0,0.0,0.0,60.0
-0.18,-0.105,0.075,57.0,0.0,0.0,60.0
-0.166,-0.124,0.042,57.0,0.0,0.0,60.0
-0.22,-0.082,0.138,57.0,0.0,0.0,60.0
-0.189,-0.104,0.085,57.0,0.0,0.0,60.0
-0.18,-0.105,0.075,57.0,0.0,0.0,60.0
-0.166,-0.124,0.042,57.0,0.0,0.0,60.0
-0.22,-0.083,0.137,57.0,0.0,0.0,60.0
-0.189,-0.104,0.085,57.0,0.0,0.0,60.0
-0.18,-0.105,0.075,57.0,0.0,0.0,60.0
-0.166,-0.124,0.042,57.0,0.0,0.0,60.0
-0.22,-0.082,0.138,57.0,0.0,0.0,60.0
-0.189,-0.104,0.085,57.0,0.0,0.0,60.0
-0.18,-0.105,0.075,57.0,0.0,0.0,60.0
-0.166,-0.125,0.041,57.0,0.0,0.0,60.0
-0.22,-0.082,0.138,57.0,0.0,0.0,60.0
-0.189,-0.105,0.084,57.0,0.0,0.0,60.0
-0.18,-0.105,0.075,57.0,0.0,0.0,60.0
-0.166,-0.124,0.042,57.0,0.0,0.0,60.0
-0.22,-0.082,0.138,57.0,0.0,0.0,60.0
-0.189,-0.104,0.085,57.0,0.0,0.0,60.0
-0.18,-0.105,0.075,57.0,0.0,0.0,60.0
-0.166,-0.124,0.042,57.0,0.0,0.0,60.0
-0.219,-0.082,0.137,57.0,0.0,0.0,60.0
-0.189,-0.104,0.085,57.0,0.0,0.0,60.0
-0.18,-0.105,0.075,57.0,0.0,0.0,60.0
-0.166,-0.124,0.042,57.0,0.0,0.0,60.0
-0.22,-0.082,0.138,57.0,0.0,0.0,60.0
-0.189,-0.104,0.085,57.0,0.0,0.0,60.0
-0.18,-0.105,0.075,57.0,0.0,0.0,60.0
-0.166,-0.124,0.042,57.0,0.0,0.0,60.0
-0.22,-0.082,0.138,57.0,0.0,0.0,60.0
-0.189,-0.105,0.084,57.0,0.0,0.0,60.0
-0.18,-0.105,0.075,57.0,0.0,0.0,60.0
-0.166,-0.124,0.042,57.0,0.0,0.0,60.0
-0.219,-0.082,0.137,57.0,0.0,0.0,60.0
-0.189,-0.104,0.085,57.0,0.0,0.0,60.0
-0.18,-0.105,0.075,57.0,0.0,0.0,60.0
-0.166,-0.124,0.042,57.0,0.0,0.0,60.0
-0.22,-0.082,0.138,57.0,0.0,0.0,60.0
-0.189,-0.105,0.084,57.0,0.0,0.0,60.0
-0.205,-0.126,0.079,19.0,0.0,0.0,35.0
-0.189,-0.145,0.044,19.0,0.0,0.0,35.0
-0.246,-0.102,0.144,19.0,0.0,0.0,35.0
-0.214,-0.125,0.089,19.0,0.0,0.0,35.0
-0.205,-0.127,0.078,19.0,0.0,0.0,35.0
-0.189,-0.145,0.044,19.0,0.0,0.0,35.0
-0.246,-0.103,0.143,19.0,0.0,0.0,35.0
-0.215,-0.126,0.089,19.0,0.0,0.0,35.0
-0.205,-0.126,0.079,19.0,0.0,0.0,35.0
-0.189,-0.145,0.044,19.0,0.0,0.0,35.0
-0.246,-0.103,0.143,19.0,0.0,0.0,35.0
-0.214,-0.126,0.088,19.0,0.0,0.0,35.0
-0.205,-0.127,0.078,19.0,0.0,0.0,35.0
-0.189,-0.145,0.044,19.0,0.0,0.0,35.0
-0.246,-0.103,0.143,19.0,0.0,0.0,35.0
-0.214,-0.126,0.088,19.0,0.0,0.0,35.0
-0.204,-0.126,0.078,19.0,0.0,0.0,35.0
-0.188,-0.144,0.044,19.0,0.0,0.0,35.0
-0.245,-0.102,0.143,19.0,0.0,0.0,35.0
-0.214,-0.125,0.089,19.0,0.0,0.0,35.0
-0.205,-0.127,0.078,19.0,0.0,0.0,35.0
-0.189,-0.145,0.044,19.0,0.0,0.0,35.0
-0.246,-0.103,0.143,19.0,0.0,0.0,35.0
-0.214,-0.126,0.088,19.0,0.0,0.0,35.0
-0.205,-0.126,0.079,19.0,0.0,0.0,35.0
-0.189,-0.145,0.044,19.0,0.0,0.0,35.0
-0.246,-0.103,0.143,19.0,0.0,0.0,35.0
-0.214,-0.126,0.088,19.0,0.0,0.0,35.0
-0.204,-0.126,0.078,19.0,0.0,0.0,35.0
-0.188,-0.145,0.043,19.0,0.0,0.0,35.0
-0.245,-0.103,0.142,19.0,0.0,0.0,35.0
-0.214,-0.125,0.089,19.0,0.0,0.0,35.0
-0.205,-0.127,0.078,19.0,0.0,0.0,35.0
-0.189,-0.145,0.044,19.0,0.0,0.0,35.0
-0.246,-0.103,0.143,19.0,0.0,0.0,35.0
-0.214,-0.126,0.088,19.0,0.0,0.0,35.0
-0.205,-0.127,0.078,19.0,0.0,0.0,35.0
-0.189,-0.145,0.044,19.0,0.0,0.0,35.0
-0.246,-0.103,0.143,19.0,0.0,0.0,35.0
-0.214,-0.126,0.088,19.0,0.0,0.0,35.0
-0.204,-0.126,0.078,19.0,0.0,0.0,35.0
-0.188,-0.144,0.044,19.0,0.0,0.0,35.0
-0.246,-0.102,0.144,19.0,0.0,0.0,35.0
-0.214,-0.125,0.089,19.0,0.0,0.0,35.0
-0.206,-0.127,0.079,19.0,0.0,0.0,35.0
-0.189,-0.146,0.043,19.0,0.0,0.0,35.0
-0.247,-0.103,0.144,19.0,0.0,0.0,35.0
-0.215,-0.126,0.089,19.0,0.0,0.0,35.0
-0.204,-0.126,0.078,19.0,0.0,0.0,35.0
-0.188,-0.144,0.044,19.0,0.0,0.0,35.0
-0.246,-0.102,0.144,19.0,0.0,0.0,35.0
-0.214,-0.125,0.089,19.0,0.0,0.0,35.0
-0.184,-0.106,0.078,29.0,0.0,0.0,39.0
-0.169,-0.125,0.044,29.0,0.0,0.0,39.0
-0.224,-0.083,0.141,29.0,0.0,0.0,39.0
-0.194,-0.105,0.089,29.0,0.0,0.0,39.0
-0.186,-0.105,0.081,29.0,0.0,0.0,39.0
-0.17,-0.125,0.045,29.0,0.0,0.0,39.0
-0.226,-0.082,0.144,29.0,0.0,0.0,39.0
-0.195,-0.105,0.09,29.0,0.0,0.0,39.0
-0.184,-0.106,0.078,29.0,0.0,0.0,39.0
-0.169,-0.125,0.044,29.0,0.0,0.0,39.0
-0.224,-0.083,0.141,29.0,0.0,0.0,39.0
-0.194,-0.105,0.089,29.0,0.0,0.0,39.0
-0.185,-0.105,0.08,29.0,0.0,0.0,39.0
-0.17,-0.125,0.045,29.0,0.0,0.0,39.0
-0.226,-0.082,0.144,29.0,0.0,0.0,39.0
-0.195,-0.105,0.09,29.0,0.0,0.0,39.0
-0.184,-0.106,0.078,29.0,0.0,0.0,39.0
-0.169,-0.125,0.044,29.0,0.0,0.0,39.0
-0.224,-0.083,0.141,29.0,0.0,0.0,39.0
-0.194,-0.105,0.089,29.0,0.0,0.0,39.0
-0.185,-0.106,0.079,29.0,0.0,0.0,39.0
-0.169,-0.125,0.044,29.0,0.0,0.0,39.0
-0.224,-0.083,0.141,29.0,0.0,0.0,39.0
-0.194,-0.105,0.089,29.0,0.0,0.0,39.0
-0.186,-0.105,0.081,29.0,0.0,0.0,39.0
-0.171,-0.125,0.046,29.0,0.0,0.0,39.0
-0.226,-0.082,0.144,29.0,0.0,0.0,39.0
-0.196,-0.105,0.091,29.0,0.0,0.0,39.0
-0.184,-0.106,0.078,29.0,0.0,0.0,39.0
-0.169,-0.125,0.044,29.0,0.0,0.0,39.0
-0.224,-0.083,0.141,29.0,0.0,0.0,39.0
-0.194,-0.106,0.088,29.0,0.0,0.0,39.0
-0.184,-0.106,0.078,29.0,0.0,0.0,39.0
-0.169,-0.125,0.044,29.0,0.0,0.0,39.0
-0.224,-0.083,0.141,29.0,0.0,0.0,39.0
-0.194,-0.105,0.089,29.0,0.0,0.0,39.0
-0.186,-0.105,0.081,29.0,0.0,0.0,39.0
-0.17,-0.125,0.045,29.0,0.0,0.0,39.0
-0.226,-0.082,0.144,29.0,0.0,0.0,39.0
-0.195,-0.105,0.09,29.0,0.0,0.0,39.0
-0.185,-0.106,0.079,29.0,0.0,0.0,39.0
-0.17,-0.125,0.045,29.0,0.0,0.0,39.0
-0.225,-0.083,0.142,29.0,0.0,0.0,39.0
-0.194,-0.105,0.089,29.0,0.0,0.0,39.0
-0.186,-0.105,0.081,29.0,0.0,0.0,39.0
-0.17,-0.125,0.045,29.0,0.0,0.0,39.0
-0.226,-0.082,0.144,29.0,0.0,0.0,39.0
-0.195,-0.105,0.09,29.0,0.0,0.0,39.0
-0.185,-0.105,0.08,29.0,0.0,0.0,39.0
-0.17,-0.125,0.045,29.0,0.0,0.0,39.0
-0.225,-0.082,0.143,29.0,0.0,0.0,39.0
-0.195,-0.105,0.09,29.0,0.0,0.0,39.0
-0.184,-0.106,0.078,29.0,0.0,0.0,39.0
-0.169,-0.125,0.044,29.0,0.0,0.0,39.0
-0.224,-0.083,0.141,29.0,0.0,0.0,39.0
-0.194,-0.105,0.089,29.0,0.0,0.0,39.0
-0.185,-0.106,0.079,29.0,0.0,0.0,39.0
-0.169,-0.125,0.044,29.0,0.0,0.0,39.0
-0.224,-0.083,0.141,29.0,0.0,0.0,39.0
-0.194,-0.105,0.089,29.0,0.0,0.0,39.0
-0.186,-0.105,0.081,29.0,0.0,0.0,39.0
-0.17,-0.125,0.045,29.0,0.0,0.0,39.0
-0.226,-0.082,0.144,29.0,0.0,0.0,39.0
-0.195,-0.105,0.09,29.0,0.0,0.0,39.0
-0.191,-0.104,0.087,36.0,0.0,0.0,32.0
-0.175,-0.125,0.05,36.0,0.0,0.0,32.0
-0.232,-0.081,0.151,36.0,0.0,0.0,32.0
-0.2,-0.104,0.096,36.0,0.0,0.0,32.0
-0.191,-0.104,0.087,36.0,0.0,0.0,32.0
-0.175,-0.125,0.05,36.0,0.0,0.0,32.0
-0.232,-0.08,0.152,36.0,0.0,0.0,32.0
-0.2,-0.104,0.096,36.0,0.0,0.0,32.0
-0.186,-0.101,0.085,36.0,0.0,0.0,32.0
-0.17,-0.122,0.048,36.0,0.0,0.0,32.0
-0.226,-0.077,0.149,36.0,0.0,0.0,32.0
-0.195,-0.101,0.094,36.0,0.0,0.0,32.0
-0.186,-0.102,0.084,36.0,0.0,0.0,32.0
-0.17,-0.122,0.048,36.0,0.0,0.0,32.0
-0.227,-0.078,0.149,36.0,0.0,0.0,32.0
-0.196,-0.101,0.095,36.0,0.0,0.0,32.0
-0.19,-0.104,0.086,36.0,0.0,0.0,32.0
-0.174,-0.124,0.05,36.0,0.0,0.0,32.0
-0.231,-0.08,0.151,36.0,0.0,0.0,32.0
-0.2,-0.103,0.097,36.0,0.0,0.0,32.0
-0.19,-0.104,0.086,36.0,0.0,0.0,32.0
-0.174,-0.124,0.05,36.0,0.0,0.0,32.0
-0.231,-0.08,0.151,36.0,0.0,0.0,32.0
-0.2,-0.103,0.097,36.0,0.0,0.0,32.0
-0.191,-0.104,0.087,36.0,0.0,0.0,32.0
-0.175,-0.125,0.05,36.0,0.0,0.0,32.0
-0.232,-0.081,0.151,36.0,0.0,0.0,32.0
-0.2,-0.104,0.096,36.0,0.0,0.0,32.0
-0.186,-0.101,0.085,36.0,0.0,0.0,32.0
-0.17,-0.122,0.048,36.0,0.0,0.0,32.0
-0.227,-0.077,0.15,36.0,0.0,0.0,32.0
-0.195,-0.101,0.094,36.0,0.0,0.0,32.0
-0.191,-0.104,0.087,36.0,0.0,0.0,32.0
-0.175,-0.125,0.05,36.0,0.0,0.0,32.0
-0.232,-0.081,0.151,36.0,0.0,0.0,32.0
-0.201,-0.104,0.097,36.0,0.0,0.0,32.0
-0.186,-0.101,0.085,36.0,0.0,0.0,32.0
-0.17,-0.121,0.049,36.0,0.0,0.0,32.0
-0.226,-0.077,0.149,36.0,0.0,0.0,32.0
-0.195,-0.101,0.094,36.0,0.0,0.0,32.0
-0.19,-0.104,0.086,36.0,0.0,0.0,32.0
-0.174,-0.124,0.05,36.0,0.0,0.0,32.0
-0.232,-0.08,0.152,36.0,0.0,0.0,32.0
-0.2,-0.103,0.097,36.0,0.0,0.0,32.0
-0.186,-0.102,0.084,36.0,0.0,0.0,32.0
-0.17,-0.122,0.048,36.0,0.0,0.0,32.0
-0.227,-0.078,0.149,36.0,0.0,0.0,32.0
-0.196,-0.101,0.095,36.0,0.0,0.0,32.0
-0.186,-0.101,0.085,36.0,0.0,0.0,32.0
-0.17,-0.122,0.048,36.0,0.0,0.0,32.0
-0.226,-0.078,0.148,36.0,0.0,0.0,32.0
-0.195,-0.101,0.094,36.0,0.0,0.0,32.0
-0.189,-0.105,0.084,41.0,0.0,0.0,38.0
-0.174,-0.126,0.048,41.0,0.0,0.0,38.0
-0.229,-0.081,0.148,41.0,0.0,0.0,38.0
-0.198,-0.105,0.093,41.0,0.0,0.0,38.0
-0.189,-0.105,0.084,41.0,0.0,0.0,38.0
-0.174,-0.126,0.048,41.0,0.0,0.0,38.0
-0.229,-0.081,0.148,41.0,0.0,0.0,38.0
-0.198,-0.104,0.094,41.0,0.0,0.0,38.0
-0.189,-0.105,0.084,41.0,0.0,0.0,38.0
-0.174,-0.126,0.048,41.0,0.0,0.0,38.0
-0.23,-0.081,0.149,41.0,0.0,0.0,38.0
-0.198,-0.105,0.093,41.0,0.0,0.0,38.0
-0.189,-0.105,0.084,41.0,0.0,0.0,38.0
-0.174,-0.126,0.048,41.0,0.0,0.0,38.0
-0.229,-0.081,0.148,41.0,0.0,0.0,38.0
-0.198,-0.105,0.093,41.0,0.0,0.0,38.0
-0.189,-0.105,0.084,41.0,0.0,0.0,38.0
-0.174,-0.126,0.048,41.0,0.0,0.0,38.0
-0.229,-0.081,0.148,41.0,0.0,0.0,38.0
-0.198,-0.105,0.093,41.0,0.0,0.0,38.0
-0.189,-0.105,0.084,41.0,0.0,0.0,38.0
-0.174,-0.126,0.048,41.0,0.0,0.0,38.0
-0.229,-0.081,0.148,41.0,0.0,0.0,38.0
-0.198,-0.105,0.093,41.0,0.0,0.0,38.0
-0.193,-0.09,0.103,28.0,0.0,0.0,34.0
-0.176,-0.111,0.065,28.0,0.0,0.0,34.0
-0.235,-0.066,0.169,28.0,0.0,0.0,34.0
-0.203,-0.089,0.114,28.0,0.0,0.0,34.0
-0.192,-0.091,0.101,28.0,0.0,0.0,34.0
-0.175,-0.111,0.064,28.0,0.0,0.0,34.0
-0.234,-0.068,0.166,28.0,0.0,0.0,34.0
-0.202,-0.09,0.112,28.0,0.0,0.0,34.0
-0.193,-0.09,0.103,28.0,0.0,0.0,34.0
-0.176,-0.11,0.066,28.0,0.0,0.0,34.0
-0.235,-0.066,0.169,28.0,0.0,0.0,34.0
-0.203,-0.089,0.114,28.0,0.0,0.0,34.0
-0.192,-0.091,0.101,28.0,0.0,0.0,34.0
-0.175,-0.111,0.064,28.0,0.0,0.0,34.0
-0.234,-0.067,0.167,28.0,0.0,0.0,34.0
-0.202,-0.09,0.112,28.0,0.0,0.0,34.0
-0.192,-0.091,0.101,28.0,0.0,0.0,34.0
-0.175,-0.111,0.064,28.0,0.0,0.0,34.0
-0.234,-0.067,0.167,28.0,0.0,0.0,34.0
-0.202,-0.09,0.112,28.0,0.0,0.0,34.0
-0.194,-0.089,0.105,28.0,0.0,0.0,34.0
-0.177,-0.11,0.067,28.0,0.0,0.0,34.0
-0.237,-0.065,0.172,28.0,0.0,0.0,34.0
-0.204,-0.088,0.116,28.0,0.0,0.0,34.0
-0.192,-0.091,0.101,28.0,0.0,0.0,34.0
-0.175,-0.111,0.064,28.0,0.0,0.0,34.0
-0.234,-0.068,0.166,28.0,0.0,0.0,34.0
-0.202,-0.09,0.112,28.0,0.0,0.0,34.0
-0.194,-0.089,0.105,28.0,0.0,0.0,34.0
-0.177,-0.11,0.067,28.0,0.0,0.0,34.0
-0.237,-0.065,0.172,28.0,0.0,0.0,34.0
-0.204,-0.088,0.116,28.0,0.0,0.0,34.0
-0.192,-0.091,0.101,28.0,0.0,0.0,34.0
-0.175,-0.111,0.064,28.0,0.0,0.0,34.0
-0.234,-0.068,0.166,28.0,0.0,0.0,34.0
-0.202,-0.09,0.112,28.0,0.0,0.0,34.0
-0.192,-0.091,0.101,28.0,0.0,0.0,34.0
-0.175,-0.111,0.064,28.0,0.0,0.0,34.0
-0.234,-0.067,0.167,28.0,0.0,0.0,34.0
-0.202,-0.09,0.112,28.0,0.0,0.0,34.0
-0.192,-0.091,0.101,28.0,0.0,0.0,34.0
-0.175,-0.111,0.064,28.0,0.0,0.0,34.0
-0.234,-0.068,0.166,28.0,0.0,0.0,34.0
-0.202,-0.09,0.112,28.0,0.0,0.0,34.0
-0.192,-0.091,0.101,28.0,0.0,0.0,34.0
-0.175,-0.111,0.064,28.0,0.0,0.0,34.0
-0.234,-0.067,0.167,28.0,0.0,0.0,34.0
-0.202,-0.09,0.112,28.0,0.0,0.0,34.0
-0.193,-0.09,0.103,28.0,0.0,0.0,34.0
-0.176,-0.111,0.065,28.0,0.0,0.0,34.0
-0.235,-0.066,0.169,28.0,0.0,0.0,34.0
-0.203,-0.089,0.114,28.0,0.0,0.0,34.0
-0.193,-0.09,0.103,28.0,0.0,0.0,34.0
-0.176,-0.111,0.065,28.0,0.0,0.0,34.0
-0.235,-0.066,0.169,28.0,0.0,0.0,34.0
-0.203,-0.089,0.114,28.0,0.0,0.0,34.0
-0.193,-0.09,0.103,28.0,0.0,0.0,34.0
-0.176,-0.11,0.066,28.0,0.0,0.0,34.0
-0.235,-0.066,0.169,28.0,0.0,0.0,34.0
-0.203,-0.089,0.114,28.0,0.0,0.0,34.0
-0.193,-0.09,0.103,28.0,0.0,0.0,34.0
-0.176,-0.111,0.065,28.0,0.0,0.0,34.0
-0.235,-0.066,0.169,28.0,0.0,0.0,34.0
-0.203,-0.089,0.114,28.0,0.0,0.0,34.0
-0.183,-0.096,0.087,32.0,1.0,0.0,43.0
-0.168,-0.116,0.052,32.0,1.0,0.0,43.0
-0.223,-0.073,0.15,32.0,1.0,0.0,43.0
-0.193,-0.096,0.097,32.0,1.0,0.0,43.0
-0.183,-0.097,0.086,32.0,1.0,0.0,43.0
-0.167,-0.116,0.051,32.0,1.0,0.0,43.0
-0.222,-0.074,0.148,32.0,1.0,0.0,43.0
-0.192,-0.096,0.096,32.0,1.0,0.0,43.0
-0.183,-0.097,0.086,32.0,1.0,0.0,43.0
-0.167,-0.117,0.05,32.0,1.0,0.0,43.0
-0.222,-0.074,0.148,32.0,1.0,0.0,43.0
-0.192,-0.097,0.095,32.0,1.0,0.0,43.0
-0.183,-0.097,0.086,32.0,1.0,0.0,43.0
-0.167,-0.117,0.05,32.0,1.0,0.0,43.0
-0.222,-0.075,0.147,32.0,1.0,0.0,43.0
-0.192,-0.097,0.095,32.0,1.0,0.0,43.0
-0.183,-0.097,0.086,32.0,1.0,0.0,43.0
-0.167,-0.116,0.051,32.0,1.0,0.0,43.0
-0.222,-0.074,0.148,32.0,1.0,0.0,43.0
-0.192,-0.096,0.096,32.0,1.0,0.0,43.0
-0.183,-0.097,0.086,32.0,1.0,0.0,43.0
-0.167,-0.116,0.051,32.0,1.0,0.0,43.0
-0.223,-0.074,0.149,32.0,1.0,0.0,43.0
-0.192,-0.096,0.096,32.0,1.0,0.0,43.0
-0.183,-0.097,0.086,32.0,1.0,0.0,43.0
-0.167,-0.117,0.05,32.0,1.0,0.0,43.0
-0.222,-0.074,0.148,32.0,1.0,0.0,43.0
-0.192,-0.097,0.095,32.0,1.0,0.0,43.0
-0.183,-0.096,0.087,32.0,1.0,0.0,43.0
-0.167,-0.116,0.051,32.0,1.0,0.0,43.0
-0.223,-0.073,0.15,32.0,1.0,0.0,43.0
-0.192,-0.096,0.096,32.0,1.0,0.0,43.0
-0.183,-0.097,0.086,32.0,1.0,0.0,43.0
-0.167,-0.117,0.05,32.0,1.0,0.0,43.0
-0.222,-0.074,0.148,32.0,1.0,0.0,43.0
-0.192,-0.096,0.096,32.0,1.0,0.0,43.0
-0.183,-0.096,0.087,32.0,1.0,0.0,43.0
-0.167,-0.116,0.051,32.0,1.0,0.0,43.0
-0.223,-0.073,0.15,32.0,1.0,0.0,43.0
-0.192,-0.096,0.096,32.0,1.0,0.0,43.0
-0.183,-0.097,0.086,32.0,1.0,0.0,43.0
-0.167,-0.117,0.05,32.0,1.0,0.0,43.0
-0.222,-0.074,0.148,32.0,1.0,0.0,43.0
-0.192,-0.097,0.095,32.0,1.0,0.0,43.0
-0.183,-0.097,0.086,32.0,1.0,0.0,43.0
-0.167,-0.117,0.05,32.0,1.0,0.0,43.0
-0.222,-0.074,0.148,32.0,1.0,0.0,43.0
-0.192,-0.096,0.096,32.0,1.0,0.0,43.0
-0.181,-0.097,0.084,32.0,1.0,0.0,43.0
-0.166,-0.117,0.049,32.0,1.0,0.0,43.0
-0.221,-0.074,0.147,32.0,1.0,0.0,43.0
-0.19,-0.096,0.094,32.0,1.0,0.0,43.0
-0.182,-0.096,0.086,32.0,1.0,0.0,43.0
-0.166,-0.116,0.05,32.0,1.0,0.0,43.0
-0.221,-0.074,0.147,32.0,1.0,0.0,43.0
-0.191,-0.096,0.095,32.0,1.0,0.0,43.0
-0.183,-0.096,0.087,32.0,1.0,0.0,43.0
-0.168,-0.116,0.052,32.0,1.0,0.0,43.0
-0.223,-0.073,0.15,32.0,1.0,0.0,43.0
-0.193,-0.096,0.097,32.0,1.0,0.0,43.0
-0.19,-0.097,0.093,28.0,0.0,0.0,26.0
-0.174,-0.125,0.049,28.0,0.0,0.0,26.0
-0.23,-0.072,0.158,28.0,0.0,0.0,26.0
-0.199,-0.095,0.104,28.0,0.0,0.0,26.0
-0.19,-0.097,0.093,28.0,0.0,0.0,26.0
-0.174,-0.125,0.049,28.0,0.0,0.0,26.0
-0.23,-0.072,0.158,28.0,0.0,0.0,26.0
-0.199,-0.096,0.103,28.0,0.0,0.0,26.0
-0.19,-0.096,0.094,28.0,0.0,0.0,26.0
-0.174,-0.124,0.05,28.0,0.0,0.0,26.0
-0.23,-0.071,0.159,28.0,0.0,0.0,26.0
-0.199,-0.094,0.105,28.0,0.0,0.0,26.0
-0.19,-0.096,0.094,28.0,0.0,0.0,26.0
-0.174,-0.123,0.051,28.0,0.0,0.0,26.0
-0.23,-0.072,0.158,28.0,0.0,0.0,26.0
-0.199,-0.095,0.104,28.0,0.0,0.0,26.0
-0.19,-0.096,0.094,28.0,0.0,0.0,26.0
-0.174,-0.125,0.049,28.0,0.0,0.0,26.0
-0.23,-0.071,0.159,28.0,0.0,0.0,26.0
-0.199,-0.094,0.105,28.0,0.0,0.0,26.0
-0.19,-0.097,0.093,28.0,0.0,0.0,26.0
-0.174,-0.125,0.049,28.0,0.0,0.0,26.0
-0.23,-0.072,0.158,28.0,0.0,0.0,26.0
-0.199,-0.096,0.103,28.0,0.0,0.0,26.0
-0.19,-0.095,0.095,28.0,0.0,0.0,26.0
-0.174,-0.122,0.052,28.0,0.0,0.0,26.0
-0.23,-0.072,0.158,28.0,0.0,0.0,26.0
-0.199,-0.094,0.105,28.0,0.0,0.0,26.0
-0.19,-0.095,0.095,28.0,0.0,0.0,26.0
-0.174,-0.123,0.051,28.0,0.0,0.0,26.0
-0.23,-0.072,0.158,28.0,0.0,0.0,26.0
-0.199,-0.094,0.105,28.0,0.0,0.0,26.0
-0.19,-0.095,0.095,28.0,0.0,0.0,26.0
-0.174,-0.123,0.051,28.0,0.0,0.0,26.0
-0.23,-0.072,0.158,28.0,0.0,0.0,26.0
-0.199,-0.094,0.105,28.0,0.0,0.0,26.0
-0.19,-0.097,0.093,28.0,0.0,0.0,26.0
-0.175,-0.122,0.053,28.0,0.0,0.0,26.0
-0.23,-0.072,0.158,28.0,0.0,0.0,26.0
-0.199,-0.095,0.104,28.0,0.0,0.0,26.0
-0.19,-0.095,0.095,28.0,0.0,0.0,26.0
-0.174,-0.123,0.051,28.0,0.0,0.0,26.0
-0.23,-0.072,0.158,28.0,0.0,0.0,26.0
-0.199,-0.094,0.105,28.0,0.0,0.0,26.0
-0.19,-0.095,0.095,28.0,0.0,0.0,26.0
-0.174,-0.123,0.051,28.0,0.0,0.0,26.0
-0.23,-0.072,0.158,28.0,0.0,0.0,26.0
-0.199,-0.094,0.105,28.0,0.0,0.0,26.0
-0.19,-0.097,0.093,28.0,0.0,0.0,26.0
-0.174,-0.124,0.05,28.0,0.0,0.0,26.0
-0.23,-0.072,0.158,28.0,0.0,0.0,26.0
-0.199,-0.095,0.104,28.0,0.0,0.0,26.0
-0.19,-0.095,0.095,28.0,0.0,0.0,26.0
-0.174,-0.123,0.051,28.0,0.0,0.0,26.0
-0.23,-0.072,0.158,28.0,0.0,0.0,26.0
-0.199,-0.094,0.105,28.0,0.0,0.0,26.0
-0.18,-0.117,0.063,67.0,16.0,2.0,55.0
-0.168,-0.135,0.033,67.0,16.0,2.0,55.0
-0.216,-0.095,0.121,67.0,16.0,2.0,55.0
-0.189,-0.117,0.072,67.0,16.0,2.0,55.0
-0.18,-0.117,0.063,67.0,16.0,2.0,55.0
-0.168,-0.136,0.032,67.0,16.0,2.0,55.0
-0.217,-0.095,0.122,67.0,16.0,2.0,55.0
-0.189,-0.117,0.072,67.0,16.0,2.0,55.0
-0.18,-0.117,0.063,67.0,16.0,2.0,55.0
-0.168,-0.135,0.033,67.0,16.0,2.0,55.0
-0.217,-0.094,0.123,67.0,16.0,2.0,55.0
-0.189,-0.116,0.073,67.0,16.0,2.0,55.0
-0.178,-0.117,0.061,67.0,16.0,2.0,55.0
-0.167,-0.135,0.032,67.0,16.0,2.0,55.0
-0.215,-0.095,0.12,67.0,16.0,2.0,55.0
-0.187,-0.117,0.07,67.0,16.0,2.0,55.0
-0.18,-0.118,0.062,67.0,16.0,2.0,55.0
-0.168,-0.136,0.032,67.0,16.0,2.0,55.0
-0.216,-0.096,0.12,67.0,16.0,2.0,55.0
-0.188,-0.118,0.07,67.0,16.0,2.0,55.0
-0.18,-0.117,0.063,67.0,16.0,2.0,55.0
-0.168,-0.135,0.033,67.0,16.0,2.0,55.0
-0.216,-0.095,0.121,67.0,16.0,2.0,55.0
-0.188,-0.117,0.071,67.0,16.0,2.0,55.0
-0.181,-0.118,0.063,67.0,16.0,2.0,55.0
-0.169,-0.136,0.033,67.0,16.0,2.0,55.0
-0.218,-0.095,0.123,67.0,16.0,2.0,55.0
-0.19,-0.118,0.072,67.0,16.0,2.0,55.0
-0.185,-0.104,0.081,30.0,4.0,0.0,21.0
-0.169,-0.124,0.045,30.0,4.0,0.0,21.0
-0.224,-0.083,0.141,30.0,4.0,0.0,21.0
-0.193,-0.104,0.089,30.0,4.0,0.0,21.0
-0.185,-0.103,0.082,30.0,4.0,0.0,21.0
-0.169,-0.123,0.046,30.0,4.0,0.0,21.0
-0.224,-0.082,0.142,30.0,4.0,0.0,21.0
-0.194,-0.103,0.091,30.0,4.0,0.0,21.0
-0.185,-0.104,0.081,30.0,4.0,0.0,21.0
-0.169,-0.123,0.046,30.0,4.0,0.0,21.0
-0.224,-0.082,0.142,30.0,4.0,0.0,21.0
-0.194,-0.103,0.091,30.0,4.0,0.0,21.0
-0.184,-0.104,0.08,30.0,4.0,0.0,21.0
-0.168,-0.123,0.045,30.0,4.0,0.0,21.0
-0.223,-0.082,0.141,30.0,4.0,0.0,21.0
-0.193,-0.103,0.09,30.0,4.0,0.0,21.0
-0.184,-0.104,0.08,30.0,4.0,0.0,21.0
-0.168,-0.123,0.045,30.0,4.0,0.0,21.0
-0.223,-0.082,0.141,30.0,4.0,0.0,21.0
-0.193,-0.103,0.09,30.0,4.0,0.0,21.0
-0.184,-0.103,0.081,30.0,4.0,0.0,21.0
-0.168,-0.122,0.046,30.0,4.0,0.0,21.0
-0.223,-0.081,0.142,30.0,4.0,0.0,21.0
-0.193,-0.102,0.091,30.0,4.0,0.0,21.0
-0.185,-0.103,0.082,30.0,4.0,0.0,21.0
-0.169,-0.122,0.047,30.0,4.0,0.0,21.0
-0.224,-0.081,0.143,30.0,4.0,0.0,21.0
-0.193,-0.102,0.091,30.0,4.0,0.0,21.0
-0.184,-0.103,0.081,30.0,4.0,0.0,21.0
-0.168,-0.122,0.046,30.0,4.0,0.0,21.0
-0.223,-0.081,0.142,30.0,4.0,0.0,21.0
-0.193,-0.102,0.091,30.0,4.0,0.0,21.0
-0.184,-0.104,0.08,30.0,4.0,0.0,21.0
-0.168,-0.123,0.045,30.0,4.0,0.0,21.0
-0.223,-0.082,0.141,30.0,4.0,0.0,21.0
-0.193,-0.103,0.09,30.0,4.0,0.0,21.0
-0.185,-0.104,0.081,30.0,4.0,0.0,21.0
-0.169,-0.123,0.046,30.0,4.0,0.0,21.0
-0.223,-0.082,0.141,30.0,4.0,0.0,21.0
-0.193,-0.103,0.09,30.0,4.0,0.0,21.0
-0.185,-0.104,0.081,30.0,4.0,0.0,21.0
-0.169,-0.124,0.045,30.0,4.0,0.0,21.0
-0.224,-0.083,0.141,30.0,4.0,0.0,21.0
-0.194,-0.104,0.09,30.0,4.0,0.0,21.0
-0.184,-0.102,0.082,30.0,4.0,0.0,21.0
-0.168,-0.122,0.046,30.0,4.0,0.0,21.0
-0.223,-0.081,0.142,30.0,4.0,0.0,21.0
-0.193,-0.102,0.091,30.0,4.0,0.0,21.0
-0.184,-0.103,0.081,30.0,4.0,0.0,21.0
-0.168,-0.123,0.045,30.0,4.0,0.0,21.0
-0.223,-0.082,0.141,30.0,4.0,0.0,21.0
-0.193,-0.103,0.09,30.0,4.0,0.0,21.0
-0.181,-0.102,0.079,45.0,0.0,0.0,54.0
-0.166,-0.122,0.044,45.0,0.0,0.0,54.0
-0.221,-0.079,0.142,45.0,0.0,0.0,54.0
-0.19,-0.102,0.088,45.0,0.0,0.0,54.0
-0.177,-0.102,0.075,45.0,0.0,0.0,54.0
-0.162,-0.121,0.041,45.0,0.0,0.0,54.0
-0.217,-0.08,0.137,45.0,0.0,0.0,54.0
-0.186,-0.102,0.084,45.0,0.0,0.0,54.0
-0.18,-0.102,0.078,45.0,0.0,0.0,54.0
-0.165,-0.121,0.044,45.0,0.0,0.0,54.0
-0.221,-0.079,0.142,45.0,0.0,0.0,54.0
-0.19,-0.101,0.089,45.0,0.0,0.0,54.0
-0.181,-0.102,0.079,45.0,0.0,0.0,54.0
-0.166,-0.122,0.044,45.0,0.0,0.0,54.0
-0.222,-0.079,0.143,45.0,0.0,0.0,54.0
-0.19,-0.101,0.089,45.0,0.0,0.0,54.0
-0.177,-0.102,0.075,45.0,0.0,0.0,54.0
-0.162,-0.121,0.041,45.0,0.0,0.0,54.0
-0.217,-0.08,0.137,45.0,0.0,0.0,54.0
-0.186,-0.102,0.084,45.0,0.0,0.0,54.0
-0.177,-0.102,0.075,45.0,0.0,0.0,54.0
-0.162,-0.121,0.041,45.0,0.0,0.0,54.0
-0.217,-0.081,0.136,45.0,0.0,0.0,54.0
-0.186,-0.102,0.084,45.0,0.0,0.0,54.0
-0.177,-0.102,0.075,45.0,0.0,0.0,54.0
-0.162,-0.121,0.041,45.0,0.0,0.0,54.0
-0.217,-0.081,0.136,45.0,0.0,0.0,54.0
-0.186,-0.102,0.084,45.0,0.0,0.0,54.0
-0.182,-0.102,0.08,45.0,0.0,0.0,54.0
-0.166,-0.122,0.044,45.0,0.0,0.0,54.0
-0.222,-0.079,0.143,45.0,0.0,0.0,54.0
-0.191,-0.102,0.089,45.0,0.0,0.0,54.0
-0.181,-0.102,0.079,45.0,0.0,0.0,54.0
-0.165,-0.122,0.043,45.0,0.0,0.0,54.0
-0.221,-0.079,0.142,45.0,0.0,0.0,54.0
-0.19,-0.102,0.088,45.0,0.0,0.0,54.0
-0.181,-0.102,0.079,45.0,0.0,0.0,54.0
-0.165,-0.121,0.044,45.0,0.0,0.0,54.0
-0.221,-0.079,0.142,45.0,0.0,0.0,54.0
-0.19,-0.102,0.088,45.0,0.0,0.0,54.0
-0.182,-0.103,0.079,45.0,0.0,0.0,54.0
-0.166,-0.122,0.044,45.0,0.0,0.0,54.0
-0.222,-0.079,0.143,45.0,0.0,0.0,54.0
-0.191,-0.102,0.089,45.0,0.0,0.0,54.0
-0.181,-0.102,0.079,45.0,0.0,0.0,54.0
-0.165,-0.122,0.043,45.0,0.0,0.0,54.0
-0.221,-0.079,0.142,45.0,0.0,0.0,54.0
-0.19,-0.102,0.088,45.0,0.0,0.0,54.0
-0.177,-0.102,0.075,45.0,0.0,0.0,54.0
-0.162,-0.121,0.041,45.0,0.0,0.0,54.0
-0.217,-0.08,0.137,45.0,0.0,0.0,54.0
-0.186,-0.102,0.084,45.0,0.0,0.0,54.0
-0.177,-0.102,0.075,45.0,0.0,0.0,54.0
-0.162,-0.121,0.041,45.0,0.0,0.0,54.0
-0.217,-0.081,0.136,45.0,0.0,0.0,54.0
-0.186,-0.102,0.084,45.0,0.0,0.0,54.0
-0.181,-0.102,0.079,45.0,0.0,0.0,54.0
-0.165,-0.122,0.043,45.0,0.0,0.0,54.0
-0.221,-0.079,0.142,45.0,0.0,0.0,54.0
-0.19,-0.102,0.088,45.0,0.0,0.0,54.0
-0.181,-0.102,0.079,45.0,0.0,0.0,54.0
-0.165,-0.121,0.044,45.0,0.0,0.0,54.0
-0.221,-0.079,0.142,45.0,0.0,0.0,54.0
-0.19,-0.102,0.088,45.0,0.0,0.0,54.0
-0.181,-0.102,0.079,45.0,0.0,0.0,54.0
-0.165,-0.122,0.043,45.0,0.0,0.0,54.0
-0.221,-0.079,0.142,45.0,0.0,0.0,54.0
-0.19,-0.102,0.088,45.0,0.0,0.0,54.0
-0.181,-0.102,0.079,45.0,0.0,0.0,54.0
-0.166,-0.122,0.044,45.0,0.0,0.0,54.0
-0.222,-0.079,0.143,45.0,0.0,0.0,54.0
-0.191,-0.102,0.089,45.0,0.0,0.0,54.0
-0.181,-0.102,0.079,45.0,0.0,0.0,54.0
-0.165,-0.122,0.043,45.0,0.0,0.0,54.0
-0.221,-0.079,0.142,45.0,0.0,0.0,54.0
-0.19,-0.102,0.088,45.0,0.0,0.0,54.0
-0.188,-0.082,0.106,26.0,1.0,0.0,33.0
-0.17,-0.105,0.065,26.0,1.0,0.0,33.0
-0.229,-0.056,0.173,26.0,1.0,0.0,33.0
-0.197,-0.081,0.116,26.0,1.0,0.0,33.0
-0.187,-0.083,0.104,26.0,1.0,0.0,33.0
-0.17,-0.105,0.065,26.0,1.0,0.0,33.0
-0.229,-0.057,0.172,26.0,1.0,0.0,33.0
-0.197,-0.082,0.115,26.0,1.0,0.0,33.0
-0.187,-0.083,0.104,26.0,1.0,0.0,33.0
-0.169,-0.106,0.063,26.0,1.0,0.0,33.0
-0.228,-0.057,0.171,26.0,1.0,0.0,33.0
-0.196,-0.082,0.114,26.0,1.0,0.0,33.0
-0.187,-0.083,0.104,26.0,1.0,0.0,33.0
-0.17,-0.106,0.064,26.0,1.0,0.0,33.0
-0.228,-0.057,0.171,26.0,1.0,0.0,33.0
-0.197,-0.082,0.115,26.0,1.0,0.0,33.0
-0.188,-0.083,0.105,26.0,1.0,0.0,33.0
-0.17,-0.105,0.065,26.0,1.0,0.0,33.0
-0.229,-0.057,0.172,26.0,1.0,0.0,33.0
-0.198,-0.082,0.116,26.0,1.0,0.0,33.0
-0.187,-0.083,0.104,26.0,1.0,0.0,33.0
-0.17,-0.106,0.064,26.0,1.0,0.0,33.0
-0.228,-0.057,0.171,26.0,1.0,0.0,33.0
-0.197,-0.082,0.115,26.0,1.0,0.0,33.0
-0.188,-0.083,0.105,26.0,1.0,0.0,33.0
-0.17,-0.105,0.065,26.0,1.0,0.0,33.0
-0.229,-0.057,0.172,26.0,1.0,0.0,33.0
-0.198,-0.082,0.116,26.0,1.0,0.0,33.0
-0.188,-0.083,0.105,26.0,1.0,0.0,33.0
-0.171,-0.105,0.066,26.0,1.0,0.0,33.0
-0.23,-0.057,0.173,26.0,1.0,0.0,33.0
-0.198,-0.081,0.117,26.0,1.0,0.0,33.0
-0.188,-0.083,0.105,26.0,1.0,0.0,33.0
-0.17,-0.105,0.065,26.0,1.0,0.0,33.0
-0.229,-0.057,0.172,26.0,1.0,0.0,33.0
-0.198,-0.082,0.116,26.0,1.0,0.0,33.0
-0.187,-0.083,0.104,26.0,1.0,0.0,33.0
-0.17,-0.105,0.065,26.0,1.0,0.0,33.0
-0.229,-0.057,0.172,26.0,1.0,0.0,33.0
-0.197,-0.082,0.115,26.0,1.0,0.0,33.0
-0.186,-0.083,0.103,26.0,1.0,0.0,33.0
-0.169,-0.106,0.063,26.0,1.0,0.0,33.0
-0.228,-0.057,0.171,26.0,1.0,0.0,33.0
-0.196,-0.082,0.114,26.0,1.0,0.0,33.0
-0.188,-0.083,0.105,26.0,1.0,0.0,33.0
-0.17,-0.105,0.065,26.0,1.0,0.0,33.0
-0.229,-0.056,0.173,26.0,1.0,0.0,33.0
-0.197,-0.081,0.116,26.0,1.0,0.0,33.0
-0.187,-0.083,0.104,26.0,1.0,0.0,33.0
-0.17,-0.106,0.064,26.0,1.0,0.0,33.0
-0.228,-0.057,0.171,26.0,1.0,0.0,33.0
-0.197,-0.082,0.115,26.0,1.0,0.0,33.0
-0.188,-0.083,0.105,26.0,1.0,0.0,33.0
-0.171,-0.106,0.065,26.0,1.0,0.0,33.0
-0.23,-0.057,0.173,26.0,1.0,0.0,33.0
-0.198,-0.082,0.116,26.0,1.0,0.0,33.0
-0.188,-0.118,0.07,53.0,2.0,0.0,40.0
-0.173,-0.141,0.032,53.0,2.0,0.0,40.0
-0.229,-0.092,0.137,53.0,2.0,0.0,40.0
-0.197,-0.117,0.08,53.0,2.0,0.0,40.0
-0.189,-0.118,0.071,53.0,2.0,0.0,40.0
-0.173,-0.141,0.032,53.0,2.0,0.0,40.0
-0.23,-0.092,0.138,53.0,2.0,0.0,40.0
-0.198,-0.117,0.081,53.0,2.0,0.0,40.0
-0.185,-0.115,0.07,53.0,2.0,0.0,40.0
-0.17,-0.138,0.032,53.0,2.0,0.0,40.0
-0.226,-0.089,0.137,53.0,2.0,0.0,40.0
-0.194,-0.114,0.08,53.0,2.0,0.0,40.0
-0.188,-0.117,0.071,53.0,2.0,0.0,40.0
-0.172,-0.14,0.032,53.0,2.0,0.0,40.0
-0.228,-0.091,0.137,53.0,2.0,0.0,40.0
-0.197,-0.116,0.081,53.0,2.0,0.0,40.0
-0.187,-0.116,0.071,53.0,2.0,0.0,40.0
-0.171,-0.139,0.032,53.0,2.0,0.0,40.0
-0.227,-0.09,0.137,53.0,2.0,0.0,40.0
-0.196,-0.115,0.081,53.0,2.0,0.0,40.0
-0.188,-0.119,0.069,53.0,2.0,0.0,40.0
-0.172,-0.141,0.031,53.0,2.0,0.0,40.0
-0.228,-0.093,0.135,53.0,2.0,0.0,40.0
-0.197,-0.118,0.079,53.0,2.0,0.0,40.0
-0.189,-0.117,0.072,53.0,2.0,0.0,40.0
-0.173,-0.139,0.034,53.0,2.0,0.0,40.0
-0.229,-0.092,0.137,53.0,2.0,0.0,40.0
-0.198,-0.116,0.082,53.0,2.0,0.0,40.0
-0.187,-0.119,0.068,53.0,2.0,0.0,40.0
-0.171,-0.141,0.03,53.0,2.0,0.0,40.0
-0.227,-0.093,0.134,53.0,2.0,0.0,40.0
-0.196,-0.117,0.079,53.0,2.0,0.0,40.0
-0.186,-0.114,0.072,53.0,2.0,0.0,40.0
-0.17,-0.136,0.034,53.0,2.0,0.0,40.0
-0.226,-0.088,0.138,53.0,2.0,0.0,40.0
-0.195,-0.113,0.082,53.0,2.0,0.0,40.0
-0.185,-0.113,0.072,53.0,2.0,0.0,40.0
-0.169,-0.135,0.034,53.0,2.0,0.0,40.0
-0.226,-0.087,0.139,53.0,2.0,0.0,40.0
-0.194,-0.111,0.083,53.0,2.0,0.0,40.0
-0.184,-0.114,0.07,53.0,2.0,0.0,40.0
-0.169,-0.137,0.032,53.0,2.0,0.0,40.0
-0.225,-0.087,0.138,53.0,2.0,0.0,40.0
-0.193,-0.113,0.08,53.0,2.0,0.0,40.0
-0.188,-0.116,0.072,53.0,2.0,0.0,40.0
-0.171,-0.137,0.034,53.0,2.0,0.0,40.0
-0.228,-0.09,0.138,53.0,2.0,0.0,40.0
-0.196,-0.114,0.082,53.0,2.0,0.0,40.0
-0.188,-0.116,0.072,53.0,2.0,0.0,40.0
-0.172,-0.138,0.034,53.0,2.0,0.0,40.0
-0.228,-0.091,0.137,53.0,2.0,0.0,40.0
-0.197,-0.115,0.082,53.0,2.0,0.0,40.0
-0.186,-0.119,0.067,53.0,2.0,0.0,40.0
-0.171,-0.141,0.03,53.0,2.0,0.0,40.0
-0.226,-0.093,0.133,53.0,2.0,0.0,40.0
-0.195,-0.118,0.077,53.0,2.0,0.0,40.0
-0.186,-0.113,0.073,53.0,2.0,0.0,40.0
-0.17,-0.135,0.035,53.0,2.0,0.0,40.0
-0.226,-0.087,0.139,53.0,2.0,0.0,40.0
-0.195,-0.112,0.083,53.0,2.0,0.0,40.0
-0.186,-0.115,0.071,53.0,2.0,0.0,40.0
-0.171,-0.137,0.034,53.0,2.0,0.0,40.0
-0.227,-0.09,0.137,53.0,2.0,0.0,40.0
-0.195,-0.114,0.081,53.0,2.0,0.0,40.0
-0.187,-0.115,0.072,53.0,2.0,0.0,40.0
-0.171,-0.137,0.034,53.0,2.0,0.0,40.0
-0.228,-0.089,0.139,53.0,2.0,0.0,40.0
-0.196,-0.114,0.082,53.0,2.0,0.0,40.0
-0.189,-0.117,0.072,53.0,2.0,0.0,40.0
-0.173,-0.139,0.034,53.0,2.0,0.0,40.0
-0.229,-0.092,0.137,53.0,2.0,0.0,40.0
-0.197,-0.116,0.081,53.0,2.0,0.0,40.0
-0.189,-0.117,0.072,53.0,2.0,0.0,40.0
-0.173,-0.139,0.034,53.0,2.0,0.0,40.0
-0.229,-0.091,0.138,53.0,2.0,0.0,40.0
-0.198,-0.116,0.082,53.0,2.0,0.0,40.0
-0.191,-0.083,0.108,37.0,2.0,0.0,20.0
-0.174,-0.105,0.069,37.0,2.0,0.0,20.0
-0.233,-0.057,0.176,37.0,2.0,0.0,20.0
-0.2,-0.082,0.118,37.0,2.0,0.0,20.0
-0.192,-0.082,0.11,37.0,2.0,0.0,20.0
-0.175,-0.104,0.071,37.0,2.0,0.0,20.0
-0.234,-0.056,0.178,37.0,2.0,0.0,20.0
-0.202,-0.081,0.121,37.0,2.0,0.0,20.0
-0.192,-0.082,0.11,37.0,2.0,0.0,20.0
-0.174,-0.104,0.07,37.0,2.0,0.0,20.0
-0.233,-0.056,0.177,37.0,2.0,0.0,20.0
-0.201,-0.081,0.12,37.0,2.0,0.0,20.0
-0.191,-0.083,0.108,37.0,2.0,0.0,20.0
-0.174,-0.105,0.069,37.0,2.0,0.0,20.0
-0.233,-0.057,0.176,37.0,2.0,0.0,20.0
-0.201,-0.082,0.119,37.0,2.0,0.0,20.0
-0.191,-0.083,0.108,37.0,2.0,0.0,20.0
-0.174,-0.105,0.069,37.0,2.0,0.0,20.0
-0.233,-0.056,0.177,37.0,2.0,0.0,20.0
-0.201,-0.081,0.12,37.0,2.0,0.0,20.0
-0.192,-0.082,0.11,37.0,2.0,0.0,20.0
-0.175,-0.104,0.071,37.0,2.0,0.0,20.0
-0.234,-0.055,0.179,37.0,2.0,0.0,20.0
-0.202,-0.08,0.122,37.0,2.0,0.0,20.0
-0.191,-0.083,0.108,37.0,2.0,0.0,20.0
-0.174,-0.105,0.069,37.0,2.0,0.0,20.0
-0.233,-0.057,0.176,37.0,2.0,0.0,20.0
-0.201,-0.082,0.119,37.0,2.0,0.0,20.0
-0.191,-0.083,0.108,37.0,2.0,0.0,20.0
-0.174,-0.104,0.07,37.0,2.0,0.0,20.0
-0.233,-0.057,0.176,37.0,2.0,0.0,20.0
-0.201,-0.081,0.12,37.0,2.0,0.0,20.0
-0.191,-0.082,0.109,37.0,2.0,0.0,20.0
-0.174,-0.104,0.07,37.0,2.0,0.0,20.0
-0.233,-0.056,0.177,37.0,2.0,0.0,20.0
-0.201,-0.081,0.12,37.0,2.0,0.0,20.0
-0.191,-0.083,0.108,37.0,2.0,0.0,20.0
-0.174,-0.105,0.069,37.0,2.0,0.0,20.0
-0.233,-0.057,0.176,37.0,2.0,0.0,20.0
-0.201,-0.082,0.119,37.0,2.0,0.0,20.0
-0.193,-0.082,0.111,37.0,2.0,0.0,20.0
-0.176,-0.104,0.072,37.0,2.0,0.0,20.0
-0.235,-0.055,0.18,37.0,2.0,0.0,20.0
-0.203,-0.081,0.122,37.0,2.0,0.0,20.0
-0.191,-0.083,0.108,37.0,2.0,0.0,20.0
-0.174,-0.105,0.069,37.0,2.0,0.0,20.0
-0.233,-0.057,0.176,37.0,2.0,0.0,20.0
-0.201,-0.082,0.119,37.0,2.0,0.0,20.0
-0.191,-0.082,0.109,37.0,2.0,0.0,20.0
-0.174,-0.104,0.07,37.0,2.0,0.0,20.0
-0.233,-0.056,0.177,37.0,2.0,0.0,20.0
-0.201,-0.081,0.12,37.0,2.0,0.0,20.0
-0.191,-0.083,0.108,37.0,2.0,0.0,20.0
-0.174,-0.105,0.069,37.0,2.0,0.0,20.0
-0.233,-0.057,0.176,37.0,2.0,0.0,20.0
-0.201,-0.082,0.119,37.0,2.0,0.0,20.0
-0.191,-0.083,0.108,37.0,2.0,0.0,20.0
-0.174,-0.105,0.069,37.0,2.0,0.0,20.0
-0.233,-0.057,0.176,37.0,2.0,0.0,20.0
-0.201,-0.082,0.119,37.0,2.0,0.0,20.0
-0.191,-0.083,0.108,37.0,2.0,0.0,20.0
-0.174,-0.105,0.069,37.0,2.0,0.0,20.0
-0.233,-0.057,0.176,37.0,2.0,0.0,20.0
-0.201,-0.082,0.119,37.0,2.0,0.0,20.0
-0.177,-0.102,0.075,27.0,7.0,0.0,23.0
-0.161,-0.119,0.042,27.0,7.0,0.0,23.0
-0.216,-0.082,0.134,27.0,7.0,0.0,23.0
-0.186,-0.101,0.085,27.0,7.0,0.0,23.0
-0.177,-0.101,0.076,27.0,7.0,0.0,23.0
-0.161,-0.119,0.042,27.0,7.0,0.0,23.0
-0.216,-0.081,0.135,27.0,7.0,0.0,23.0
-0.186,-0.101,0.085,27.0,7.0,0.0,23.0
-0.177,-0.102,0.075,27.0,7.0,0.0,23.0
-0.161,-0.119,0.042,27.0,7.0,0.0,23.0
-0.216,-0.082,0.134,27.0,7.0,0.0,23.0
-0.186,-0.102,0.084,27.0,7.0,0.0,23.0
-0.177,-0.101,0.076,27.0,7.0,0.0,23.0
-0.161,-0.119,0.042,27.0,7.0,0.0,23.0
-0.216,-0.081,0.135,27.0,7.0,0.0,23.0
-0.186,-0.101,0.085,27.0,7.0,0.0,23.0
-0.177,-0.1,0.077,27.0,7.0,0.0,23.0
-0.161,-0.118,0.043,27.0,7.0,0.0,23.0
-0.216,-0.08,0.136,27.0,7.0,0.0,23.0
-0.186,-0.1,0.086,27.0,7.0,0.0,23.0
-0.177,-0.101,0.076,27.0,7.0,0.0,23.0
-0.161,-0.118,0.043,27.0,7.0,0.0,23.0
-0.216,-0.081,0.135,27.0,7.0,0.0,23.0
-0.186,-0.1,0.086,27.0,7.0,0.0,23.0
-0.177,-0.102,0.075,27.0,7.0,0.0,23.0
-0.161,-0.119,0.042,27.0,7.0,0.0,23.0
-0.216,-0.082,0.134,27.0,7.0,0.0,23.0
-0.186,-0.102,0.084,27.0,7.0,0.0,23.0
-0.177,-0.102,0.075,27.0,7.0,0.0,23.0
-0.161,-0.119,0.042,27.0,7.0,0.0,23.0
-0.216,-0.082,0.134,27.0,7.0,0.0,23.0
-0.186,-0.102,0.084,27.0,7.0,0.0,23.0
-0.177,-0.101,0.076,27.0,7.0,0.0,23.0
-0.161,-0.119,0.042,27.0,7.0,0.0,23.0
-0.216,-0.081,0.135,27.0,7.0,0.0,23.0
-0.186,-0.101,0.085,27.0,7.0,0.0,23.0
-0.177,-0.101,0.076,27.0,7.0,0.0,23.0
-0.161,-0.118,0.043,27.0,7.0,0.0,23.0
-0.216,-0.081,0.135,27.0,7.0,0.0,23.0
-0.186,-0.1,0.086,27.0,7.0,0.0,23.0
-0.177,-0.1,0.077,27.0,7.0,0.0,23.0
-0.161,-0.118,0.043,27.0,7.0,0.0,23.0
-0.216,-0.081,0.135,27.0,7.0,0.0,23.0
-0.186,-0.1,0.086,27.0,7.0,0.0,23.0
-0.177,-0.1,0.077,27.0,7.0,0.0,23.0
-0.161,-0.118,0.043,27.0,7.0,0.0,23.0
-0.216,-0.08,0.136,27.0,7.0,0.0,23.0
-0.186,-0.1,0.086,27.0,7.0,0.0,23.0
-0.177,-0.101,0.076,27.0,7.0,0.0,23.0
-0.161,-0.119,0.042,27.0,7.0,0.0,23.0
-0.216,-0.081,0.135,27.0,7.0,0.0,23.0
-0.186,-0.101,0.085,27.0,7.0,0.0,23.0
-0.177,-0.102,0.075,27.0,7.0,0.0,23.0
-0.161,-0.119,0.042,27.0,7.0,0.0,23.0
-0.216,-0.082,0.134,27.0,7.0,0.0,23.0
-0.186,-0.102,0.084,27.0,7.0,0.0,23.0
-0.177,-0.102,0.075,27.0,7.0,0.0,23.0
-0.161,-0.119,0.042,27.0,7.0,0.0,23.0
-0.216,-0.082,0.134,27.0,7.0,0.0,23.0
-0.186,-0.102,0.084,27.0,7.0,0.0,23.0
-0.18,-0.103,0.077,35.0,0.0,0.0,45.0
-0.165,-0.122,0.043,35.0,0.0,0.0,45.0
-0.22,-0.081,0.139,35.0,0.0,0.0,45.0
-0.19,-0.103,0.087,35.0,0.0,0.0,45.0
-0.18,-0.103,0.077,35.0,0.0,0.0,45.0
-0.165,-0.122,0.043,35.0,0.0,0.0,45.0
-0.22,-0.081,0.139,35.0,0.0,0.0,45.0
-0.189,-0.102,0.087,35.0,0.0,0.0,45.0
-0.18,-0.103,0.077,35.0,0.0,0.0,45.0
-0.165,-0.122,0.043,35.0,0.0,0.0,45.0
-0.22,-0.081,0.139,35.0,0.0,0.0,45.0
-0.189,-0.103,0.086,35.0,0.0,0.0,45.0
-0.18,-0.103,0.077,35.0,0.0,0.0,45.0
-0.165,-0.122,0.043,35.0,0.0,0.0,45.0
-0.22,-0.081,0.139,35.0,0.0,0.0,45.0
-0.189,-0.103,0.086,35.0,0.0,0.0,45.0
-0.18,-0.103,0.077,35.0,0.0,0.0,45.0
-0.165,-0.122,0.043,35.0,0.0,0.0,45.0
-0.22,-0.081,0.139,35.0,0.0,0.0,45.0
-0.189,-0.103,0.086,35.0,0.0,0.0,45.0
-0.179,-0.103,0.076,35.0,0.0,0.0,45.0
-0.165,-0.122,0.043,35.0,0.0,0.0,45.0
-0.219,-0.081,0.138,35.0,0.0,0.0,45.0
-0.189,-0.103,0.086,35.0,0.0,0.0,45.0
-0.179,-0.104,0.075,35.0,0.0,0.0,45.0
-0.165,-0.123,0.042,35.0,0.0,0.0,45.0
-0.219,-0.082,0.137,35.0,0.0,0.0,45.0
-0.189,-0.103,0.086,35.0,0.0,0.0,45.0
-0.179,-0.103,0.076,35.0,0.0,0.0,45.0
-0.164,-0.122,0.042,35.0,0.0,0.0,45.0
-0.219,-0.081,0.138,35.0,0.0,0.0,45.0
-0.189,-0.103,0.086,35.0,0.0,0.0,45.0
-0.18,-0.103,0.077,35.0,0.0,0.0,45.0
-0.165,-0.122,0.043,35.0,0.0,0.0,45.0
-0.22,-0.081,0.139,35.0,0.0,0.0,45.0
-0.189,-0.103,0.086,35.0,0.0,0.0,45.0
-0.179,-0.104,0.075,35.0,0.0,0.0,45.0
-0.165,-0.123,0.042,35.0,0.0,0.0,45.0
-0.219,-0.081,0.138,35.0,0.0,0.0,45.0
-0.189,-0.103,0.086,35.0,0.0,0.0,45.0
-0.18,-0.103,0.077,35.0,0.0,0.0,45.0
-0.165,-0.122,0.043,35.0,0.0,0.0,45.0
-0.22,-0.081,0.139,35.0,0.0,0.0,45.0
-0.189,-0.103,0.086,35.0,0.0,0.0,45.0
-0.179,-0.104,0.075,35.0,0.0,0.0,45.0
-0.165,-0.123,0.042,35.0,0.0,0.0,45.0
-0.219,-0.081,0.138,35.0,0.0,0.0,45.0
-0.189,-0.103,0.086,35.0,0.0,0.0,45.0
-0.179,-0.103,0.076,35.0,0.0,0.0,45.0
-0.164,-0.122,0.042,35.0,0.0,0.0,45.0
-0.219,-0.081,0.138,35.0,0.0,0.0,45.0
-0.189,-0.103,0.086,35.0,0.0,0.0,45.0
-0.18,-0.103,0.077,35.0,0.0,0.0,45.0
-0.165,-0.122,0.043,35.0,0.0,0.0,45.0
-0.22,-0.081,0.139,35.0,0.0,0.0,45.0
-0.189,-0.103,0.086,35.0,0.0,0.0,45.0
-0.18,-0.103,0.077,35.0,0.0,0.0,45.0
-0.165,-0.122,0.043,35.0,0.0,0.0,45.0
-0.22,-0.081,0.139,35.0,0.0,0.0,45.0
-0.189,-0.103,0.086,35.0,0.0,0.0,45.0
-0.179,-0.104,0.075,45.0,0.0,0.0,54.0
-0.164,-0.122,0.042,45.0,0.0,0.0,54.0
-0.219,-0.082,0.137,45.0,0.0,0.0,54.0
-0.188,-0.103,0.085,45.0,0.0,0.0,54.0
-0.178,-0.104,0.074,45.0,0.0,0.0,54.0
-0.163,-0.123,0.04,45.0,0.0,0.0,54.0
-0.218,-0.083,0.135,45.0,0.0,0.0,54.0
-0.187,-0.104,0.083,45.0,0.0,0.0,54.0
-0.178,-0.104,0.074,45.0,0.0,0.0,54.0
-0.163,-0.122,0.041,45.0,0.0,0.0,54.0
-0.218,-0.083,0.135,45.0,0.0,0.0,54.0
-0.187,-0.104,0.083,45.0,0.0,0.0,54.0
-0.178,-0.104,0.074,45.0,0.0,0.0,54.0
-0.163,-0.123,0.04,45.0,0.0,0.0,54.0
-0.218,-0.083,0.135,45.0,0.0,0.0,54.0
-0.187,-0.104,0.083,45.0,0.0,0.0,54.0
-0.179,-0.104,0.075,45.0,0.0,0.0,54.0
-0.163,-0.123,0.04,45.0,0.0,0.0,54.0
-0.219,-0.083,0.136,45.0,0.0,0.0,54.0
-0.188,-0.104,0.084,45.0,0.0,0.0,54.0
-0.178,-0.104,0.074,45.0,0.0,0.0,54.0
-0.163,-0.123,0.04,45.0,0.0,0.0,54.0
-0.218,-0.083,0.135,45.0,0.0,0.0,54.0
-0.187,-0.104,0.083,45.0,0.0,0.0,54.0
-0.178,-0.104,0.074,45.0,0.0,0.0,54.0
-0.163,-0.122,0.041,45.0,0.0,0.0,54.0
-0.217,-0.083,0.134,45.0,0.0,0.0,54.0
-0.187,-0.104,0.083,45.0,0.0,0.0,54.0
-0.179,-0.104,0.075,45.0,0.0,0.0,54.0
-0.163,-0.123,0.04,45.0,0.0,0.0,54.0
-0.219,-0.082,0.137,45.0,0.0,0.0,54.0
-0.188,-0.104,0.084,45.0,0.0,0.0,54.0
-0.178,-0.104,0.074,45.0,0.0,0.0,54.0
-0.163,-0.123,0.04,45.0,0.0,0.0,54.0
-0.218,-0.083,0.135,45.0,0.0,0.0,54.0
-0.187,-0.104,0.083,45.0,0.0,0.0,54.0
-0.178,-0.104,0.074,45.0,0.0,0.0,54.0
-0.163,-0.123,0.04,45.0,0.0,0.0,54.0
-0.218,-0.082,0.136,45.0,0.0,0.0,54.0
-0.187,-0.104,0.083,45.0,0.0,0.0,54.0
-0.178,-0.104,0.074,45.0,0.0,0.0,54.0
-0.163,-0.123,0.04,45.0,0.0,0.0,54.0
-0.218,-0.083,0.135,45.0,0.0,0.0,54.0
-0.187,-0.104,0.083,45.0,0.0,0.0,54.0
-0.178,-0.105,0.073,45.0,0.0,0.0,54.0
-0.163,-0.123,0.04,45.0,0.0,0.0,54.0
-0.218,-0.083,0.135,45.0,0.0,0.0,54.0
-0.187,-0.104,0.083,45.0,0.0,0.0,54.0
-0.178,-0.104,0.074,45.0,0.0,0.0,54.0
-0.163,-0.123,0.04,45.0,0.0,0.0,54.0
-0.218,-0.083,0.135,45.0,0.0,0.0,54.0
-0.187,-0.104,0.083,45.0,0.0,0.0,54.0
-0.178,-0.104,0.074,45.0,0.0,0.0,54.0
-0.163,-0.123,0.04,45.0,0.0,0.0,54.0
-0.218,-0.083,0.135,45.0,0.0,0.0,54.0
-0.187,-0.104,0.083,45.0,0.0,0.0,54.0
-0.178,-0.104,0.074,45.0,0.0,0.0,54.0
-0.163,-0.123,0.04,45.0,0.0,0.0,54.0
-0.218,-0.083,0.135,45.0,0.0,0.0,54.0
-0.187,-0.104,0.083,45.0,0.0,0.0,54.0
-0.178,-0.105,0.073,45.0,0.0,0.0,54.0
-0.163,-0.123,0.04,45.0,0.0,0.0,54.0
-0.218,-0.083,0.135,45.0,0.0,0.0,54.0
-0.187,-0.104,0.083,45.0,0.0,0.0,54.0
-0.177,-0.094,0.083,43.0,0.0,0.0,40.0
-0.163,-0.113,0.05,43.0,0.0,0.0,40.0
-0.218,-0.071,0.147,43.0,0.0,0.0,40.0
-0.187,-0.093,0.094,43.0,0.0,0.0,40.0
-0.177,-0.094,0.083,43.0,0.0,0.0,40.0
-0.162,-0.113,0.049,43.0,0.0,0.0,40.0
-0.217,-0.071,0.146,43.0,0.0,0.0,40.0
-0.187,-0.094,0.093,43.0,0.0,0.0,40.0
-0.177,-0.094,0.083,43.0,0.0,0.0,40.0
-0.163,-0.113,0.05,43.0,0.0,0.0,40.0
-0.217,-0.071,0.146,43.0,0.0,0.0,40.0
-0.186,-0.094,0.092,43.0,0.0,0.0,40.0
-0.177,-0.094,0.083,43.0,0.0,0.0,40.0
-0.162,-0.113,0.049,43.0,0.0,0.0,40.0
-0.217,-0.071,0.146,43.0,0.0,0.0,40.0
-0.186,-0.094,0.092,43.0,0.0,0.0,40.0
-0.178,-0.094,0.084,43.0,0.0,0.0,40.0
-0.163,-0.113,0.05,43.0,0.0,0.0,40.0
-0.218,-0.071,0.147,43.0,0.0,0.0,40.0
-0.187,-0.093,0.094,43.0,0.0,0.0,40.0
-0.177,-0.094,0.083,43.0,0.0,0.0,40.0
-0.162,-0.113,0.049,43.0,0.0,0.0,40.0
-0.217,-0.071,0.146,43.0,0.0,0.0,40.0
-0.186,-0.094,0.092,43.0,0.0,0.0,40.0
-0.178,-0.094,0.084,43.0,0.0,0.0,40.0
-0.163,-0.113,0.05,43.0,0.0,0.0,40.0
-0.217,-0.071,0.146,43.0,0.0,0.0,40.0
-0.187,-0.094,0.093,43.0,0.0,0.0,40.0
-0.177,-0.094,0.083,43.0,0.0,0.0,40.0
-0.162,-0.113,0.049,43.0,0.0,0.0,40.0
-0.217,-0.071,0.146,43.0,0.0,0.0,40.0
-0.186,-0.094,0.092,43.0,0.0,0.0,40.0
-0.177,-0.094,0.083,43.0,0.0,0.0,40.0
-0.162,-0.113,0.049,43.0,0.0,0.0,40.0
-0.217,-0.071,0.146,43.0,0.0,0.0,40.0
-0.186,-0.093,0.093,43.0,0.0,0.0,40.0
-0.177,-0.094,0.083,43.0,0.0,0.0,40.0
-0.162,-0.113,0.049,43.0,0.0,0.0,40.0
-0.217,-0.071,0.146,43.0,0.0,0.0,40.0
-0.186,-0.094,0.092,43.0,0.0,0.0,40.0
-0.177,-0.094,0.083,43.0,0.0,0.0,40.0
-0.162,-0.113,0.049,43.0,0.0,0.0,40.0
-0.216,-0.071,0.145,43.0,0.0,0.0,40.0
-0.186,-0.094,0.092,43.0,0.0,0.0,40.0
-0.177,-0.094,0.083,43.0,0.0,0.0,40.0
-0.162,-0.113,0.049,43.0,0.0,0.0,40.0
-0.217,-0.072,0.145,43.0,0.0,0.0,40.0
-0.186,-0.094,0.092,43.0,0.0,0.0,40.0
-0.177,-0.094,0.083,43.0,0.0,0.0,40.0
-0.162,-0.113,0.049,43.0,0.0,0.0,40.0
-0.217,-0.071,0.146,43.0,0.0,0.0,40.0
-0.186,-0.094,0.092,43.0,0.0,0.0,40.0
-0.176,-0.094,0.082,43.0,0.0,0.0,40.0
-0.162,-0.113,0.049,43.0,0.0,0.0,40.0
-0.217,-0.071,0.146,43.0,0.0,0.0,40.0
-0.186,-0.094,0.092,43.0,0.0,0.0,40.0
-0.183,-0.105,0.078,31.0,7.0,0.0,24.0
-0.167,-0.123,0.044,31.0,7.0,0.0,24.0
-0.222,-0.085,0.137,31.0,7.0,0.0,24.0
-0.192,-0.105,0.087,31.0,7.0,0.0,24.0
-0.183,-0.105,0.078,31.0,7.0,0.0,24.0
-0.167,-0.123,0.044,31.0,7.0,0.0,24.0
-0.222,-0.084,0.138,31.0,7.0,0.0,24.0
-0.192,-0.104,0.088,31.0,7.0,0.0,24.0
-0.183,-0.105,0.078,31.0,7.0,0.0,24.0
-0.167,-0.124,0.043,31.0,7.0,0.0,24.0
-0.222,-0.085,0.137,31.0,7.0,0.0,24.0
-0.192,-0.105,0.087,31.0,7.0,0.0,24.0
-0.183,-0.105,0.078,31.0,7.0,0.0,24.0
-0.167,-0.124,0.043,31.0,7.0,0.0,24.0
-0.222,-0.085,0.137,31.0,7.0,0.0,24.0
-0.192,-0.105,0.087,31.0,7.0,0.0,24.0
-0.183,-0.104,0.079,31.0,7.0,0.0,24.0
-0.167,-0.122,0.045,31.0,7.0,0.0,24.0
-0.222,-0.083,0.139,31.0,7.0,0.0,24.0
-0.192,-0.104,0.088,31.0,7.0,0.0,24.0
-0.183,-0.104,0.079,31.0,7.0,0.0,24.0
-0.167,-0.122,0.045,31.0,7.0,0.0,24.0
-0.222,-0.083,0.139,31.0,7.0,0.0,24.0
-0.192,-0.103,0.089,31.0,7.0,0.0,24.0
-0.183,-0.105,0.078,31.0,7.0,0.0,24.0
-0.167,-0.124,0.043,31.0,7.0,0.0,24.0
-0.222,-0.085,0.137,31.0,7.0,0.0,24.0
-0.192,-0.105,0.087,31.0,7.0,0.0,24.0
-0.183,-0.105,0.078,31.0,7.0,0.0,24.0
-0.167,-0.123,0.044,31.0,7.0,0.0,24.0
-0.222,-0.084,0.138,31.0,7.0,0.0,24.0
-0.192,-0.105,0.087,31.0,7.0,0.0,24.0
-0.183,-0.105,0.078,31.0,7.0,0.0,24.0
-0.167,-0.124,0.043,31.0,7.0,0.0,24.0
-0.222,-0.085,0.137,31.0,7.0,0.0,24.0
-0.192,-0.105,0.087,31.0,7.0,0.0,24.0
-0.183,-0.104,0.079,31.0,7.0,0.0,24.0
-0.167,-0.122,0.045,31.0,7.0,0.0,24.0
-0.222,-0.083,0.139,31.0,7.0,0.0,24.0
-0.192,-0.103,0.089,31.0,7.0,0.0,24.0
-0.183,-0.105,0.078,31.0,7.0,0.0,24.0
-0.167,-0.123,0.044,31.0,7.0,0.0,24.0
-0.222,-0.084,0.138,31.0,7.0,0.0,24.0
-0.192,-0.104,0.088,31.0,7.0,0.0,24.0
-0.183,-0.104,0.079,31.0,7.0,0.0,24.0
-0.167,-0.122,0.045,31.0,7.0,0.0,24.0
-0.223,-0.083,0.14,31.0,7.0,0.0,24.0
-0.192,-0.104,0.088,31.0,7.0,0.0,24.0
-0.183,-0.105,0.078,31.0,7.0,0.0,24.0
-0.167,-0.124,0.043,31.0,7.0,0.0,24.0
-0.222,-0.084,0.138,31.0,7.0,0.0,24.0
-0.192,-0.105,0.087,31.0,7.0,0.0,24.0
-0.183,-0.104,0.079,31.0,7.0,0.0,24.0
-0.167,-0.122,0.045,31.0,7.0,0.0,24.0
-0.222,-0.083,0.139,31.0,7.0,0.0,24.0
-0.192,-0.104,0.088,31.0,7.0,0.0,24.0
-0.203,-0.049,0.154,21.0,1.0,0.0,21.0
-0.181,-0.075,0.106,21.0,1.0,0.0,21.0
-0.248,-0.02,0.228,21.0,1.0,0.0,21.0
-0.212,-0.046,0.166,21.0,1.0,0.0,21.0
-0.203,-0.049,0.154,21.0,1.0,0.0,21.0
-0.181,-0.075,0.106,21.0,1.0,0.0,21.0
-0.248,-0.02,0.228,21.0,1.0,0.0,21.0
-0.212,-0.046,0.166,21.0,1.0,0.0,21.0
-0.202,-0.051,0.151,21.0,1.0,0.0,21.0
-0.18,-0.077,0.103,21.0,1.0,0.0,21.0
-0.247,-0.022,0.225,21.0,1.0,0.0,21.0
-0.212,-0.048,0.164,21.0,1.0,0.0,21.0
-0.203,-0.051,0.152,21.0,1.0,0.0,21.0
-0.181,-0.077,0.104,21.0,1.0,0.0,21.0
-0.248,-0.022,0.226,21.0,1.0,0.0,21.0
-0.212,-0.048,0.164,21.0,1.0,0.0,21.0
-0.188,-0.106,0.082,27.0,0.0,0.0,39.0
-0.173,-0.127,0.046,27.0,0.0,0.0,39.0
-0.228,-0.083,0.145,27.0,0.0,0.0,39.0
-0.197,-0.106,0.091,27.0,0.0,0.0,39.0
-0.188,-0.106,0.082,27.0,0.0,0.0,39.0
-0.173,-0.126,0.047,27.0,0.0,0.0,39.0
-0.228,-0.083,0.145,27.0,0.0,0.0,39.0
-0.198,-0.106,0.092,27.0,0.0,0.0,39.0
-0.188,-0.106,0.082,27.0,0.0,0.0,39.0
-0.173,-0.126,0.047,27.0,0.0,0.0,39.0
-0.228,-0.083,0.145,27.0,0.0,0.0,39.0
-0.198,-0.106,0.092,27.0,0.0,0.0,39.0
-0.188,-0.106,0.082,27.0,0.0,0.0,39.0
-0.173,-0.126,0.047,27.0,0.0,0.0,39.0
-0.228,-0.083,0.145,27.0,0.0,0.0,39.0
-0.198,-0.106,0.092,27.0,0.0,0.0,39.0
-0.188,-0.106,0.082,27.0,0.0,0.0,39.0
-0.173,-0.127,0.046,27.0,0.0,0.0,39.0
-0.228,-0.083,0.145,27.0,0.0,0.0,39.0
-0.197,-0.106,0.091,27.0,0.0,0.0,39.0
-0.188,-0.107,0.081,27.0,0.0,0.0,39.0
-0.173,-0.127,0.046,27.0,0.0,0.0,39.0
-0.228,-0.083,0.145,27.0,0.0,0.0,39.0
-0.197,-0.106,0.091,27.0,0.0,0.0,39.0
-0.188,-0.106,0.082,27.0,0.0,0.0,39.0
-0.173,-0.127,0.046,27.0,0.0,0.0,39.0
-0.228,-0.083,0.145,27.0,0.0,0.0,39.0
-0.197,-0.106,0.091,27.0,0.0,0.0,39.0
-0.188,-0.106,0.082,27.0,0.0,0.0,39.0
-0.173,-0.127,0.046,27.0,0.0,0.0,39.0
-0.227,-0.083,0.144,27.0,0.0,0.0,39.0
-0.197,-0.106,0.091,27.0,0.0,0.0,39.0
-0.188,-0.106,0.082,27.0,0.0,0.0,39.0
-0.173,-0.127,0.046,27.0,0.0,0.0,39.0
-0.228,-0.083,0.145,27.0,0.0,0.0,39.0
-0.197,-0.106,0.091,27.0,0.0,0.0,39.0
-0.188,-0.106,0.082,27.0,0.0,0.0,39.0
-0.173,-0.126,0.047,27.0,0.0,0.0,39.0
-0.228,-0.083,0.145,27.0,0.0,0.0,39.0
-0.198,-0.106,0.092,27.0,0.0,0.0,39.0
-0.189,-0.106,0.083,27.0,0.0,0.0,39.0
-0.174,-0.126,0.048,27.0,0.0,0.0,39.0
-0.229,-0.083,0.146,27.0,0.0,0.0,39.0
-0.198,-0.105,0.093,27.0,0.0,0.0,39.0
-0.188,-0.107,0.081,27.0,0.0,0.0,39.0
-0.173,-0.127,0.046,27.0,0.0,0.0,39.0
-0.228,-0.083,0.145,27.0,0.0,0.0,39.0
-0.197,-0.106,0.091,27.0,0.0,0.0,39.0
-0.188,-0.106,0.082,27.0,0.0,0.0,39.0
-0.173,-0.126,0.047,27.0,0.0,0.0,39.0
-0.228,-0.083,0.145,27.0,0.0,0.0,39.0
-0.198,-0.106,0.092,27.0,0.0,0.0,39.0
-0.189,-0.106,0.083,27.0,0.0,0.0,39.0
-0.174,-0.126,0.048,27.0,0.0,0.0,39.0
-0.229,-0.082,0.147,27.0,0.0,0.0,39.0
-0.199,-0.105,0.094,27.0,0.0,0.0,39.0
-0.192,-0.117,0.075,49.0,13.0,0.0,27.0
-0.18,-0.137,0.043,49.0,13.0,0.0,27.0
-0.228,-0.094,0.134,49.0,13.0,0.0,27.0
-0.201,-0.116,0.085,49.0,13.0,0.0,27.0
-0.193,-0.117,0.076,49.0,13.0,0.0,27.0
-0.18,-0.137,0.043,49.0,13.0,0.0,27.0
-0.229,-0.094,0.135,49.0,13.0,0.0,27.0
-0.201,-0.117,0.084,49.0,13.0,0.0,27.0
-0.193,-0.117,0.076,49.0,13.0,0.0,27.0
-0.18,-0.137,0.043,49.0,13.0,0.0,27.0
-0.229,-0.094,0.135,49.0,13.0,0.0,27.0
-0.201,-0.117,0.084,49.0,13.0,0.0,27.0
-0.191,-0.118,0.073,49.0,13.0,0.0,27.0
-0.179,-0.137,0.042,49.0,13.0,0.0,27.0
-0.227,-0.094,0.133,49.0,13.0,0.0,27.0
-0.2,-0.117,0.083,49.0,13.0,0.0,27.0
-0.191,-0.117,0.074,49.0,13.0,0.0,27.0
-0.179,-0.137,0.042,49.0,13.0,0.0,27.0
-0.227,-0.095,0.132,49.0,13.0,0.0,27.0
-0.2,-0.117,0.083,49.0,13.0,0.0,27.0
-0.191,-0.118,0.073,49.0,13.0,0.0,27.0
-0.179,-0.137,0.042,49.0,13.0,0.0,27.0
-0.227,-0.094,0.133,49.0,13.0,0.0,27.0
-0.2,-0.117,0.083,49.0,13.0,0.0,27.0
-0.191,-0.117,0.074,49.0,13.0,0.0,27.0
-0.179,-0.137,0.042,49.0,13.0,0.0,27.0
-0.227,-0.094,0.133,49.0,13.0,0.0,27.0
-0.2,-0.117,0.083,49.0,13.0,0.0,27.0
-0.194,-0.116,0.078,49.0,13.0,0.0,27.0
-0.181,-0.136,0.045,49.0,13.0,0.0,27.0
-0.231,-0.092,0.139,49.0,13.0,0.0,27.0
-0.203,-0.115,0.088,49.0,13.0,0.0,27.0
-0.191,-0.117,0.074,49.0,13.0,0.0,27.0
-0.179,-0.137,0.042,49.0,13.0,0.0,27.0
-0.227,-0.095,0.132,49.0,13.0,0.0,27.0
-0.2,-0.117,0.083,49.0,13.0,0.0,27.0
-0.192,-0.117,0.075,49.0,13.0,0.0,27.0
-0.18,-0.137,0.043,49.0,13.0,0.0,27.0
-0.228,-0.094,0.134,49.0,13.0,0.0,27.0
-0.2,-0.117,0.083,49.0,13.0,0.0,27.0
-0.192,-0.117,0.075,49.0,13.0,0.0,27.0
-0.179,-0.137,0.042,49.0,13.0,0.0,27.0
-0.227,-0.094,0.133,49.0,13.0,0.0,27.0
-0.2,-0.117,0.083,49.0,13.0,0.0,27.0
-0.192,-0.117,0.075,49.0,13.0,0.0,27.0
-0.18,-0.137,0.043,49.0,13.0,0.0,27.0
-0.229,-0.094,0.135,49.0,13.0,0.0,27.0
-0.201,-0.117,0.084,49.0,13.0,0.0,27.0
-0.194,-0.117,0.077,49.0,13.0,0.0,27.0
-0.181,-0.136,0.045,49.0,13.0,0.0,27.0
-0.23,-0.093,0.137,49.0,13.0,0.0,27.0
-0.202,-0.116,0.086,49.0,13.0,0.0,27.0
-0.192,-0.117,0.075,49.0,13.0,0.0,27.0
-0.179,-0.137,0.042,49.0,13.0,0.0,27.0
-0.227,-0.094,0.133,49.0,13.0,0.0,27.0
-0.2,-0.117,0.083,49.0,13.0,0.0,27.0
-0.192,-0.117,0.075,49.0,13.0,0.0,27.0
-0.18,-0.137,0.043,49.0,13.0,0.0,27.0
-0.228,-0.094,0.134,49.0,13.0,0.0,27.0
-0.201,-0.117,0.084,49.0,13.0,0.0,27.0
-0.191,-0.117,0.074,49.0,13.0,0.0,27.0
-0.179,-0.137,0.042,49.0,13.0,0.0,27.0
-0.227,-0.094,0.133,49.0,13.0,0.0,27.0
-0.2,-0.117,0.083,49.0,13.0,0.0,27.0
-0.192,-0.117,0.075,49.0,13.0,0.0,27.0
-0.179,-0.137,0.042,49.0,13.0,0.0,27.0
-0.227,-0.094,0.133,49.0,13.0,0.0,27.0
-0.2,-0.117,0.083,49.0,13.0,0.0,27.0
-0.202,-0.091,0.111,27.0,4.0,0.0,10.0
-0.184,-0.112,0.072,27.0,4.0,0.0,10.0
-0.244,-0.064,0.18,27.0,4.0,0.0,10.0
-0.212,-0.09,0.122,27.0,4.0,0.0,10.0
-0.201,-0.089,0.112,27.0,4.0,0.0,10.0
-0.183,-0.111,0.072,27.0,4.0,0.0,10.0
-0.244,-0.062,0.182,27.0,4.0,0.0,10.0
-0.211,-0.088,0.123,27.0,4.0,0.0,10.0
-0.191,-0.105,0.086,21.0,0.0,0.0,35.0
-0.175,-0.125,0.05,21.0,0.0,0.0,35.0
-0.232,-0.081,0.151,21.0,0.0,0.0,35.0
-0.201,-0.104,0.097,21.0,0.0,0.0,35.0
-0.191,-0.104,0.087,21.0,0.0,0.0,35.0
-0.175,-0.125,0.05,21.0,0.0,0.0,35.0
-0.231,-0.08,0.151,21.0,0.0,0.0,35.0
-0.2,-0.104,0.096,21.0,0.0,0.0,35.0
-0.191,-0.105,0.086,21.0,0.0,0.0,35.0
-0.176,-0.125,0.051,21.0,0.0,0.0,35.0
-0.232,-0.081,0.151,21.0,0.0,0.0,35.0
-0.201,-0.104,0.097,21.0,0.0,0.0,35.0
-0.191,-0.104,0.087,21.0,0.0,0.0,35.0
-0.175,-0.125,0.05,21.0,0.0,0.0,35.0
-0.232,-0.081,0.151,21.0,0.0,0.0,35.0
-0.2,-0.104,0.096,21.0,0.0,0.0,35.0
-0.191,-0.104,0.087,21.0,0.0,0.0,35.0
-0.175,-0.125,0.05,21.0,0.0,0.0,35.0
-0.231,-0.08,0.151,21.0,0.0,0.0,35.0
-0.2,-0.104,0.096,21.0,0.0,0.0,35.0
-0.191,-0.104,0.087,21.0,0.0,0.0,35.0
-0.175,-0.125,0.05,21.0,0.0,0.0,35.0
-0.232,-0.08,0.152,21.0,0.0,0.0,35.0
-0.201,-0.104,0.097,21.0,0.0,0.0,35.0
-0.191,-0.104,0.087,21.0,0.0,0.0,35.0
-0.175,-0.125,0.05,21.0,0.0,0.0,35.0
-0.232,-0.08,0.152,21.0,0.0,0.0,35.0
-0.2,-0.104,0.096,21.0,0.0,0.0,35.0
-0.191,-0.104,0.087,21.0,0.0,0.0,35.0
-0.175,-0.125,0.05,21.0,0.0,0.0,35.0
-0.231,-0.08,0.151,21.0,0.0,0.0,35.0
-0.2,-0.104,0.096,21.0,0.0,0.0,35.0
-0.191,-0.105,0.086,21.0,0.0,0.0,35.0
-0.175,-0.125,0.05,21.0,0.0,0.0,35.0
-0.232,-0.081,0.151,21.0,0.0,0.0,35.0
-0.201,-0.104,0.097,21.0,0.0,0.0,35.0
-0.191,-0.105,0.086,21.0,0.0,0.0,35.0
-0.176,-0.126,0.05,21.0,0.0,0.0,35.0
-0.232,-0.081,0.151,21.0,0.0,0.0,35.0
-0.201,-0.104,0.097,21.0,0.0,0.0,35.0
-0.191,-0.104,0.087,21.0,0.0,0.0,35.0
-0.175,-0.125,0.05,21.0,0.0,0.0,35.0
-0.231,-0.08,0.151,21.0,0.0,0.0,35.0
-0.2,-0.104,0.096,21.0,0.0,0.0,35.0
-0.191,-0.104,0.087,21.0,0.0,0.0,35.0
-0.175,-0.125,0.05,21.0,0.0,0.0,35.0
-0.231,-0.08,0.151,21.0,0.0,0.0,35.0
-0.2,-0.104,0.096,21.0,0.0,0.0,35.0
-0.191,-0.105,0.086,21.0,0.0,0.0,35.0
-0.175,-0.125,0.05,21.0,0.0,0.0,35.0
-0.232,-0.081,0.151,21.0,0.0,0.0,35.0
-0.201,-0.104,0.097,21.0,0.0,0.0,35.0
-0.191,-0.105,0.086,21.0,0.0,0.0,35.0
-0.175,-0.125,0.05,21.0,0.0,0.0,35.0
-0.232,-0.081,0.151,21.0,0.0,0.0,35.0
-0.201,-0.104,0.097,21.0,0.0,0.0,35.0
-0.191,-0.105,0.086,21.0,0.0,0.0,35.0
-0.175,-0.126,0.049,21.0,0.0,0.0,35.0
-0.231,-0.081,0.15,21.0,0.0,0.0,35.0
-0.2,-0.104,0.096,21.0,0.0,0.0,35.0
-0.19,-0.104,0.086,21.0,0.0,0.0,35.0
-0.175,-0.125,0.05,21.0,0.0,0.0,35.0
-0.231,-0.08,0.151,21.0,0.0,0.0,35.0
-0.2,-0.104,0.096,21.0,0.0,0.0,35.0
-0.178,-0.118,0.06,37.0,0.0,0.0,50.0
-0.166,-0.136,0.03,37.0,0.0,0.0,50.0
-0.217,-0.098,0.119,37.0,0.0,0.0,50.0
-0.188,-0.119,0.069,37.0,0.0,0.0,50.0
-0.178,-0.118,0.06,37.0,0.0,0.0,50.0
-0.165,-0.136,0.029,37.0,0.0,0.0,50.0
-0.216,-0.098,0.118,37.0,0.0,0.0,50.0
-0.187,-0.119,0.068,37.0,0.0,0.0,50.0
-0.178,-0.118,0.06,37.0,0.0,0.0,50.0
-0.166,-0.136,0.03,37.0,0.0,0.0,50.0
-0.217,-0.098,0.119,37.0,0.0,0.0,50.0
-0.188,-0.119,0.069,37.0,0.0,0.0,50.0
-0.179,-0.118,0.061,37.0,0.0,0.0,50.0
-0.166,-0.136,0.03,37.0,0.0,0.0,50.0
-0.217,-0.098,0.119,37.0,0.0,0.0,50.0
-0.188,-0.119,0.069,37.0,0.0,0.0,50.0
-0.178,-0.118,0.06,37.0,0.0,0.0,50.0
-0.166,-0.136,0.03,37.0,0.0,0.0,50.0
-0.217,-0.098,0.119,37.0,0.0,0.0,50.0
-0.188,-0.119,0.069,37.0,0.0,0.0,50.0
-0.178,-0.118,0.06,37.0,0.0,0.0,50.0
-0.166,-0.136,0.03,37.0,0.0,0.0,50.0
-0.217,-0.098,0.119,37.0,0.0,0.0,50.0
-0.188,-0.119,0.069,37.0,0.0,0.0,50.0
-0.178,-0.118,0.06,37.0,0.0,0.0,50.0
-0.166,-0.136,0.03,37.0,0.0,0.0,50.0
-0.217,-0.098,0.119,37.0,0.0,0.0,50.0
-0.188,-0.119,0.069,37.0,0.0,0.0,50.0
-0.178,-0.118,0.06,37.0,0.0,0.0,50.0
-0.165,-0.136,0.029,37.0,0.0,0.0,50.0
-0.216,-0.098,0.118,37.0,0.0,0.0,50.0
-0.187,-0.119,0.068,37.0,0.0,0.0,50.0
-0.179,-0.118,0.061,37.0,0.0,0.0,50.0
-0.166,-0.136,0.03,37.0,0.0,0.0,50.0
-0.217,-0.098,0.119,37.0,0.0,0.0,50.0
-0.188,-0.119,0.069,37.0,0.0,0.0,50.0
-0.179,-0.118,0.061,37.0,0.0,0.0,50.0
-0.166,-0.136,0.03,37.0,0.0,0.0,50.0
-0.217,-0.098,0.119,37.0,0.0,0.0,50.0
-0.188,-0.119,0.069,37.0,0.0,0.0,50.0
-0.178,-0.118,0.06,37.0,0.0,0.0,50.0
-0.166,-0.136,0.03,37.0,0.0,0.0,50.0
-0.217,-0.098,0.119,37.0,0.0,0.0,50.0
-0.188,-0.119,0.069,37.0,0.0,0.0,50.0
-0.178,-0.118,0.06,37.0,0.0,0.0,50.0
-0.166,-0.136,0.03,37.0,0.0,0.0,50.0
-0.217,-0.098,0.119,37.0,0.0,0.0,50.0
-0.188,-0.119,0.069,37.0,0.0,0.0,50.0
-0.179,-0.118,0.061,37.0,0.0,0.0,50.0
-0.166,-0.136,0.03,37.0,0.0,0.0,50.0
-0.217,-0.098,0.119,37.0,0.0,0.0,50.0
-0.188,-0.119,0.069,37.0,0.0,0.0,50.0
-0.178,-0.118,0.06,37.0,0.0,0.0,50.0
-0.166,-0.136,0.03,37.0,0.0,0.0,50.0
-0.217,-0.098,0.119,37.0,0.0,0.0,50.0
-0.187,-0.119,0.068,37.0,0.0,0.0,50.0
-0.178,-0.118,0.06,37.0,0.0,0.0,50.0
-0.165,-0.136,0.029,37.0,0.0,0.0,50.0
-0.216,-0.098,0.118,37.0,0.0,0.0,50.0
-0.187,-0.119,0.068,37.0,0.0,0.0,50.0
-0.178,-0.118,0.06,37.0,0.0,0.0,50.0
-0.165,-0.136,0.029,37.0,0.0,0.0,50.0
-0.216,-0.098,0.118,37.0,0.0,0.0,50.0
-0.187,-0.119,0.068,37.0,0.0,0.0,50.0
-0.19,-0.09,0.1,52.0,2.0,0.0,34.0
-0.172,-0.111,0.061,52.0,2.0,0.0,34.0
-0.231,-0.066,0.165,52.0,2.0,0.0,34.0
-0.199,-0.089,0.11,52.0,2.0,0.0,34.0
-0.189,-0.09,0.099,52.0,2.0,0.0,34.0
-0.172,-0.111,0.061,52.0,2.0,0.0,34.0
-0.23,-0.065,0.165,52.0,2.0,0.0,34.0
-0.199,-0.089,0.11,52.0,2.0,0.0,34.0
-0.189,-0.089,0.1,52.0,2.0,0.0,34.0
-0.172,-0.11,0.062,52.0,2.0,0.0,34.0
-0.23,-0.064,0.166,52.0,2.0,0.0,34.0
-0.199,-0.088,0.111,52.0,2.0,0.0,34.0
-0.189,-0.09,0.099,52.0,2.0,0.0,34.0
-0.172,-0.111,0.061,52.0,2.0,0.0,34.0
-0.231,-0.065,0.166,52.0,2.0,0.0,34.0
-0.199,-0.089,0.11,52.0,2.0,0.0,34.0
-0.19,-0.09,0.1,52.0,2.0,0.0,34.0
-0.172,-0.111,0.061,52.0,2.0,0.0,34.0
-0.231,-0.066,0.165,52.0,2.0,0.0,34.0
-0.199,-0.089,0.11,52.0,2.0,0.0,34.0
-0.189,-0.09,0.099,52.0,2.0,0.0,34.0
-0.172,-0.111,0.061,52.0,2.0,0.0,34.0
-0.231,-0.065,0.166,52.0,2.0,0.0,34.0
-0.199,-0.089,0.11,52.0,2.0,0.0,34.0
-0.19,-0.089,0.101,52.0,2.0,0.0,34.0
-0.172,-0.111,0.061,52.0,2.0,0.0,34.0
-0.231,-0.065,0.166,52.0,2.0,0.0,34.0
-0.199,-0.089,0.11,52.0,2.0,0.0,34.0
-0.189,-0.089,0.1,52.0,2.0,0.0,34.0
-0.172,-0.11,0.062,52.0,2.0,0.0,34.0
-0.23,-0.064,0.166,52.0,2.0,0.0,34.0
-0.199,-0.088,0.111,52.0,2.0,0.0,34.0
-0.188,-0.089,0.099,52.0,2.0,0.0,34.0
-0.171,-0.11,0.061,52.0,2.0,0.0,34.0
-0.23,-0.064,0.166,52.0,2.0,0.0,34.0
-0.198,-0.088,0.11,52.0,2.0,0.0,34.0
-0.189,-0.089,0.1,52.0,2.0,0.0,34.0
-0.172,-0.11,0.062,52.0,2.0,0.0,34.0
-0.231,-0.065,0.166,52.0,2.0,0.0,34.0
-0.199,-0.088,0.111,52.0,2.0,0.0,34.0
-0.188,-0.088,0.1,52.0,2.0,0.0,34.0
-0.171,-0.11,0.061,52.0,2.0,0.0,34.0
-0.229,-0.064,0.165,52.0,2.0,0.0,34.0
-0.198,-0.088,0.11,52.0,2.0,0.0,34.0
-0.189,-0.09,0.099,52.0,2.0,0.0,34.0
-0.172,-0.111,0.061,52.0,2.0,0.0,34.0
-0.23,-0.065,0.165,52.0,2.0,0.0,34.0
-0.199,-0.089,0.11,52.0,2.0,0.0,34.0
-0.189,-0.09,0.099,52.0,2.0,0.0,34.0
-0.172,-0.11,0.062,52.0,2.0,0.0,34.0
-0.23,-0.065,0.165,52.0,2.0,0.0,34.0
-0.199,-0.089,0.11,52.0,2.0,0.0,34.0
-0.184,-0.087,0.097,52.0,2.0,0.0,34.0
-0.166,-0.108,0.058,52.0,2.0,0.0,34.0
-0.226,-0.062,0.164,52.0,2.0,0.0,34.0
-0.194,-0.086,0.108,52.0,2.0,0.0,34.0
-0.188,-0.089,0.099,52.0,2.0,0.0,34.0
-0.171,-0.11,0.061,52.0,2.0,0.0,34.0
-0.229,-0.064,0.165,52.0,2.0,0.0,34.0
-0.198,-0.088,0.11,52.0,2.0,0.0,34.0
-0.183,-0.087,0.096,52.0,2.0,0.0,34.0
-0.166,-0.108,0.058,52.0,2.0,0.0,34.0
-0.225,-0.062,0.163,52.0,2.0,0.0,34.0
-0.192,-0.086,0.106,52.0,2.0,0.0,34.0
-0.188,-0.089,0.099,52.0,2.0,0.0,34.0
-0.171,-0.11,0.061,52.0,2.0,0.0,34.0
-0.23,-0.064,0.166,52.0,2.0,0.0,34.0
-0.198,-0.088,0.11,52.0,2.0,0.0,34.0
-0.187,-0.099,0.088,17.0,0.0,0.0,25.0
-0.171,-0.12,0.051,17.0,0.0,0.0,25.0
-0.228,-0.072,0.156,17.0,0.0,0.0,25.0
-0.196,-0.098,0.098,17.0,0.0,0.0,25.0
-0.187,-0.099,0.088,17.0,0.0,0.0,25.0
-0.171,-0.12,0.051,17.0,0.0,0.0,25.0
-0.228,-0.072,0.156,17.0,0.0,0.0,25.0
-0.196,-0.098,0.098,17.0,0.0,0.0,25.0
-0.186,-0.099,0.087,17.0,0.0,0.0,25.0
-0.17,-0.12,0.05,17.0,0.0,0.0,25.0
-0.227,-0.073,0.154,17.0,0.0,0.0,25.0
-0.195,-0.098,0.097,17.0,0.0,0.0,25.0
-0.187,-0.099,0.088,17.0,0.0,0.0,25.0
-0.171,-0.12,0.051,17.0,0.0,0.0,25.0
-0.228,-0.072,0.156,17.0,0.0,0.0,25.0
-0.196,-0.098,0.098,17.0,0.0,0.0,25.0
-0.186,-0.099,0.087,17.0,0.0,0.0,25.0
-0.171,-0.12,0.051,17.0,0.0,0.0,25.0
-0.227,-0.073,0.154,17.0,0.0,0.0,25.0
-0.195,-0.098,0.097,17.0,0.0,0.0,25.0
-0.186,-0.099,0.087,17.0,0.0,0.0,25.0
-0.171,-0.12,0.051,17.0,0.0,0.0,25.0
-0.227,-0.073,0.154,17.0,0.0,0.0,25.0
-0.196,-0.098,0.098,17.0,0.0,0.0,25.0
-0.187,-0.099,0.088,17.0,0.0,0.0,25.0
-0.171,-0.12,0.051,17.0,0.0,0.0,25.0
-0.227,-0.073,0.154,17.0,0.0,0.0,25.0
-0.196,-0.098,0.098,17.0,0.0,0.0,25.0
-0.183,-0.1,0.083,17.0,0.0,0.0,25.0
-0.168,-0.121,0.047,17.0,0.0,0.0,25.0
-0.223,-0.074,0.149,17.0,0.0,0.0,25.0
-0.192,-0.098,0.094,17.0,0.0,0.0,25.0
-0.187,-0.099,0.088,17.0,0.0,0.0,25.0
-0.171,-0.12,0.051,17.0,0.0,0.0,25.0
-0.227,-0.072,0.155,17.0,0.0,0.0,25.0
-0.196,-0.098,0.098,17.0,0.0,0.0,25.0
-0.186,-0.099,0.087,17.0,0.0,0.0,25.0
-0.17,-0.12,0.05,17.0,0.0,0.0,25.0
-0.227,-0.073,0.154,17.0,0.0,0.0,25.0
-0.195,-0.098,0.097,17.0,0.0,0.0,25.0
-0.187,-0.099,0.088,17.0,0.0,0.0,25.0
-0.171,-0.12,0.051,17.0,0.0,0.0,25.0
-0.228,-0.072,0.156,17.0,0.0,0.0,25.0
-0.196,-0.098,0.098,17.0,0.0,0.0,25.0
-0.187,-0.099,0.088,17.0,0.0,0.0,25.0
-0.171,-0.12,0.051,17.0,0.0,0.0,25.0
-0.228,-0.073,0.155,17.0,0.0,0.0,25.0
-0.196,-0.098,0.098,17.0,0.0,0.0,25.0
-0.187,-0.099,0.088,17.0,0.0,0.0,25.0
-0.171,-0.12,0.051,17.0,0.0,0.0,25.0
-0.228,-0.072,0.156,17.0,0.0,0.0,25.0
-0.196,-0.098,0.098,17.0,0.0,0.0,25.0
-0.185,-0.099,0.086,17.0,0.0,0.0,25.0
-0.169,-0.12,0.049,17.0,0.0,0.0,25.0
-0.225,-0.073,0.152,17.0,0.0,0.0,25.0
-0.194,-0.098,0.096,17.0,0.0,0.0,25.0
-0.187,-0.099,0.088,17.0,0.0,0.0,25.0
-0.171,-0.12,0.051,17.0,0.0,0.0,25.0
-0.227,-0.072,0.155,17.0,0.0,0.0,25.0
-0.196,-0.098,0.098,17.0,0.0,0.0,25.0
-0.186,-0.106,0.08,22.0,0.0,0.0,30.0
-0.171,-0.125,0.046,22.0,0.0,0.0,30.0
-0.227,-0.083,0.144,22.0,0.0,0.0,30.0
-0.196,-0.105,0.091,22.0,0.0,0.0,30.0
-0.184,-0.107,0.077,22.0,0.0,0.0,30.0
-0.169,-0.126,0.043,22.0,0.0,0.0,30.0
-0.224,-0.084,0.14,22.0,0.0,0.0,30.0
-0.194,-0.106,0.088,22.0,0.0,0.0,30.0
-0.184,-0.106,0.078,22.0,0.0,0.0,30.0
-0.169,-0.126,0.043,22.0,0.0,0.0,30.0
-0.225,-0.084,0.141,22.0,0.0,0.0,30.0
-0.194,-0.106,0.088,22.0,0.0,0.0,30.0
-0.184,-0.106,0.078,22.0,0.0,0.0,30.0
-0.169,-0.126,0.043,22.0,0.0,0.0,30.0
-0.224,-0.084,0.14,22.0,0.0,0.0,30.0
-0.194,-0.106,0.088,22.0,0.0,0.0,30.0
-0.184,-0.106,0.078,22.0,0.0,0.0,30.0
-0.169,-0.126,0.043,22.0,0.0,0.0,30.0
-0.225,-0.084,0.141,22.0,0.0,0.0,30.0
-0.194,-0.106,0.088,22.0,0.0,0.0,30.0
-0.185,-0.106,0.079,22.0,0.0,0.0,30.0
-0.17,-0.126,0.044,22.0,0.0,0.0,30.0
-0.226,-0.083,0.143,22.0,0.0,0.0,30.0
-0.195,-0.106,0.089,22.0,0.0,0.0,30.0
-0.186,-0.106,0.08,22.0,0.0,0.0,30.0
-0.171,-0.125,0.046,22.0,0.0,0.0,30.0
-0.227,-0.083,0.144,22.0,0.0,0.0,30.0
-0.196,-0.105,0.091,22.0,0.0,0.0,30.0
-0.184,-0.106,0.078,22.0,0.0,0.0,30.0
-0.169,-0.126,0.043,22.0,0.0,0.0,30.0
-0.224,-0.084,0.14,22.0,0.0,0.0,30.0
-0.194,-0.106,0.088,22.0,0.0,0.0,30.0
-0.184,-0.106,0.078,22.0,0.0,0.0,30.0
-0.169,-0.126,0.043,22.0,0.0,0.0,30.0
-0.225,-0.084,0.141,22.0,0.0,0.0,30.0
-0.194,-0.106,0.088,22.0,0.0,0.0,30.0
-0.184,-0.106,0.078,22.0,0.0,0.0,30.0
-0.169,-0.126,0.043,22.0,0.0,0.0,30.0
-0.224,-0.084,0.14,22.0,0.0,0.0,30.0
-0.194,-0.106,0.088,22.0,0.0,0.0,30.0
-0.185,-0.106,0.079,22.0,0.0,0.0,30.0
-0.17,-0.126,0.044,22.0,0.0,0.0,30.0
-0.226,-0.084,0.142,22.0,0.0,0.0,30.0
-0.195,-0.106,0.089,22.0,0.0,0.0,30.0
-0.185,-0.106,0.079,22.0,0.0,0.0,30.0
-0.17,-0.126,0.044,22.0,0.0,0.0,30.0
-0.226,-0.084,0.142,22.0,0.0,0.0,30.0
-0.195,-0.106,0.089,22.0,0.0,0.0,30.0
-0.185,-0.106,0.079,22.0,0.0,0.0,30.0
-0.17,-0.126,0.044,22.0,0.0,0.0,30.0
-0.225,-0.084,0.141,22.0,0.0,0.0,30.0
-0.195,-0.106,0.089,22.0,0.0,0.0,30.0
-0.185,-0.106,0.079,22.0,0.0,0.0,30.0
-0.17,-0.126,0.044,22.0,0.0,0.0,30.0
-0.226,-0.083,0.143,22.0,0.0,0.0,30.0
-0.195,-0.106,0.089,22.0,0.0,0.0,30.0
-0.185,-0.106,0.079,22.0,0.0,0.0,30.0
-0.17,-0.126,0.044,22.0,0.0,0.0,30.0
-0.226,-0.084,0.142,22.0,0.0,0.0,30.0
-0.195,-0.106,0.089,22.0,0.0,0.0,30.0
-0.184,-0.106,0.078,22.0,0.0,0.0,30.0
-0.169,-0.126,0.043,22.0,0.0,0.0,30.0
-0.225,-0.084,0.141,22.0,0.0,0.0,30.0
-0.194,-0.106,0.088,22.0,0.0,0.0,30.0
-0.187,-0.111,0.076,38.0,6.0,0.0,25.0
-0.172,-0.13,0.042,38.0,6.0,0.0,25.0
-0.226,-0.088,0.138,38.0,6.0,0.0,25.0
-0.196,-0.11,0.086,38.0,6.0,0.0,25.0
-0.186,-0.111,0.075,38.0,6.0,0.0,25.0
-0.171,-0.13,0.041,38.0,6.0,0.0,25.0
-0.225,-0.089,0.136,38.0,6.0,0.0,25.0
-0.195,-0.11,0.085,38.0,6.0,0.0,25.0
-0.186,-0.111,0.075,38.0,6.0,0.0,25.0
-0.171,-0.13,0.041,38.0,6.0,0.0,25.0
-0.226,-0.088,0.138,38.0,6.0,0.0,25.0
-0.195,-0.11,0.085,38.0,6.0,0.0,25.0
-0.188,-0.11,0.078,38.0,6.0,0.0,25.0
-0.172,-0.13,0.042,38.0,6.0,0.0,25.0
-0.228,-0.088,0.14,38.0,6.0,0.0,25.0
-0.197,-0.11,0.087,38.0,6.0,0.0,25.0
-0.187,-0.111,0.076,38.0,6.0,0.0,25.0
-0.172,-0.13,0.042,38.0,6.0,0.0,25.0
-0.227,-0.088,0.139,38.0,6.0,0.0,25.0
-0.196,-0.11,0.086,38.0,6.0,0.0,25.0
-0.188,-0.111,0.077,38.0,6.0,0.0,25.0
-0.173,-0.131,0.042,38.0,6.0,0.0,25.0
-0.228,-0.089,0.139,38.0,6.0,0.0,25.0
-0.197,-0.111,0.086,38.0,6.0,0.0,25.0
-0.188,-0.111,0.077,38.0,6.0,0.0,25.0
-0.173,-0.13,0.043,38.0,6.0,0.0,25.0
-0.228,-0.088,0.14,38.0,6.0,0.0,25.0
-0.197,-0.11,0.087,38.0,6.0,0.0,25.0
-0.188,-0.11,0.078,38.0,6.0,0.0,25.0
-0.173,-0.13,0.043,38.0,6.0,0.0,25.0
-0.229,-0.087,0.142,38.0,6.0,0.0,25.0
-0.197,-0.11,0.087,38.0,6.0,0.0,25.0
-0.188,-0.111,0.077,38.0,6.0,0.0,25.0
-0.173,-0.13,0.043,38.0,6.0,0.0,25.0
-0.228,-0.088,0.14,38.0,6.0,0.0,25.0
-0.197,-0.11,0.087,38.0,6.0,0.0,25.0
-0.188,-0.111,0.077,38.0,6.0,0.0,25.0
-0.173,-0.13,0.043,38.0,6.0,0.0,25.0
-0.228,-0.088,0.14,38.0,6.0,0.0,25.0
-0.197,-0.11,0.087,38.0,6.0,0.0,25.0
-0.188,-0.111,0.077,38.0,6.0,0.0,25.0
-0.173,-0.13,0.043,38.0,6.0,0.0,25.0
-0.228,-0.089,0.139,38.0,6.0,0.0,25.0
-0.197,-0.11,0.087,38.0,6.0,0.0,25.0
-0.187,-0.111,0.076,38.0,6.0,0.0,25.0
-0.172,-0.13,0.042,38.0,6.0,0.0,25.0
-0.227,-0.088,0.139,38.0,6.0,0.0,25.0
-0.196,-0.11,0.086,38.0,6.0,0.0,25.0
-0.186,-0.111,0.075,38.0,6.0,0.0,25.0
-0.171,-0.13,0.041,38.0,6.0,0.0,25.0
-0.226,-0.088,0.138,38.0,6.0,0.0,25.0
-0.195,-0.11,0.085,38.0,6.0,0.0,25.0
-0.186,-0.111,0.075,38.0,6.0,0.0,25.0
-0.171,-0.13,0.041,38.0,6.0,0.0,25.0
-0.226,-0.088,0.138,38.0,6.0,0.0,25.0
-0.195,-0.11,0.085,38.0,6.0,0.0,25.0
-0.186,-0.11,0.076,38.0,6.0,0.0,25.0
-0.171,-0.129,0.042,38.0,6.0,0.0,25.0
-0.226,-0.088,0.138,38.0,6.0,0.0,25.0
-0.195,-0.11,0.085,38.0,6.0,0.0,25.0
-0.186,-0.111,0.075,38.0,6.0,0.0,25.0
-0.171,-0.13,0.041,38.0,6.0,0.0,25.0
-0.226,-0.088,0.138,38.0,6.0,0.0,25.0
-0.195,-0.11,0.085,38.0,6.0,0.0,25.0
-0.186,-0.111,0.075,38.0,6.0,0.0,25.0
-0.171,-0.13,0.041,38.0,6.0,0.0,25.0
-0.226,-0.088,0.138,38.0,6.0,0.0,25.0
-0.195,-0.11,0.085,38.0,6.0,0.0,25.0
-0.187,-0.11,0.077,38.0,6.0,0.0,25.0
-0.172,-0.13,0.042,38.0,6.0,0.0,25.0
-0.227,-0.088,0.139,38.0,6.0,0.0,25.0
-0.196,-0.11,0.086,38.0,6.0,0.0,25.0
-0.197,-0.115,0.082,45.0,2.0,2.0,35.0
-0.181,-0.134,0.047,45.0,2.0,2.0,35.0
-0.237,-0.093,0.144,45.0,2.0,2.0,35.0
-0.206,-0.115,0.091,45.0,2.0,2.0,35.0
-0.198,-0.114,0.084,45.0,2.0,2.0,35.0
-0.182,-0.133,0.049,45.0,2.0,2.0,35.0
-0.237,-0.091,0.146,45.0,2.0,2.0,35.0
-0.207,-0.114,0.093,45.0,2.0,2.0,35.0
-0.198,-0.116,0.082,45.0,2.0,2.0,35.0
-0.182,-0.134,0.048,45.0,2.0,2.0,35.0
-0.237,-0.093,0.144,45.0,2.0,2.0,35.0
-0.206,-0.115,0.091,45.0,2.0,2.0,35.0
-0.198,-0.116,0.082,45.0,2.0,2.0,35.0
-0.182,-0.134,0.048,45.0,2.0,2.0,35.0
-0.237,-0.093,0.144,45.0,2.0,2.0,35.0
-0.206,-0.115,0.091,45.0,2.0,2.0,35.0
-0.198,-0.115,0.083,45.0,2.0,2.0,35.0
-0.182,-0.134,0.048,45.0,2.0,2.0,35.0
-0.237,-0.093,0.144,45.0,2.0,2.0,35.0
-0.206,-0.114,0.092,45.0,2.0,2.0,35.0
-0.198,-0.115,0.083,45.0,2.0,2.0,35.0
-0.182,-0.134,0.048,45.0,2.0,2.0,35.0
-0.237,-0.093,0.144,45.0,2.0,2.0,35.0
-0.206,-0.115,0.091,45.0,2.0,2.0,35.0
-0.198,-0.115,0.083,45.0,2.0,2.0,35.0
-0.182,-0.134,0.048,45.0,2.0,2.0,35.0
-0.237,-0.093,0.144,45.0,2.0,2.0,35.0
-0.206,-0.115,0.091,45.0,2.0,2.0,35.0
-0.198,-0.115,0.083,45.0,2.0,2.0,35.0
-0.182,-0.134,0.048,45.0,2.0,2.0,35.0
-0.237,-0.093,0.144,45.0,2.0,2.0,35.0
-0.206,-0.115,0.091,45.0,2.0,2.0,35.0
-0.198,-0.115,0.083,45.0,2.0,2.0,35.0
-0.182,-0.133,0.049,45.0,2.0,2.0,35.0
-0.237,-0.092,0.145,45.0,2.0,2.0,35.0
-0.207,-0.114,0.093,45.0,2.0,2.0,35.0
-0.198,-0.116,0.082,45.0,2.0,2.0,35.0
-0.182,-0.134,0.048,45.0,2.0,2.0,35.0
-0.237,-0.093,0.144,45.0,2.0,2.0,35.0
-0.206,-0.115,0.091,45.0,2.0,2.0,35.0
-0.198,-0.116,0.082,45.0,2.0,2.0,35.0
-0.181,-0.135,0.046,45.0,2.0,2.0,35.0
-0.237,-0.093,0.144,45.0,2.0,2.0,35.0
-0.206,-0.115,0.091,45.0,2.0,2.0,35.0
-0.197,-0.115,0.082,45.0,2.0,2.0,35.0
-0.181,-0.134,0.047,45.0,2.0,2.0,35.0
-0.237,-0.092,0.145,45.0,2.0,2.0,35.0
-0.206,-0.114,0.092,45.0,2.0,2.0,35.0
-0.198,-0.115,0.083,45.0,2.0,2.0,35.0
-0.182,-0.134,0.048,45.0,2.0,2.0,35.0
-0.237,-0.093,0.144,45.0,2.0,2.0,35.0
-0.206,-0.115,0.091,45.0,2.0,2.0,35.0
-0.198,-0.115,0.083,45.0,2.0,2.0,35.0
-0.182,-0.134,0.048,45.0,2.0,2.0,35.0
-0.237,-0.093,0.144,45.0,2.0,2.0,35.0
-0.206,-0.114,0.092,45.0,2.0,2.0,35.0
-0.187,-0.105,0.082,31.0,0.0,0.0,39.0
-0.171,-0.125,0.046,31.0,0.0,0.0,39.0
-0.227,-0.082,0.145,31.0,0.0,0.0,39.0
-0.196,-0.105,0.091,31.0,0.0,0.0,39.0
-0.185,-0.106,0.079,31.0,0.0,0.0,39.0
-0.17,-0.126,0.044,31.0,0.0,0.0,39.0
-0.225,-0.083,0.142,31.0,0.0,0.0,39.0
-0.195,-0.106,0.089,31.0,0.0,0.0,39.0
-0.185,-0.106,0.079,31.0,0.0,0.0,39.0
-0.17,-0.126,0.044,31.0,0.0,0.0,39.0
-0.225,-0.083,0.142,31.0,0.0,0.0,39.0
-0.195,-0.106,0.089,31.0,0.0,0.0,39.0
-0.185,-0.106,0.079,31.0,0.0,0.0,39.0
-0.17,-0.126,0.044,31.0,0.0,0.0,39.0
-0.225,-0.083,0.142,31.0,0.0,0.0,39.0
-0.195,-0.106,0.089,31.0,0.0,0.0,39.0
-0.185,-0.106,0.079,31.0,0.0,0.0,39.0
-0.17,-0.126,0.044,31.0,0.0,0.0,39.0
-0.225,-0.083,0.142,31.0,0.0,0.0,39.0
-0.195,-0.106,0.089,31.0,0.0,0.0,39.0
-0.187,-0.106,0.081,31.0,0.0,0.0,39.0
-0.171,-0.125,0.046,31.0,0.0,0.0,39.0
-0.227,-0.082,0.145,31.0,0.0,0.0,39.0
-0.196,-0.105,0.091,31.0,0.0,0.0,39.0
-0.187,-0.106,0.081,31.0,0.0,0.0,39.0
-0.171,-0.125,0.046,31.0,0.0,0.0,39.0
-0.227,-0.082,0.145,31.0,0.0,0.0,39.0
-0.196,-0.105,0.091,31.0,0.0,0.0,39.0
-0.186,-0.106,0.08,31.0,0.0,0.0,39.0
-0.17,-0.126,0.044,31.0,0.0,0.0,39.0
-0.226,-0.083,0.143,31.0,0.0,0.0,39.0
-0.195,-0.106,0.089,31.0,0.0,0.0,39.0
-0.185,-0.106,0.079,31.0,0.0,0.0,39.0
-0.17,-0.126,0.044,31.0,0.0,0.0,39.0
-0.226,-0.083,0.143,31.0,0.0,0.0,39.0
-0.195,-0.106,0.089,31.0,0.0,0.0,39.0
-0.185,-0.106,0.079,31.0,0.0,0.0,39.0
-0.17,-0.126,0.044,31.0,0.0,0.0,39.0
-0.225,-0.083,0.142,31.0,0.0,0.0,39.0
-0.195,-0.106,0.089,31.0,0.0,0.0,39.0
-0.186,-0.106,0.08,31.0,0.0,0.0,39.0
-0.17,-0.126,0.044,31.0,0.0,0.0,39.0
-0.226,-0.083,0.143,31.0,0.0,0.0,39.0
-0.195,-0.106,0.089,31.0,0.0,0.0,39.0
-0.187,-0.105,0.082,31.0,0.0,0.0,39.0
-0.171,-0.125,0.046,31.0,0.0,0.0,39.0
-0.227,-0.083,0.144,31.0,0.0,0.0,39.0
-0.196,-0.105,0.091,31.0,0.0,0.0,39.0
-0.185,-0.106,0.079,31.0,0.0,0.0,39.0
-0.17,-0.126,0.044,31.0,0.0,0.0,39.0
-0.226,-0.083,0.143,31.0,0.0,0.0,39.0
-0.195,-0.106,0.089,31.0,0.0,0.0,39.0
-0.185,-0.106,0.079,31.0,0.0,0.0,39.0
-0.17,-0.126,0.044,31.0,0.0,0.0,39.0
-0.226,-0.083,0.143,31.0,0.0,0.0,39.0
-0.195,-0.106,0.089,31.0,0.0,0.0,39.0
-0.192,-0.099,0.093,45.0,0.0,2.0,33.0
-0.176,-0.118,0.058,45.0,0.0,2.0,33.0
-0.233,-0.076,0.157,45.0,0.0,2.0,33.0
-0.202,-0.098,0.104,45.0,0.0,2.0,33.0
-0.192,-0.099,0.093,45.0,0.0,2.0,33.0
-0.176,-0.118,0.058,45.0,0.0,2.0,33.0
-0.233,-0.076,0.157,45.0,0.0,2.0,33.0
-0.202,-0.098,0.104,45.0,0.0,2.0,33.0
-0.192,-0.099,0.093,45.0,0.0,2.0,33.0
-0.176,-0.118,0.058,45.0,0.0,2.0,33.0
-0.233,-0.076,0.157,45.0,0.0,2.0,33.0
-0.202,-0.098,0.104,45.0,0.0,2.0,33.0
-0.192,-0.099,0.093,45.0,0.0,2.0,33.0
-0.176,-0.118,0.058,45.0,0.0,2.0,33.0
-0.233,-0.076,0.157,45.0,0.0,2.0,33.0
-0.202,-0.098,0.104,45.0,0.0,2.0,33.0
-0.192,-0.099,0.093,45.0,0.0,2.0,33.0
-0.176,-0.118,0.058,45.0,0.0,2.0,33.0
-0.233,-0.076,0.157,45.0,0.0,2.0,33.0
-0.202,-0.098,0.104,45.0,0.0,2.0,33.0
-0.192,-0.099,0.093,45.0,0.0,2.0,33.0
-0.176,-0.118,0.058,45.0,0.0,2.0,33.0
-0.233,-0.076,0.157,45.0,0.0,2.0,33.0
-0.202,-0.098,0.104,45.0,0.0,2.0,33.0
-0.192,-0.099,0.093,45.0,0.0,2.0,33.0
-0.176,-0.118,0.058,45.0,0.0,2.0,33.0
-0.233,-0.076,0.157,45.0,0.0,2.0,33.0
-0.202,-0.098,0.104,45.0,0.0,2.0,33.0
-0.192,-0.099,0.093,45.0,0.0,2.0,33.0
-0.176,-0.118,0.058,45.0,0.0,2.0,33.0
-0.233,-0.076,0.157,45.0,0.0,2.0,33.0
-0.202,-0.098,0.104,45.0,0.0,2.0,33.0
-0.192,-0.099,0.093,45.0,0.0,2.0,33.0
-0.176,-0.118,0.058,45.0,0.0,2.0,33.0
-0.232,-0.076,0.156,45.0,0.0,2.0,33.0
-0.202,-0.098,0.104,45.0,0.0,2.0,33.0
-0.192,-0.099,0.093,45.0,0.0,2.0,33.0
-0.176,-0.118,0.058,45.0,0.0,2.0,33.0
-0.233,-0.076,0.157,45.0,0.0,2.0,33.0
-0.202,-0.098,0.104,45.0,0.0,2.0,33.0
-0.192,-0.099,0.093,45.0,0.0,2.0,33.0
-0.176,-0.118,0.058,45.0,0.0,2.0,33.0
-0.233,-0.076,0.157,45.0,0.0,2.0,33.0
-0.202,-0.098,0.104,45.0,0.0,2.0,33.0
-0.192,-0.099,0.093,45.0,0.0,2.0,33.0
-0.176,-0.118,0.058,45.0,0.0,2.0,33.0
-0.233,-0.076,0.157,45.0,0.0,2.0,33.0
-0.202,-0.098,0.104,45.0,0.0,2.0,33.0
-0.192,-0.099,0.093,45.0,0.0,2.0,33.0
-0.176,-0.118,0.058,45.0,0.0,2.0,33.0
-0.233,-0.076,0.157,45.0,0.0,2.0,33.0
-0.202,-0.098,0.104,45.0,0.0,2.0,33.0
-0.192,-0.099,0.093,45.0,0.0,2.0,33.0
-0.176,-0.118,0.058,45.0,0.0,2.0,33.0
-0.233,-0.076,0.157,45.0,0.0,2.0,33.0
-0.202,-0.098,0.104,45.0,0.0,2.0,33.0
-0.192,-0.098,0.094,45.0,0.0,2.0,33.0
-0.176,-0.118,0.058,45.0,0.0,2.0,33.0
-0.233,-0.076,0.157,45.0,0.0,2.0,33.0
-0.202,-0.098,0.104,45.0,0.0,2.0,33.0
-0.192,-0.099,0.093,45.0,0.0,2.0,33.0
-0.176,-0.118,0.058,45.0,0.0,2.0,33.0
-0.233,-0.076,0.157,45.0,0.0,2.0,33.0
-0.202,-0.098,0.104,45.0,0.0,2.0,33.0
-0.192,-0.099,0.093,45.0,0.0,2.0,33.0
-0.176,-0.118,0.058,45.0,0.0,2.0,33.0
-0.233,-0.076,0.157,45.0,0.0,2.0,33.0
-0.201,-0.098,0.103,45.0,0.0,2.0,33.0
-0.192,-0.099,0.093,45.0,0.0,2.0,33.0
-0.176,-0.118,0.058,45.0,0.0,2.0,33.0
-0.233,-0.076,0.157,45.0,0.0,2.0,33.0
-0.202,-0.098,0.104,45.0,0.0,2.0,33.0
-0.194,-0.103,0.091,27.0,0.0,0.0,36.0
-0.177,-0.126,0.051,27.0,0.0,0.0,36.0
-0.235,-0.077,0.158,27.0,0.0,0.0,36.0
-0.203,-0.102,0.101,27.0,0.0,0.0,36.0
-0.193,-0.104,0.089,27.0,0.0,0.0,36.0
-0.177,-0.126,0.051,27.0,0.0,0.0,36.0
-0.235,-0.078,0.157,27.0,0.0,0.0,36.0
-0.203,-0.102,0.101,27.0,0.0,0.0,36.0
-0.193,-0.104,0.089,27.0,0.0,0.0,36.0
-0.177,-0.127,0.05,27.0,0.0,0.0,36.0
-0.235,-0.078,0.157,27.0,0.0,0.0,36.0
-0.203,-0.102,0.101,27.0,0.0,0.0,36.0
-0.194,-0.104,0.09,27.0,0.0,0.0,36.0
-0.177,-0.126,0.051,27.0,0.0,0.0,36.0
-0.235,-0.078,0.157,27.0,0.0,0.0,36.0
-0.203,-0.102,0.101,27.0,0.0,0.0,36.0
-0.194,-0.104,0.09,27.0,0.0,0.0,36.0
-0.178,-0.127,0.051,27.0,0.0,0.0,36.0
-0.235,-0.078,0.157,27.0,0.0,0.0,36.0
-0.203,-0.103,0.1,27.0,0.0,0.0,36.0
-0.193,-0.104,0.089,27.0,0.0,0.0,36.0
-0.177,-0.126,0.051,27.0,0.0,0.0,36.0
-0.234,-0.078,0.156,27.0,0.0,0.0,36.0
-0.202,-0.102,0.1,27.0,0.0,0.0,36.0
-0.194,-0.104,0.09,27.0,0.0,0.0,36.0
-0.178,-0.127,0.051,27.0,0.0,0.0,36.0
-0.236,-0.078,0.158,27.0,0.0,0.0,36.0
-0.204,-0.103,0.101,27.0,0.0,0.0,36.0
-0.193,-0.104,0.089,27.0,0.0,0.0,36.0
-0.177,-0.126,0.051,27.0,0.0,0.0,36.0
-0.235,-0.077,0.158,27.0,0.0,0.0,36.0
-0.203,-0.102,0.101,27.0,0.0,0.0,36.0
-0.193,-0.103,0.09,27.0,0.0,0.0,36.0
-0.177,-0.126,0.051,27.0,0.0,0.0,36.0
-0.235,-0.077,0.158,27.0,0.0,0.0,36.0
-0.203,-0.102,0.101,27.0,0.0,0.0,36.0
-0.194,-0.103,0.091,27.0,0.0,0.0,36.0
-0.177,-0.126,0.051,27.0,0.0,0.0,36.0
-0.235,-0.077,0.158,27.0,0.0,0.0,36.0
-0.203,-0.102,0.101,27.0,0.0,0.0,36.0
-0.193,-0.104,0.089,27.0,0.0,0.0,36.0
-0.177,-0.126,0.051,27.0,0.0,0.0,36.0
-0.235,-0.077,0.158,27.0,0.0,0.0,36.0
-0.203,-0.102,0.101,27.0,0.0,0.0,36.0
-0.193,-0.103,0.09,27.0,0.0,0.0,36.0
-0.177,-0.126,0.051,27.0,0.0,0.0,36.0
-0.235,-0.077,0.158,27.0,0.0,0.0,36.0
-0.203,-0.102,0.101,27.0,0.0,0.0,36.0
-0.193,-0.104,0.089,27.0,0.0,0.0,36.0
-0.177,-0.127,0.05,27.0,0.0,0.0,36.0
-0.235,-0.078,0.157,27.0,0.0,0.0,36.0
-0.203,-0.102,0.101,27.0,0.0,0.0,36.0
-0.193,-0.104,0.089,27.0,0.0,0.0,36.0
-0.177,-0.127,0.05,27.0,0.0,0.0,36.0
-0.235,-0.078,0.157,27.0,0.0,0.0,36.0
-0.203,-0.102,0.101,27.0,0.0,0.0,36.0
-0.194,-0.104,0.09,27.0,0.0,0.0,36.0
-0.177,-0.126,0.051,27.0,0.0,0.0,36.0
-0.235,-0.078,0.157,27.0,0.0,0.0,36.0
-0.203,-0.102,0.101,27.0,0.0,0.0,36.0
-0.186,-0.117,0.069,58.0,2.0,0.0,46.0
-0.171,-0.14,0.031,58.0,2.0,0.0,46.0
-0.226,-0.091,0.135,58.0,2.0,0.0,46.0
-0.195,-0.116,0.079,58.0,2.0,0.0,46.0
-0.186,-0.115,0.071,58.0,2.0,0.0,46.0
-0.17,-0.137,0.033,58.0,2.0,0.0,46.0
-0.227,-0.088,0.139,58.0,2.0,0.0,46.0
-0.195,-0.113,0.082,58.0,2.0,0.0,46.0
-0.186,-0.117,0.069,58.0,2.0,0.0,46.0
-0.171,-0.14,0.031,58.0,2.0,0.0,46.0
-0.226,-0.091,0.135,58.0,2.0,0.0,46.0
-0.195,-0.116,0.079,58.0,2.0,0.0,46.0
-0.185,-0.115,0.07,58.0,2.0,0.0,46.0
-0.17,-0.137,0.033,58.0,2.0,0.0,46.0
-0.226,-0.088,0.138,58.0,2.0,0.0,46.0
-0.194,-0.113,0.081,58.0,2.0,0.0,46.0
-0.185,-0.115,0.07,58.0,2.0,0.0,46.0
-0.17,-0.137,0.033,58.0,2.0,0.0,46.0
-0.225,-0.089,0.136,58.0,2.0,0.0,46.0
-0.194,-0.113,0.081,58.0,2.0,0.0,46.0
-0.185,-0.115,0.07,58.0,2.0,0.0,46.0
-0.169,-0.137,0.032,58.0,2.0,0.0,46.0
-0.225,-0.089,0.136,58.0,2.0,0.0,46.0
-0.193,-0.113,0.08,58.0,2.0,0.0,46.0
-0.185,-0.115,0.07,58.0,2.0,0.0,46.0
-0.169,-0.137,0.032,58.0,2.0,0.0,46.0
-0.225,-0.089,0.136,58.0,2.0,0.0,46.0
-0.193,-0.113,0.08,58.0,2.0,0.0,46.0
-0.186,-0.117,0.069,58.0,2.0,0.0,46.0
-0.171,-0.14,0.031,58.0,2.0,0.0,46.0
-0.226,-0.091,0.135,58.0,2.0,0.0,46.0
-0.195,-0.116,0.079,58.0,2.0,0.0,46.0
-0.186,-0.117,0.069,58.0,2.0,0.0,46.0
-0.171,-0.14,0.031,58.0,2.0,0.0,46.0
-0.227,-0.091,0.136,58.0,2.0,0.0,46.0
-0.195,-0.116,0.079,58.0,2.0,0.0,46.0
-0.186,-0.117,0.069,58.0,2.0,0.0,46.0
-0.171,-0.14,0.031,58.0,2.0,0.0,46.0
-0.226,-0.091,0.135,58.0,2.0,0.0,46.0
-0.195,-0.116,0.079,58.0,2.0,0.0,46.0
-0.185,-0.115,0.07,58.0,2.0,0.0,46.0
-0.17,-0.137,0.033,58.0,2.0,0.0,46.0
-0.226,-0.088,0.138,58.0,2.0,0.0,46.0
-0.194,-0.113,0.081,58.0,2.0,0.0,46.0
-0.185,-0.115,0.07,58.0,2.0,0.0,46.0
-0.17,-0.137,0.033,58.0,2.0,0.0,46.0
-0.225,-0.089,0.136,58.0,2.0,0.0,46.0
-0.194,-0.113,0.081,58.0,2.0,0.0,46.0
-0.183,-0.116,0.067,58.0,2.0,0.0,46.0
-0.168,-0.138,0.03,58.0,2.0,0.0,46.0
-0.223,-0.09,0.133,58.0,2.0,0.0,46.0
-0.192,-0.114,0.078,58.0,2.0,0.0,46.0
-0.185,-0.115,0.07,58.0,2.0,0.0,46.0
-0.17,-0.137,0.033,58.0,2.0,0.0,46.0
-0.226,-0.088,0.138,58.0,2.0,0.0,46.0
-0.194,-0.113,0.081,58.0,2.0,0.0,46.0
-0.185,-0.115,0.07,58.0,2.0,0.0,46.0
-0.169,-0.137,0.032,58.0,2.0,0.0,46.0
-0.225,-0.089,0.136,58.0,2.0,0.0,46.0
-0.194,-0.114,0.08,58.0,2.0,0.0,46.0
-0.186,-0.117,0.069,58.0,2.0,0.0,46.0
-0.171,-0.14,0.031,58.0,2.0,0.0,46.0
-0.226,-0.091,0.135,58.0,2.0,0.0,46.0
-0.195,-0.116,0.079,58.0,2.0,0.0,46.0
-0.193,-0.111,0.082,63.0,11.0,2.0,37.0
-0.179,-0.131,0.048,63.0,11.0,2.0,37.0
-0.23,-0.088,0.142,63.0,11.0,2.0,37.0
-0.201,-0.111,0.09,63.0,11.0,2.0,37.0
-0.192,-0.111,0.081,63.0,11.0,2.0,37.0
-0.178,-0.13,0.048,63.0,11.0,2.0,37.0
-0.23,-0.088,0.142,63.0,11.0,2.0,37.0
-0.201,-0.11,0.091,63.0,11.0,2.0,37.0
-0.195,-0.112,0.083,63.0,11.0,2.0,37.0
-0.181,-0.132,0.049,63.0,11.0,2.0,37.0
-0.233,-0.089,0.144,63.0,11.0,2.0,37.0
-0.204,-0.112,0.092,63.0,11.0,2.0,37.0
-0.192,-0.111,0.081,63.0,11.0,2.0,37.0
-0.178,-0.13,0.048,63.0,11.0,2.0,37.0
-0.23,-0.087,0.143,63.0,11.0,2.0,37.0
-0.201,-0.11,0.091,63.0,11.0,2.0,37.0
-0.192,-0.111,0.081,63.0,11.0,2.0,37.0
-0.178,-0.13,0.048,63.0,11.0,2.0,37.0
-0.23,-0.088,0.142,63.0,11.0,2.0,37.0
-0.201,-0.111,0.09,63.0,11.0,2.0,37.0
-0.195,-0.113,0.082,63.0,11.0,2.0,37.0
-0.181,-0.132,0.049,63.0,11.0,2.0,37.0
-0.233,-0.09,0.143,63.0,11.0,2.0,37.0
-0.204,-0.112,0.092,63.0,11.0,2.0,37.0
-0.193,-0.112,0.081,63.0,11.0,2.0,37.0
-0.179,-0.131,0.048,63.0,11.0,2.0,37.0
-0.231,-0.089,0.142,63.0,11.0,2.0,37.0
-0.202,-0.111,0.091,63.0,11.0,2.0,37.0
-0.194,-0.112,0.082,63.0,11.0,2.0,37.0
-0.179,-0.131,0.048,63.0,11.0,2.0,37.0
-0.232,-0.088,0.144,63.0,11.0,2.0,37.0
-0.202,-0.111,0.091,63.0,11.0,2.0,37.0
-0.193,-0.112,0.081,63.0,11.0,2.0,37.0
-0.179,-0.131,0.048,63.0,11.0,2.0,37.0
-0.231,-0.088,0.143,63.0,11.0,2.0,37.0
-0.202,-0.111,0.091,63.0,11.0,2.0,37.0
-0.192,-0.111,0.081,63.0,11.0,2.0,37.0
-0.178,-0.13,0.048,63.0,11.0,2.0,37.0
-0.23,-0.088,0.142,63.0,11.0,2.0,37.0
-0.201,-0.11,0.091,63.0,11.0,2.0,37.0
-0.194,-0.113,0.081,63.0,11.0,2.0,37.0
-0.18,-0.132,0.048,63.0,11.0,2.0,37.0
-0.232,-0.09,0.142,63.0,11.0,2.0,37.0
-0.203,-0.112,0.091,63.0,11.0,2.0,37.0
-0.193,-0.112,0.081,63.0,11.0,2.0,37.0
-0.179,-0.132,0.047,63.0,11.0,2.0,37.0
-0.231,-0.089,0.142,63.0,11.0,2.0,37.0
-0.202,-0.112,0.09,63.0,11.0,2.0,37.0
-0.192,-0.11,0.082,63.0,11.0,2.0,37.0
-0.178,-0.129,0.049,63.0,11.0,2.0,37.0
-0.23,-0.087,0.143,63.0,11.0,2.0,37.0
-0.2,-0.109,0.091,63.0,11.0,2.0,37.0
-0.193,-0.111,0.082,63.0,11.0,2.0,37.0
-0.179,-0.13,0.049,63.0,11.0,2.0,37.0
-0.231,-0.087,0.144,63.0,11.0,2.0,37.0
-0.202,-0.11,0.092,63.0,11.0,2.0,37.0
-0.193,-0.112,0.081,63.0,11.0,2.0,37.0
-0.179,-0.131,0.048,63.0,11.0,2.0,37.0
-0.231,-0.089,0.142,63.0,11.0,2.0,37.0
-0.202,-0.111,0.091,63.0,11.0,2.0,37.0
-0.194,-0.112,0.082,63.0,11.0,2.0,37.0
-0.18,-0.131,0.049,63.0,11.0,2.0,37.0
-0.231,-0.089,0.142,63.0,11.0,2.0,37.0
-0.202,-0.112,0.09,63.0,11.0,2.0,37.0
-0.194,-0.113,0.081,63.0,11.0,2.0,37.0
-0.18,-0.132,0.048,63.0,11.0,2.0,37.0
-0.232,-0.09,0.142,63.0,11.0,2.0,37.0
-0.203,-0.113,0.09,63.0,11.0,2.0,37.0
-0.194,-0.112,0.082,63.0,11.0,2.0,37.0
-0.18,-0.131,0.049,63.0,11.0,2.0,37.0
-0.232,-0.089,0.143,63.0,11.0,2.0,37.0
-0.203,-0.112,0.091,63.0,11.0,2.0,37.0
-0.194,-0.112,0.082,63.0,11.0,2.0,37.0
-0.18,-0.131,0.049,63.0,11.0,2.0,37.0
-0.232,-0.089,0.143,63.0,11.0,2.0,37.0
-0.203,-0.111,0.092,63.0,11.0,2.0,37.0
-0.194,-0.113,0.081,63.0,11.0,2.0,37.0
-0.179,-0.132,0.047,63.0,11.0,2.0,37.0
-0.231,-0.089,0.142,63.0,11.0,2.0,37.0
-0.202,-0.112,0.09,63.0,11.0,2.0,37.0
-0.19,-0.087,0.103,25.0,0.0,0.0,34.0
-0.174,-0.108,0.066,25.0,0.0,0.0,34.0
-0.232,-0.063,0.169,25.0,0.0,0.0,34.0
-0.2,-0.086,0.114,25.0,0.0,0.0,34.0
-0.19,-0.088,0.102,25.0,0.0,0.0,34.0
-0.174,-0.109,0.065,25.0,0.0,0.0,34.0
-0.232,-0.064,0.168,25.0,0.0,0.0,34.0
-0.2,-0.087,0.113,25.0,0.0,0.0,34.0
-0.19,-0.087,0.103,25.0,0.0,0.0,34.0
-0.174,-0.108,0.066,25.0,0.0,0.0,34.0
-0.232,-0.063,0.169,25.0,0.0,0.0,34.0
-0.199,-0.086,0.113,25.0,0.0,0.0,34.0
-0.19,-0.088,0.102,25.0,0.0,0.0,34.0
-0.174,-0.109,0.065,25.0,0.0,0.0,34.0
-0.232,-0.064,0.168,25.0,0.0,0.0,34.0
-0.2,-0.087,0.113,25.0,0.0,0.0,34.0
-0.19,-0.087,0.103,25.0,0.0,0.0,34.0
-0.174,-0.108,0.066,25.0,0.0,0.0,34.0
-0.232,-0.063,0.169,25.0,0.0,0.0,34.0
-0.2,-0.086,0.114,25.0,0.0,0.0,34.0
-0.19,-0.088,0.102,25.0,0.0,0.0,34.0
-0.174,-0.109,0.065,25.0,0.0,0.0,34.0
-0.232,-0.064,0.168,25.0,0.0,0.0,34.0
-0.2,-0.087,0.113,25.0,0.0,0.0,34.0
-0.19,-0.087,0.103,25.0,0.0,0.0,34.0
-0.174,-0.108,0.066,25.0,0.0,0.0,34.0
-0.232,-0.063,0.169,25.0,0.0,0.0,34.0
-0.2,-0.086,0.114,25.0,0.0,0.0,34.0
-0.19,-0.087,0.103,25.0,0.0,0.0,34.0
-0.174,-0.108,0.066,25.0,0.0,0.0,34.0
-0.232,-0.063,0.169,25.0,0.0,0.0,34.0
-0.2,-0.086,0.114,25.0,0.0,0.0,34.0
-0.19,-0.088,0.102,25.0,0.0,0.0,34.0
-0.174,-0.109,0.065,25.0,0.0,0.0,34.0
-0.232,-0.064,0.168,25.0,0.0,0.0,34.0
-0.2,-0.087,0.113,25.0,0.0,0.0,34.0
-0.19,-0.088,0.102,25.0,0.0,0.0,34.0
-0.174,-0.109,0.065,25.0,0.0,0.0,34.0
-0.232,-0.064,0.168,25.0,0.0,0.0,34.0
-0.2,-0.087,0.113,25.0,0.0,0.0,34.0
-0.19,-0.087,0.103,25.0,0.0,0.0,34.0
-0.174,-0.108,0.066,25.0,0.0,0.0,34.0
-0.232,-0.063,0.169,25.0,0.0,0.0,34.0
-0.2,-0.086,0.114,25.0,0.0,0.0,34.0
-0.19,-0.087,0.103,25.0,0.0,0.0,34.0
-0.174,-0.108,0.066,25.0,0.0,0.0,34.0
-0.232,-0.063,0.169,25.0,0.0,0.0,34.0
-0.199,-0.086,0.113,25.0,0.0,0.0,34.0
-0.19,-0.087,0.103,25.0,0.0,0.0,34.0
-0.174,-0.108,0.066,25.0,0.0,0.0,34.0
-0.232,-0.063,0.169,25.0,0.0,0.0,34.0
-0.2,-0.086,0.114,25.0,0.0,0.0,34.0
-0.19,-0.087,0.103,25.0,0.0,0.0,34.0
-0.174,-0.108,0.066,25.0,0.0,0.0,34.0
-0.232,-0.063,0.169,25.0,0.0,0.0,34.0
-0.2,-0.086,0.114,25.0,0.0,0.0,34.0
-0.19,-0.088,0.102,25.0,0.0,0.0,34.0
-0.174,-0.109,0.065,25.0,0.0,0.0,34.0
-0.232,-0.064,0.168,25.0,0.0,0.0,34.0
-0.2,-0.087,0.113,25.0,0.0,0.0,34.0
-0.19,-0.087,0.103,25.0,0.0,0.0,34.0
-0.174,-0.108,0.066,25.0,0.0,0.0,34.0
-0.231,-0.063,0.168,25.0,0.0,0.0,34.0
-0.199,-0.086,0.113,25.0,0.0,0.0,34.0
-0.19,-0.088,0.102,25.0,0.0,0.0,34.0
-0.174,-0.109,0.065,25.0,0.0,0.0,34.0
-0.232,-0.064,0.168,25.0,0.0,0.0,34.0
-0.2,-0.087,0.113,25.0,0.0,0.0,34.0
-0.19,-0.087,0.103,25.0,0.0,0.0,34.0
-0.174,-0.108,0.066,25.0,0.0,0.0,34.0
-0.232,-0.063,0.169,25.0,0.0,0.0,34.0
-0.199,-0.086,0.113,25.0,0.0,0.0,34.0
-0.185,-0.089,0.096,25.0,0.0,0.0,34.0
-0.169,-0.11,0.059,25.0,0.0,0.0,34.0
-0.225,-0.066,0.159,25.0,0.0,0.0,34.0
-0.194,-0.089,0.105,25.0,0.0,0.0,34.0
-0.185,-0.089,0.096,25.0,0.0,0.0,34.0
-0.169,-0.109,0.06,25.0,0.0,0.0,34.0
-0.225,-0.065,0.16,25.0,0.0,0.0,34.0
-0.194,-0.088,0.106,25.0,0.0,0.0,34.0
-0.186,-0.089,0.097,25.0,0.0,0.0,34.0
-0.17,-0.11,0.06,25.0,0.0,0.0,34.0
-0.226,-0.066,0.16,25.0,0.0,0.0,34.0
-0.195,-0.089,0.106,25.0,0.0,0.0,34.0
-0.185,-0.09,0.095,25.0,0.0,0.0,34.0
-0.169,-0.11,0.059,25.0,0.0,0.0,34.0
-0.226,-0.066,0.16,25.0,0.0,0.0,34.0
-0.195,-0.089,0.106,25.0,0.0,0.0,34.0
-0.186,-0.089,0.097,25.0,0.0,0.0,34.0
-0.17,-0.11,0.06,25.0,0.0,0.0,34.0
-0.226,-0.066,0.16,25.0,0.0,0.0,34.0
-0.195,-0.089,0.106,25.0,0.0,0.0,34.0
-0.185,-0.089,0.096,25.0,0.0,0.0,34.0
-0.169,-0.11,0.059,25.0,0.0,0.0,34.0
-0.225,-0.066,0.159,25.0,0.0,0.0,34.0
-0.194,-0.089,0.105,25.0,0.0,0.0,34.0
-0.185,-0.09,0.095,25.0,0.0,0.0,34.0
-0.169,-0.11,0.059,25.0,0.0,0.0,34.0
-0.225,-0.066,0.159,25.0,0.0,0.0,34.0
-0.194,-0.089,0.105,25.0,0.0,0.0,34.0
-0.185,-0.09,0.095,25.0,0.0,0.0,34.0
-0.169,-0.11,0.059,25.0,0.0,0.0,34.0
-0.225,-0.066,0.159,25.0,0.0,0.0,34.0
-0.194,-0.089,0.105,25.0,0.0,0.0,34.0
-0.186,-0.089,0.097,25.0,0.0,0.0,34.0
-0.17,-0.11,0.06,25.0,0.0,0.0,34.0
-0.226,-0.066,0.16,25.0,0.0,0.0,34.0
-0.195,-0.089,0.106,25.0,0.0,0.0,34.0
-0.185,-0.09,0.095,25.0,0.0,0.0,34.0
-0.169,-0.11,0.059,25.0,0.0,0.0,34.0
-0.225,-0.066,0.159,25.0,0.0,0.0,34.0
-0.194,-0.089,0.105,25.0,0.0,0.0,34.0
-0.185,-0.089,0.096,25.0,0.0,0.0,34.0
-0.169,-0.109,0.06,25.0,0.0,0.0,34.0
-0.225,-0.065,0.16,25.0,0.0,0.0,34.0
-0.194,-0.088,0.106,25.0,0.0,0.0,34.0
-0.185,-0.09,0.095,25.0,0.0,0.0,34.0
-0.169,-0.11,0.059,25.0,0.0,0.0,34.0
-0.225,-0.066,0.159,25.0,0.0,0.0,34.0
-0.194,-0.089,0.105,25.0,0.0,0.0,34.0
-0.186,-0.089,0.097,25.0,0.0,0.0,34.0
-0.17,-0.11,0.06,25.0,0.0,0.0,34.0
-0.226,-0.066,0.16,25.0,0.0,0.0,34.0
-0.195,-0.088,0.107,25.0,0.0,0.0,34.0
-0.186,-0.089,0.097,25.0,0.0,0.0,34.0
-0.17,-0.11,0.06,25.0,0.0,0.0,34.0
-0.226,-0.066,0.16,25.0,0.0,0.0,34.0
-0.195,-0.088,0.107,25.0,0.0,0.0,34.0
-0.184,-0.089,0.095,25.0,0.0,0.0,34.0
-0.168,-0.109,0.059,25.0,0.0,0.0,34.0
-0.225,-0.065,0.16,25.0,0.0,0.0,34.0
-0.193,-0.088,0.105,25.0,0.0,0.0,34.0
-0.185,-0.09,0.095,25.0,0.0,0.0,34.0
-0.169,-0.11,0.059,25.0,0.0,0.0,34.0
-0.225,-0.066,0.159,25.0,0.0,0.0,34.0
-0.194,-0.089,0.105,25.0,0.0,0.0,34.0
-0.185,-0.09,0.095,25.0,0.0,0.0,34.0
-0.169,-0.11,0.059,25.0,0.0,0.0,34.0
-0.225,-0.066,0.159,25.0,0.0,0.0,34.0
-0.194,-0.089,0.105,25.0,0.0,0.0,34.0
-0.185,-0.09,0.095,25.0,0.0,0.0,34.0
-0.169,-0.11,0.059,25.0,0.0,0.0,34.0
-0.225,-0.066,0.159,25.0,0.0,0.0,34.0
-0.194,-0.089,0.105,25.0,0.0,0.0,34.0
-0.188,-0.107,0.081,54.0,0.0,0.0,64.0
-0.173,-0.127,0.046,54.0,0.0,0.0,64.0
-0.23,-0.082,0.148,54.0,0.0,0.0,64.0
-0.198,-0.106,0.092,54.0,0.0,0.0,64.0
-0.189,-0.106,0.083,54.0,0.0,0.0,64.0
-0.173,-0.127,0.046,54.0,0.0,0.0,64.0
-0.23,-0.082,0.148,54.0,0.0,0.0,64.0
-0.198,-0.106,0.092,54.0,0.0,0.0,64.0
-0.189,-0.106,0.083,54.0,0.0,0.0,64.0
-0.173,-0.128,0.045,54.0,0.0,0.0,64.0
-0.23,-0.082,0.148,54.0,0.0,0.0,64.0
-0.198,-0.106,0.092,54.0,0.0,0.0,64.0
-0.188,-0.106,0.082,54.0,0.0,0.0,64.0
-0.173,-0.128,0.045,54.0,0.0,0.0,64.0
-0.229,-0.082,0.147,54.0,0.0,0.0,64.0
-0.198,-0.106,0.092,54.0,0.0,0.0,64.0
-0.188,-0.106,0.082,54.0,0.0,0.0,64.0
-0.173,-0.128,0.045,54.0,0.0,0.0,64.0
-0.23,-0.082,0.148,54.0,0.0,0.0,64.0
-0.197,-0.106,0.091,54.0,0.0,0.0,64.0
-0.188,-0.107,0.081,54.0,0.0,0.0,64.0
-0.173,-0.128,0.045,54.0,0.0,0.0,64.0
-0.229,-0.082,0.147,54.0,0.0,0.0,64.0
-0.198,-0.106,0.092,54.0,0.0,0.0,64.0
-0.188,-0.106,0.082,54.0,0.0,0.0,64.0
-0.173,-0.127,0.046,54.0,0.0,0.0,64.0
-0.23,-0.081,0.149,54.0,0.0,0.0,64.0
-0.198,-0.106,0.092,54.0,0.0,0.0,64.0
-0.188,-0.106,0.082,54.0,0.0,0.0,64.0
-0.173,-0.128,0.045,54.0,0.0,0.0,64.0
-0.23,-0.082,0.148,54.0,0.0,0.0,64.0
-0.198,-0.106,0.092,54.0,0.0,0.0,64.0
-0.188,-0.106,0.082,54.0,0.0,0.0,64.0
-0.173,-0.128,0.045,54.0,0.0,0.0,64.0
-0.23,-0.082,0.148,54.0,0.0,0.0,64.0
-0.198,-0.106,0.092,54.0,0.0,0.0,64.0
-0.188,-0.106,0.082,54.0,0.0,0.0,64.0
-0.173,-0.128,0.045,54.0,0.0,0.0,64.0
-0.23,-0.082,0.148,54.0,0.0,0.0,64.0
-0.198,-0.106,0.092,54.0,0.0,0.0,64.0
-0.188,-0.106,0.082,54.0,0.0,0.0,64.0
-0.173,-0.127,0.046,54.0,0.0,0.0,64.0
-0.23,-0.082,0.148,54.0,0.0,0.0,64.0
-0.198,-0.106,0.092,54.0,0.0,0.0,64.0
-0.188,-0.106,0.082,54.0,0.0,0.0,64.0
-0.173,-0.128,0.045,54.0,0.0,0.0,64.0
-0.229,-0.082,0.147,54.0,0.0,0.0,64.0
-0.197,-0.106,0.091,54.0,0.0,0.0,64.0
-0.188,-0.107,0.081,54.0,0.0,0.0,64.0
-0.173,-0.128,0.045,54.0,0.0,0.0,64.0
-0.229,-0.082,0.147,54.0,0.0,0.0,64.0
-0.197,-0.106,0.091,54.0,0.0,0.0,64.0
-0.188,-0.106,0.082,54.0,0.0,0.0,64.0
-0.173,-0.128,0.045,54.0,0.0,0.0,64.0
-0.229,-0.082,0.147,54.0,0.0,0.0,64.0
-0.197,-0.106,0.091,54.0,0.0,0.0,64.0
-0.188,-0.093,0.095,25.0,0.0,0.0,34.0
-0.171,-0.112,0.059,25.0,0.0,0.0,34.0
-0.229,-0.071,0.158,25.0,0.0,0.0,34.0
-0.197,-0.093,0.104,25.0,0.0,0.0,34.0
-0.189,-0.094,0.095,25.0,0.0,0.0,34.0
-0.173,-0.113,0.06,25.0,0.0,0.0,34.0
-0.23,-0.071,0.159,25.0,0.0,0.0,34.0
-0.199,-0.093,0.106,25.0,0.0,0.0,34.0
-0.189,-0.094,0.095,25.0,0.0,0.0,34.0
-0.172,-0.113,0.059,25.0,0.0,0.0,34.0
-0.23,-0.071,0.159,25.0,0.0,0.0,34.0
-0.199,-0.093,0.106,25.0,0.0,0.0,34.0
-0.188,-0.093,0.095,25.0,0.0,0.0,34.0
-0.171,-0.112,0.059,25.0,0.0,0.0,34.0
-0.229,-0.071,0.158,25.0,0.0,0.0,34.0
-0.197,-0.093,0.104,25.0,0.0,0.0,34.0
-0.189,-0.094,0.095,25.0,0.0,0.0,34.0
-0.173,-0.113,0.06,25.0,0.0,0.0,34.0
-0.23,-0.071,0.159,25.0,0.0,0.0,34.0
-0.199,-0.093,0.106,25.0,0.0,0.0,34.0
-0.188,-0.093,0.095,25.0,0.0,0.0,34.0
-0.171,-0.112,0.059,25.0,0.0,0.0,34.0
-0.229,-0.071,0.158,25.0,0.0,0.0,34.0
-0.198,-0.093,0.105,25.0,0.0,0.0,34.0
-0.188,-0.093,0.095,25.0,0.0,0.0,34.0
-0.171,-0.113,0.058,25.0,0.0,0.0,34.0
-0.229,-0.071,0.158,25.0,0.0,0.0,34.0
-0.198,-0.093,0.105,25.0,0.0,0.0,34.0
-0.188,-0.093,0.095,25.0,0.0,0.0,34.0
-0.171,-0.113,0.058,25.0,0.0,0.0,34.0
-0.229,-0.071,0.158,25.0,0.0,0.0,34.0
-0.198,-0.093,0.105,25.0,0.0,0.0,34.0
-0.188,-0.093,0.095,25.0,0.0,0.0,34.0
-0.171,-0.113,0.058,25.0,0.0,0.0,34.0
-0.229,-0.071,0.158,25.0,0.0,0.0,34.0
-0.197,-0.093,0.104,25.0,0.0,0.0,34.0
-0.188,-0.093,0.095,25.0,0.0,0.0,34.0
-0.171,-0.113,0.058,25.0,0.0,0.0,34.0
-0.229,-0.071,0.158,25.0,0.0,0.0,34.0
-0.198,-0.093,0.105,25.0,0.0,0.0,34.0
-0.188,-0.093,0.095,25.0,0.0,0.0,34.0
-0.171,-0.113,0.058,25.0,0.0,0.0,34.0
-0.229,-0.07,0.159,25.0,0.0,0.0,34.0
-0.198,-0.093,0.105,25.0,0.0,0.0,34.0
-0.188,-0.093,0.095,25.0,0.0,0.0,34.0
-0.171,-0.113,0.058,25.0,0.0,0.0,34.0
-0.229,-0.071,0.158,25.0,0.0,0.0,34.0
-0.197,-0.093,0.104,25.0,0.0,0.0,34.0
-0.188,-0.093,0.095,25.0,0.0,0.0,34.0
-0.171,-0.113,0.058,25.0,0.0,0.0,34.0
-0.229,-0.071,0.158,25.0,0.0,0.0,34.0
-0.198,-0.093,0.105,25.0,0.0,0.0,34.0
-0.189,-0.093,0.096,25.0,0.0,0.0,34.0
-0.172,-0.112,0.06,25.0,0.0,0.0,34.0
-0.23,-0.07,0.16,25.0,0.0,0.0,34.0
-0.199,-0.092,0.107,25.0,0.0,0.0,34.0
-0.189,-0.094,0.095,25.0,0.0,0.0,34.0
-0.172,-0.113,0.059,25.0,0.0,0.0,34.0
-0.229,-0.072,0.157,25.0,0.0,0.0,34.0
-0.198,-0.093,0.105,25.0,0.0,0.0,34.0
-0.189,-0.093,0.096,25.0,0.0,0.0,34.0
-0.172,-0.113,0.059,25.0,0.0,0.0,34.0
-0.23,-0.071,0.159,25.0,0.0,0.0,34.0
-0.198,-0.093,0.105,25.0,0.0,0.0,34.0
-0.189,-0.093,0.096,25.0,0.0,0.0,34.0
-0.172,-0.113,0.059,25.0,0.0,0.0,34.0
-0.229,-0.071,0.158,25.0,0.0,0.0,34.0
-0.198,-0.093,0.105,25.0,0.0,0.0,34.0
-0.19,-0.071,0.119,27.0,2.0,0.0,26.0
-0.173,-0.094,0.079,27.0,2.0,0.0,26.0
-0.233,-0.044,0.189,27.0,2.0,0.0,26.0
-0.199,-0.069,0.13,27.0,2.0,0.0,26.0
-0.19,-0.069,0.121,27.0,2.0,0.0,26.0
-0.173,-0.092,0.081,27.0,2.0,0.0,26.0
-0.232,-0.042,0.19,27.0,2.0,0.0,26.0
-0.199,-0.067,0.132,27.0,2.0,0.0,26.0
-0.19,-0.07,0.12,27.0,2.0,0.0,26.0
-0.172,-0.094,0.078,27.0,2.0,0.0,26.0
-0.232,-0.044,0.188,27.0,2.0,0.0,26.0
-0.199,-0.068,0.131,27.0,2.0,0.0,26.0
-0.191,-0.072,0.119,27.0,2.0,0.0,26.0
-0.173,-0.095,0.078,27.0,2.0,0.0,26.0
-0.233,-0.045,0.188,27.0,2.0,0.0,26.0
-0.2,-0.07,0.13,27.0,2.0,0.0,26.0
-0.19,-0.069,0.121,27.0,2.0,0.0,26.0
-0.173,-0.092,0.081,27.0,2.0,0.0,26.0
-0.233,-0.043,0.19,27.0,2.0,0.0,26.0
-0.199,-0.067,0.132,27.0,2.0,0.0,26.0
-0.191,-0.07,0.121,27.0,2.0,0.0,26.0
-0.173,-0.093,0.08,27.0,2.0,0.0,26.0
-0.233,-0.044,0.189,27.0,2.0,0.0,26.0
-0.2,-0.068,0.132,27.0,2.0,0.0,26.0
-0.19,-0.07,0.12,27.0,2.0,0.0,26.0
-0.173,-0.093,0.08,27.0,2.0,0.0,26.0
-0.233,-0.044,0.189,27.0,2.0,0.0,26.0
-0.199,-0.068,0.131,27.0,2.0,0.0,26.0
-0.19,-0.071,0.119,27.0,2.0,0.0,26.0
-0.173,-0.095,0.078,27.0,2.0,0.0,26.0
-0.233,-0.045,0.188,27.0,2.0,0.0,26.0
-0.2,-0.069,0.131,27.0,2.0,0.0,26.0
-0.179,-0.092,0.087,57.0,0.0,0.0,66.0
-0.163,-0.111,0.052,57.0,0.0,0.0,66.0
-0.221,-0.069,0.152,57.0,0.0,0.0,66.0
-0.189,-0.092,0.097,57.0,0.0,0.0,66.0
-0.177,-0.094,0.083,57.0,0.0,0.0,66.0
-0.162,-0.113,0.049,57.0,0.0,0.0,66.0
-0.218,-0.071,0.147,57.0,0.0,0.0,66.0
-0.186,-0.093,0.093,57.0,0.0,0.0,66.0
-0.178,-0.093,0.085,57.0,0.0,0.0,66.0
-0.162,-0.112,0.05,57.0,0.0,0.0,66.0
-0.218,-0.07,0.148,57.0,0.0,0.0,66.0
-0.187,-0.093,0.094,57.0,0.0,0.0,66.0
-0.177,-0.094,0.083,57.0,0.0,0.0,66.0
-0.162,-0.113,0.049,57.0,0.0,0.0,66.0
-0.218,-0.071,0.147,57.0,0.0,0.0,66.0
-0.186,-0.093,0.093,57.0,0.0,0.0,66.0
-0.178,-0.095,0.083,57.0,0.0,0.0,66.0
-0.162,-0.114,0.048,57.0,0.0,0.0,66.0
-0.218,-0.073,0.145,57.0,0.0,0.0,66.0
-0.186,-0.094,0.092,57.0,0.0,0.0,66.0
-0.178,-0.094,0.084,57.0,0.0,0.0,66.0
-0.162,-0.114,0.048,57.0,0.0,0.0,66.0
-0.218,-0.071,0.147,57.0,0.0,0.0,66.0
-0.187,-0.094,0.093,57.0,0.0,0.0,66.0
-0.179,-0.093,0.086,57.0,0.0,0.0,66.0
-0.163,-0.113,0.05,57.0,0.0,0.0,66.0
-0.22,-0.07,0.15,57.0,0.0,0.0,66.0
-0.188,-0.093,0.095,57.0,0.0,0.0,66.0
-0.177,-0.094,0.083,57.0,0.0,0.0,66.0
-0.161,-0.113,0.048,57.0,0.0,0.0,66.0
-0.218,-0.071,0.147,57.0,0.0,0.0,66.0
-0.186,-0.093,0.093,57.0,0.0,0.0,66.0
-0.179,-0.094,0.085,57.0,0.0,0.0,66.0
-0.163,-0.113,0.05,57.0,0.0,0.0,66.0
-0.219,-0.07,0.149,57.0,0.0,0.0,66.0
-0.187,-0.093,0.094,57.0,0.0,0.0,66.0
-0.178,-0.093,0.085,57.0,0.0,0.0,66.0
-0.162,-0.112,0.05,57.0,0.0,0.0,66.0
-0.219,-0.07,0.149,57.0,0.0,0.0,66.0
-0.187,-0.093,0.094,57.0,0.0,0.0,66.0
-0.179,-0.094,0.085,57.0,0.0,0.0,66.0
-0.163,-0.113,0.05,57.0,0.0,0.0,66.0
-0.219,-0.071,0.148,57.0,0.0,0.0,66.0
-0.188,-0.094,0.094,57.0,0.0,0.0,66.0
-0.179,-0.093,0.086,57.0,0.0,0.0,66.0
-0.162,-0.112,0.05,57.0,0.0,0.0,66.0
-0.219,-0.07,0.149,57.0,0.0,0.0,66.0
-0.188,-0.092,0.096,57.0,0.0,0.0,66.0
-0.178,-0.093,0.085,57.0,0.0,0.0,66.0
-0.162,-0.112,0.05,57.0,0.0,0.0,66.0
-0.219,-0.07,0.149,57.0,0.0,0.0,66.0
-0.188,-0.093,0.095,57.0,0.0,0.0,66.0
-0.177,-0.094,0.083,57.0,0.0,0.0,66.0
-0.161,-0.113,0.048,57.0,0.0,0.0,66.0
-0.218,-0.072,0.146,57.0,0.0,0.0,66.0
-0.186,-0.094,0.092,57.0,0.0,0.0,66.0
-0.178,-0.095,0.083,57.0,0.0,0.0,66.0
-0.162,-0.114,0.048,57.0,0.0,0.0,66.0
-0.219,-0.072,0.147,57.0,0.0,0.0,66.0
-0.187,-0.094,0.093,57.0,0.0,0.0,66.0
-0.178,-0.093,0.085,57.0,0.0,0.0,66.0
-0.162,-0.112,0.05,57.0,0.0,0.0,66.0
-0.219,-0.07,0.149,57.0,0.0,0.0,66.0
-0.187,-0.092,0.095,57.0,0.0,0.0,66.0
-0.179,-0.093,0.086,57.0,0.0,0.0,66.0
-0.163,-0.112,0.051,57.0,0.0,0.0,66.0
-0.22,-0.07,0.15,57.0,0.0,0.0,66.0
-0.189,-0.092,0.097,57.0,0.0,0.0,66.0
-0.182,-0.092,0.09,57.0,0.0,0.0,66.0
-0.165,-0.112,0.053,57.0,0.0,0.0,66.0
-0.223,-0.068,0.155,57.0,0.0,0.0,66.0
-0.191,-0.091,0.1,57.0,0.0,0.0,66.0
-0.178,-0.094,0.084,57.0,0.0,0.0,66.0
-0.162,-0.113,0.049,57.0,0.0,0.0,66.0
-0.218,-0.071,0.147,57.0,0.0,0.0,66.0
-0.187,-0.094,0.093,57.0,0.0,0.0,66.0
-0.178,-0.094,0.084,57.0,0.0,0.0,66.0
-0.162,-0.113,0.049,57.0,0.0,0.0,66.0
-0.218,-0.071,0.147,57.0,0.0,0.0,66.0
-0.187,-0.094,0.093,57.0,0.0,0.0,66.0
-0.189,-0.101,0.088,32.0,1.0,0.0,43.0
-0.173,-0.12,0.053,32.0,1.0,0.0,43.0
-0.23,-0.079,0.151,32.0,1.0,0.0,43.0
-0.199,-0.101,0.098,32.0,1.0,0.0,43.0
-0.189,-0.101,0.088,32.0,1.0,0.0,43.0
-0.173,-0.12,0.053,32.0,1.0,0.0,43.0
-0.23,-0.078,0.152,32.0,1.0,0.0,43.0
-0.199,-0.101,0.098,32.0,1.0,0.0,43.0
-0.189,-0.101,0.088,32.0,1.0,0.0,43.0
-0.173,-0.12,0.053,32.0,1.0,0.0,43.0
-0.229,-0.079,0.15,32.0,1.0,0.0,43.0
-0.199,-0.101,0.098,32.0,1.0,0.0,43.0
-0.189,-0.101,0.088,32.0,1.0,0.0,43.0
-0.173,-0.12,0.053,32.0,1.0,0.0,43.0
-0.23,-0.079,0.151,32.0,1.0,0.0,43.0
-0.199,-0.101,0.098,32.0,1.0,0.0,43.0
-0.189,-0.101,0.088,32.0,1.0,0.0,43.0
-0.173,-0.12,0.053,32.0,1.0,0.0,43.0
-0.23,-0.079,0.151,32.0,1.0,0.0,43.0
-0.199,-0.101,0.098,32.0,1.0,0.0,43.0
-0.188,-0.101,0.087,32.0,1.0,0.0,43.0
-0.172,-0.12,0.052,32.0,1.0,0.0,43.0
-0.228,-0.079,0.149,32.0,1.0,0.0,43.0
-0.198,-0.101,0.097,32.0,1.0,0.0,43.0
-0.19,-0.1,0.09,32.0,1.0,0.0,43.0
-0.173,-0.12,0.053,32.0,1.0,0.0,43.0
-0.23,-0.078,0.152,32.0,1.0,0.0,43.0
-0.199,-0.1,0.099,32.0,1.0,0.0,43.0
-0.189,-0.101,0.088,32.0,1.0,0.0,43.0
-0.173,-0.12,0.053,32.0,1.0,0.0,43.0
-0.23,-0.078,0.152,32.0,1.0,0.0,43.0
-0.199,-0.101,0.098,32.0,1.0,0.0,43.0
-0.188,-0.101,0.087,32.0,1.0,0.0,43.0
-0.171,-0.12,0.051,32.0,1.0,0.0,43.0
-0.228,-0.078,0.15,32.0,1.0,0.0,43.0
-0.197,-0.101,0.096,32.0,1.0,0.0,43.0
-0.188,-0.101,0.087,32.0,1.0,0.0,43.0
-0.171,-0.12,0.051,32.0,1.0,0.0,43.0
-0.228,-0.078,0.15,32.0,1.0,0.0,43.0
-0.197,-0.1,0.097,32.0,1.0,0.0,43.0
-0.189,-0.101,0.088,32.0,1.0,0.0,43.0
-0.173,-0.12,0.053,32.0,1.0,0.0,43.0
-0.23,-0.079,0.151,32.0,1.0,0.0,43.0
-0.199,-0.101,0.098,32.0,1.0,0.0,43.0
-0.189,-0.101,0.088,32.0,1.0,0.0,43.0
-0.173,-0.12,0.053,32.0,1.0,0.0,43.0
-0.23,-0.079,0.151,32.0,1.0,0.0,43.0
-0.199,-0.101,0.098,32.0,1.0,0.0,43.0
-0.19,-0.101,0.089,32.0,1.0,0.0,43.0
-0.173,-0.119,0.054,32.0,1.0,0.0,43.0
-0.23,-0.078,0.152,32.0,1.0,0.0,43.0
-0.199,-0.1,0.099,32.0,1.0,0.0,43.0
-0.188,-0.101,0.087,32.0,1.0,0.0,43.0
-0.172,-0.12,0.052,32.0,1.0,0.0,43.0
-0.228,-0.079,0.149,32.0,1.0,0.0,43.0
-0.197,-0.101,0.096,32.0,1.0,0.0,43.0
-0.188,-0.101,0.087,32.0,1.0,0.0,43.0
-0.172,-0.12,0.052,32.0,1.0,0.0,43.0
-0.228,-0.078,0.15,32.0,1.0,0.0,43.0
-0.198,-0.101,0.097,32.0,1.0,0.0,43.0
-0.19,-0.1,0.09,32.0,1.0,0.0,43.0
-0.173,-0.12,0.053,32.0,1.0,0.0,43.0
-0.23,-0.078,0.152,32.0,1.0,0.0,43.0
-0.199,-0.1,0.099,32.0,1.0,0.0,43.0
-0.189,-0.101,0.088,32.0,1.0,0.0,43.0
-0.173,-0.12,0.053,32.0,1.0,0.0,43.0
-0.229,-0.079,0.15,32.0,1.0,0.0,43.0
-0.199,-0.101,0.098,32.0,1.0,0.0,43.0
-0.197,-0.105,0.092,18.0,0.0,0.0,20.0
-0.179,-0.124,0.055,18.0,0.0,0.0,20.0
-0.239,-0.08,0.159,18.0,0.0,0.0,20.0
-0.207,-0.104,0.103,18.0,0.0,0.0,20.0
-0.196,-0.105,0.091,18.0,0.0,0.0,20.0
-0.179,-0.124,0.055,18.0,0.0,0.0,20.0
-0.238,-0.08,0.158,18.0,0.0,0.0,20.0
-0.206,-0.104,0.102,18.0,0.0,0.0,20.0
-0.182,-0.105,0.077,35.0,0.0,0.0,52.0
-0.167,-0.124,0.043,35.0,0.0,0.0,52.0
-0.223,-0.083,0.14,35.0,0.0,0.0,52.0
-0.192,-0.105,0.087,35.0,0.0,0.0,52.0
-0.183,-0.105,0.078,35.0,0.0,0.0,52.0
-0.168,-0.124,0.044,35.0,0.0,0.0,52.0
-0.223,-0.083,0.14,35.0,0.0,0.0,52.0
-0.193,-0.105,0.088,35.0,0.0,0.0,52.0
-0.183,-0.105,0.078,35.0,0.0,0.0,52.0
-0.168,-0.124,0.044,35.0,0.0,0.0,52.0
-0.223,-0.083,0.14,35.0,0.0,0.0,52.0
-0.193,-0.105,0.088,35.0,0.0,0.0,52.0
-0.183,-0.105,0.078,35.0,0.0,0.0,52.0
-0.168,-0.124,0.044,35.0,0.0,0.0,52.0
-0.223,-0.083,0.14,35.0,0.0,0.0,52.0
-0.193,-0.105,0.088,35.0,0.0,0.0,52.0
-0.183,-0.105,0.078,35.0,0.0,0.0,52.0
-0.168,-0.124,0.044,35.0,0.0,0.0,52.0
-0.223,-0.083,0.14,35.0,0.0,0.0,52.0
-0.193,-0.105,0.088,35.0,0.0,0.0,52.0
-0.183,-0.105,0.078,35.0,0.0,0.0,52.0
-0.168,-0.124,0.044,35.0,0.0,0.0,52.0
-0.223,-0.083,0.14,35.0,0.0,0.0,52.0
-0.193,-0.105,0.088,35.0,0.0,0.0,52.0
-0.183,-0.105,0.078,35.0,0.0,0.0,52.0
-0.168,-0.124,0.044,35.0,0.0,0.0,52.0
-0.223,-0.083,0.14,35.0,0.0,0.0,52.0
-0.193,-0.105,0.088,35.0,0.0,0.0,52.0
-0.184,-0.105,0.079,35.0,0.0,0.0,52.0
-0.168,-0.124,0.044,35.0,0.0,0.0,52.0
-0.224,-0.083,0.141,35.0,0.0,0.0,52.0
-0.193,-0.105,0.088,35.0,0.0,0.0,52.0
-0.183,-0.105,0.078,35.0,0.0,0.0,52.0
-0.168,-0.124,0.044,35.0,0.0,0.0,52.0
-0.223,-0.083,0.14,35.0,0.0,0.0,52.0
-0.193,-0.105,0.088,35.0,0.0,0.0,52.0
-0.183,-0.105,0.078,35.0,0.0,0.0,52.0
-0.167,-0.124,0.043,35.0,0.0,0.0,52.0
-0.223,-0.083,0.14,35.0,0.0,0.0,52.0
-0.192,-0.105,0.087,35.0,0.0,0.0,52.0
-0.183,-0.105,0.078,35.0,0.0,0.0,52.0
-0.168,-0.124,0.044,35.0,0.0,0.0,52.0
-0.223,-0.083,0.14,35.0,0.0,0.0,52.0
-0.193,-0.105,0.088,35.0,0.0,0.0,52.0
-0.183,-0.105,0.078,35.0,0.0,0.0,52.0
-0.168,-0.124,0.044,35.0,0.0,0.0,52.0
-0.223,-0.083,0.14,35.0,0.0,0.0,52.0
-0.192,-0.105,0.087,35.0,0.0,0.0,52.0
-0.183,-0.105,0.078,35.0,0.0,0.0,52.0
-0.167,-0.124,0.043,35.0,0.0,0.0,52.0
-0.223,-0.083,0.14,35.0,0.0,0.0,52.0
-0.192,-0.105,0.087,35.0,0.0,0.0,52.0
-0.184,-0.105,0.079,35.0,0.0,0.0,52.0
-0.168,-0.124,0.044,35.0,0.0,0.0,52.0
-0.224,-0.083,0.141,35.0,0.0,0.0,52.0
-0.193,-0.105,0.088,35.0,0.0,0.0,52.0
-0.183,-0.105,0.078,35.0,0.0,0.0,52.0
-0.168,-0.124,0.044,35.0,0.0,0.0,52.0
-0.223,-0.083,0.14,35.0,0.0,0.0,52.0
-0.193,-0.105,0.088,35.0,0.0,0.0,52.0
-0.184,-0.105,0.079,35.0,0.0,0.0,52.0
-0.168,-0.124,0.044,35.0,0.0,0.0,52.0
-0.224,-0.083,0.141,35.0,0.0,0.0,52.0
-0.194,-0.105,0.089,35.0,0.0,0.0,52.0
-0.183,-0.105,0.078,35.0,0.0,0.0,52.0
-0.168,-0.124,0.044,35.0,0.0,0.0,52.0
-0.223,-0.083,0.14,35.0,0.0,0.0,52.0
-0.192,-0.105,0.087,35.0,0.0,0.0,52.0
-0.183,-0.105,0.078,35.0,0.0,0.0,52.0
-0.168,-0.124,0.044,35.0,0.0,0.0,52.0
-0.223,-0.083,0.14,35.0,0.0,0.0,52.0
-0.193,-0.105,0.088,35.0,0.0,0.0,52.0
-0.199,-0.118,0.081,20.0,0.0,0.0,35.0
-0.183,-0.137,0.046,20.0,0.0,0.0,35.0
-0.239,-0.094,0.145,20.0,0.0,0.0,35.0
-0.208,-0.117,0.091,20.0,0.0,0.0,35.0
-0.199,-0.118,0.081,20.0,0.0,0.0,35.0
-0.183,-0.137,0.046,20.0,0.0,0.0,35.0
-0.24,-0.094,0.146,20.0,0.0,0.0,35.0
-0.208,-0.117,0.091,20.0,0.0,0.0,35.0
-0.199,-0.118,0.081,20.0,0.0,0.0,35.0
-0.183,-0.137,0.046,20.0,0.0,0.0,35.0
-0.239,-0.094,0.145,20.0,0.0,0.0,35.0
-0.208,-0.117,0.091,20.0,0.0,0.0,35.0
-0.199,-0.118,0.081,20.0,0.0,0.0,35.0
-0.183,-0.137,0.046,20.0,0.0,0.0,35.0
-0.239,-0.094,0.145,20.0,0.0,0.0,35.0
-0.208,-0.117,0.091,20.0,0.0,0.0,35.0
-0.199,-0.118,0.081,20.0,0.0,0.0,35.0
-0.183,-0.137,0.046,20.0,0.0,0.0,35.0
-0.24,-0.095,0.145,20.0,0.0,0.0,35.0
-0.208,-0.117,0.091,20.0,0.0,0.0,35.0
-0.199,-0.118,0.081,20.0,0.0,0.0,35.0
-0.183,-0.137,0.046,20.0,0.0,0.0,35.0
-0.24,-0.095,0.145,20.0,0.0,0.0,35.0
-0.208,-0.117,0.091,20.0,0.0,0.0,35.0
-0.199,-0.118,0.081,20.0,0.0,0.0,35.0
-0.183,-0.137,0.046,20.0,0.0,0.0,35.0
-0.239,-0.095,0.144,20.0,0.0,0.0,35.0
-0.208,-0.118,0.09,20.0,0.0,0.0,35.0
-0.199,-0.118,0.081,20.0,0.0,0.0,35.0
-0.183,-0.137,0.046,20.0,0.0,0.0,35.0
-0.24,-0.094,0.146,20.0,0.0,0.0,35.0
-0.208,-0.117,0.091,20.0,0.0,0.0,35.0
-0.199,-0.119,0.08,20.0,0.0,0.0,35.0
-0.184,-0.138,0.046,20.0,0.0,0.0,35.0
-0.24,-0.095,0.145,20.0,0.0,0.0,35.0
-0.208,-0.118,0.09,20.0,0.0,0.0,35.0
-0.199,-0.118,0.081,20.0,0.0,0.0,35.0
-0.183,-0.137,0.046,20.0,0.0,0.0,35.0
-0.24,-0.094,0.146,20.0,0.0,0.0,35.0
-0.208,-0.117,0.091,20.0,0.0,0.0,35.0
-0.199,-0.118,0.081,20.0,0.0,0.0,35.0
-0.183,-0.137,0.046,20.0,0.0,0.0,35.0
-0.24,-0.094,0.146,20.0,0.0,0.0,35.0
-0.208,-0.117,0.091,20.0,0.0,0.0,35.0
-0.199,-0.118,0.081,20.0,0.0,0.0,35.0
-0.184,-0.138,0.046,20.0,0.0,0.0,35.0
-0.24,-0.095,0.145,20.0,0.0,0.0,35.0
-0.209,-0.118,0.091,20.0,0.0,0.0,35.0
-0.2,-0.119,0.081,20.0,0.0,0.0,35.0
-0.184,-0.138,0.046,20.0,0.0,0.0,35.0
-0.24,-0.095,0.145,20.0,0.0,0.0,35.0
-0.209,-0.118,0.091,20.0,0.0,0.0,35.0
-0.199,-0.118,0.081,20.0,0.0,0.0,35.0
-0.183,-0.137,0.046,20.0,0.0,0.0,35.0
-0.24,-0.094,0.146,20.0,0.0,0.0,35.0
-0.208,-0.117,0.091,20.0,0.0,0.0,35.0
-0.199,-0.118,0.081,20.0,0.0,0.0,35.0
-0.183,-0.137,0.046,20.0,0.0,0.0,35.0
-0.24,-0.094,0.146,20.0,0.0,0.0,35.0
-0.208,-0.117,0.091,20.0,0.0,0.0,35.0
-0.199,-0.118,0.081,20.0,0.0,0.0,35.0
-0.183,-0.137,0.046,20.0,0.0,0.0,35.0
-0.24,-0.094,0.146,20.0,0.0,0.0,35.0
-0.208,-0.117,0.091,20.0,0.0,0.0,35.0
-0.196,-0.109,0.087,21.0,0.0,0.0,35.0
-0.18,-0.129,0.051,21.0,0.0,0.0,35.0
-0.237,-0.085,0.152,21.0,0.0,0.0,35.0
-0.205,-0.108,0.097,21.0,0.0,0.0,35.0
-0.195,-0.108,0.087,21.0,0.0,0.0,35.0
-0.179,-0.128,0.051,21.0,0.0,0.0,35.0
-0.236,-0.085,0.151,21.0,0.0,0.0,35.0
-0.205,-0.107,0.098,21.0,0.0,0.0,35.0
-0.196,-0.108,0.088,21.0,0.0,0.0,35.0
-0.18,-0.128,0.052,21.0,0.0,0.0,35.0
-0.237,-0.084,0.153,21.0,0.0,0.0,35.0
-0.205,-0.107,0.098,21.0,0.0,0.0,35.0
-0.196,-0.109,0.087,21.0,0.0,0.0,35.0
-0.18,-0.129,0.051,21.0,0.0,0.0,35.0
-0.237,-0.085,0.152,21.0,0.0,0.0,35.0
-0.206,-0.108,0.098,21.0,0.0,0.0,35.0
-0.196,-0.108,0.088,21.0,0.0,0.0,35.0
-0.18,-0.128,0.052,21.0,0.0,0.0,35.0
-0.237,-0.084,0.153,21.0,0.0,0.0,35.0
-0.205,-0.107,0.098,21.0,0.0,0.0,35.0
-0.196,-0.109,0.087,21.0,0.0,0.0,35.0
-0.18,-0.129,0.051,21.0,0.0,0.0,35.0
-0.237,-0.085,0.152,21.0,0.0,0.0,35.0
-0.205,-0.108,0.097,21.0,0.0,0.0,35.0
-0.196,-0.108,0.088,21.0,0.0,0.0,35.0
-0.18,-0.128,0.052,21.0,0.0,0.0,35.0
-0.237,-0.085,0.152,21.0,0.0,0.0,35.0
-0.205,-0.107,0.098,21.0,0.0,0.0,35.0
-0.196,-0.108,0.088,21.0,0.0,0.0,35.0
-0.18,-0.128,0.052,21.0,0.0,0.0,35.0
-0.237,-0.084,0.153,21.0,0.0,0.0,35.0
-0.205,-0.107,0.098,21.0,0.0,0.0,35.0
-0.196,-0.108,0.088,21.0,0.0,0.0,35.0
-0.18,-0.128,0.052,21.0,0.0,0.0,35.0
-0.237,-0.085,0.152,21.0,0.0,0.0,35.0
-0.205,-0.107,0.098,21.0,0.0,0.0,35.0
-0.196,-0.109,0.087,21.0,0.0,0.0,35.0
-0.18,-0.129,0.051,21.0,0.0,0.0,35.0
-0.237,-0.085,0.152,21.0,0.0,0.0,35.0
-0.206,-0.108,0.098,21.0,0.0,0.0,35.0
-0.196,-0.108,0.088,21.0,0.0,0.0,35.0
-0.18,-0.128,0.052,21.0,0.0,0.0,35.0
-0.237,-0.085,0.152,21.0,0.0,0.0,35.0
-0.205,-0.107,0.098,21.0,0.0,0.0,35.0
-0.196,-0.109,0.087,21.0,0.0,0.0,35.0
-0.18,-0.129,0.051,21.0,0.0,0.0,35.0
-0.237,-0.085,0.152,21.0,0.0,0.0,35.0
-0.205,-0.108,0.097,21.0,0.0,0.0,35.0
-0.196,-0.108,0.088,21.0,0.0,0.0,35.0
-0.18,-0.128,0.052,21.0,0.0,0.0,35.0
-0.237,-0.085,0.152,21.0,0.0,0.0,35.0
-0.205,-0.107,0.098,21.0,0.0,0.0,35.0
-0.196,-0.108,0.088,21.0,0.0,0.0,35.0
-0.18,-0.128,0.052,21.0,0.0,0.0,35.0
-0.237,-0.085,0.152,21.0,0.0,0.0,35.0
-0.205,-0.107,0.098,21.0,0.0,0.0,35.0
-0.195,-0.108,0.087,21.0,0.0,0.0,35.0
-0.18,-0.128,0.052,21.0,0.0,0.0,35.0
-0.236,-0.085,0.151,21.0,0.0,0.0,35.0
-0.205,-0.107,0.098,21.0,0.0,0.0,35.0
-0.196,-0.109,0.087,21.0,0.0,0.0,35.0
-0.18,-0.129,0.051,21.0,0.0,0.0,35.0
-0.237,-0.085,0.152,21.0,0.0,0.0,35.0
-0.206,-0.108,0.098,21.0,0.0,0.0,35.0
-0.19,-0.094,0.096,48.0,0.0,0.0,45.0
-0.174,-0.116,0.058,48.0,0.0,0.0,45.0
-0.232,-0.069,0.163,48.0,0.0,0.0,45.0
-0.199,-0.092,0.107,48.0,0.0,0.0,45.0
-0.19,-0.093,0.097,48.0,0.0,0.0,45.0
-0.174,-0.116,0.058,48.0,0.0,0.0,45.0
-0.232,-0.069,0.163,48.0,0.0,0.0,45.0
-0.199,-0.092,0.107,48.0,0.0,0.0,45.0
-0.188,-0.092,0.096,48.0,0.0,0.0,45.0
-0.172,-0.114,0.058,48.0,0.0,0.0,45.0
-0.23,-0.068,0.162,48.0,0.0,0.0,45.0
-0.197,-0.091,0.106,48.0,0.0,0.0,45.0
-0.19,-0.093,0.097,48.0,0.0,0.0,45.0
-0.174,-0.116,0.058,48.0,0.0,0.0,45.0
-0.232,-0.069,0.163,48.0,0.0,0.0,45.0
-0.199,-0.092,0.107,48.0,0.0,0.0,45.0
-0.189,-0.092,0.097,48.0,0.0,0.0,45.0
-0.173,-0.114,0.059,48.0,0.0,0.0,45.0
-0.23,-0.068,0.162,48.0,0.0,0.0,45.0
-0.198,-0.091,0.107,48.0,0.0,0.0,45.0
-0.19,-0.093,0.097,48.0,0.0,0.0,45.0
-0.173,-0.116,0.057,48.0,0.0,0.0,45.0
-0.231,-0.069,0.162,48.0,0.0,0.0,45.0
-0.199,-0.092,0.107,48.0,0.0,0.0,45.0
-0.19,-0.093,0.097,48.0,0.0,0.0,45.0
-0.174,-0.116,0.058,48.0,0.0,0.0,45.0
-0.232,-0.069,0.163,48.0,0.0,0.0,45.0
-0.199,-0.092,0.107,48.0,0.0,0.0,45.0
-0.189,-0.092,0.097,48.0,0.0,0.0,45.0
-0.173,-0.114,0.059,48.0,0.0,0.0,45.0
-0.231,-0.068,0.163,48.0,0.0,0.0,45.0
-0.199,-0.091,0.108,48.0,0.0,0.0,45.0
-0.189,-0.095,0.094,48.0,0.0,0.0,45.0
-0.173,-0.117,0.056,48.0,0.0,0.0,45.0
-0.23,-0.071,0.159,48.0,0.0,0.0,45.0
-0.198,-0.094,0.104,48.0,0.0,0.0,45.0
-0.19,-0.093,0.097,48.0,0.0,0.0,45.0
-0.174,-0.116,0.058,48.0,0.0,0.0,45.0
-0.232,-0.069,0.163,48.0,0.0,0.0,45.0
-0.2,-0.093,0.107,48.0,0.0,0.0,45.0
-0.191,-0.093,0.098,48.0,0.0,0.0,45.0
-0.174,-0.116,0.058,48.0,0.0,0.0,45.0
-0.232,-0.07,0.162,48.0,0.0,0.0,45.0
-0.2,-0.092,0.108,48.0,0.0,0.0,45.0
-0.189,-0.095,0.094,48.0,0.0,0.0,45.0
-0.173,-0.117,0.056,48.0,0.0,0.0,45.0
-0.23,-0.07,0.16,48.0,0.0,0.0,45.0
-0.198,-0.094,0.104,48.0,0.0,0.0,45.0
-0.189,-0.095,0.094,48.0,0.0,0.0,45.0
-0.173,-0.117,0.056,48.0,0.0,0.0,45.0
-0.231,-0.071,0.16,48.0,0.0,0.0,45.0
-0.198,-0.093,0.105,48.0,0.0,0.0,45.0
-0.19,-0.093,0.097,48.0,0.0,0.0,45.0
-0.173,-0.116,0.057,48.0,0.0,0.0,45.0
-0.232,-0.069,0.163,48.0,0.0,0.0,45.0
-0.199,-0.092,0.107,48.0,0.0,0.0,45.0
-0.19,-0.093,0.097,48.0,0.0,0.0,45.0
-0.173,-0.116,0.057,48.0,0.0,0.0,45.0
-0.231,-0.069,0.162,48.0,0.0,0.0,45.0
-0.199,-0.092,0.107,48.0,0.0,0.0,45.0
-0.19,-0.094,0.096,48.0,0.0,0.0,45.0
-0.174,-0.116,0.058,48.0,0.0,0.0,45.0
-0.231,-0.07,0.161,48.0,0.0,0.0,45.0
-0.199,-0.093,0.106,48.0,0.0,0.0,45.0
-0.188,-0.092,0.096,48.0,0.0,0.0,45.0
-0.172,-0.114,0.058,48.0,0.0,0.0,45.0
-0.229,-0.068,0.161,48.0,0.0,0.0,45.0
-0.197,-0.091,0.106,48.0,0.0,0.0,45.0
-0.19,-0.093,0.097,48.0,0.0,0.0,45.0
-0.174,-0.116,0.058,48.0,0.0,0.0,45.0
-0.232,-0.069,0.163,48.0,0.0,0.0,45.0
-0.2,-0.092,0.108,48.0,0.0,0.0,45.0
-0.187,-0.105,0.082,54.0,0.0,0.0,44.0
-0.172,-0.126,0.046,54.0,0.0,0.0,44.0
-0.227,-0.082,0.145,54.0,0.0,0.0,44.0
-0.196,-0.105,0.091,54.0,0.0,0.0,44.0
-0.187,-0.105,0.082,54.0,0.0,0.0,44.0
-0.172,-0.125,0.047,54.0,0.0,0.0,44.0
-0.227,-0.082,0.145,54.0,0.0,0.0,44.0
-0.196,-0.105,0.091,54.0,0.0,0.0,44.0
-0.187,-0.105,0.082,54.0,0.0,0.0,44.0
-0.173,-0.125,0.048,54.0,0.0,0.0,44.0
-0.227,-0.081,0.146,54.0,0.0,0.0,44.0
-0.197,-0.104,0.093,54.0,0.0,0.0,44.0
-0.187,-0.105,0.082,54.0,0.0,0.0,44.0
-0.172,-0.126,0.046,54.0,0.0,0.0,44.0
-0.227,-0.081,0.146,54.0,0.0,0.0,44.0
-0.196,-0.105,0.091,54.0,0.0,0.0,44.0
-0.188,-0.105,0.083,54.0,0.0,0.0,44.0
-0.173,-0.126,0.047,54.0,0.0,0.0,44.0
-0.228,-0.081,0.147,54.0,0.0,0.0,44.0
-0.197,-0.104,0.093,54.0,0.0,0.0,44.0
-0.187,-0.105,0.082,54.0,0.0,0.0,44.0
-0.173,-0.126,0.047,54.0,0.0,0.0,44.0
-0.228,-0.081,0.147,54.0,0.0,0.0,44.0
-0.196,-0.104,0.092,54.0,0.0,0.0,44.0
-0.187,-0.105,0.082,54.0,0.0,0.0,44.0
-0.172,-0.126,0.046,54.0,0.0,0.0,44.0
-0.227,-0.082,0.145,54.0,0.0,0.0,44.0
-0.196,-0.105,0.091,54.0,0.0,0.0,44.0
-0.187,-0.105,0.082,54.0,0.0,0.0,44.0
-0.172,-0.126,0.046,54.0,0.0,0.0,44.0
-0.227,-0.082,0.145,54.0,0.0,0.0,44.0
-0.196,-0.105,0.091,54.0,0.0,0.0,44.0
-0.187,-0.105,0.082,54.0,0.0,0.0,44.0
-0.173,-0.126,0.047,54.0,0.0,0.0,44.0
-0.228,-0.082,0.146,54.0,0.0,0.0,44.0
-0.196,-0.104,0.092,54.0,0.0,0.0,44.0
-0.187,-0.105,0.082,54.0,0.0,0.0,44.0
-0.173,-0.126,0.047,54.0,0.0,0.0,44.0
-0.228,-0.082,0.146,54.0,0.0,0.0,44.0
-0.196,-0.104,0.092,54.0,0.0,0.0,44.0
-0.187,-0.105,0.082,54.0,0.0,0.0,44.0
-0.172,-0.126,0.046,54.0,0.0,0.0,44.0
-0.227,-0.081,0.146,54.0,0.0,0.0,44.0
-0.196,-0.105,0.091,54.0,0.0,0.0,44.0
-0.188,-0.105,0.083,54.0,0.0,0.0,44.0
-0.173,-0.126,0.047,54.0,0.0,0.0,44.0
-0.228,-0.081,0.147,54.0,0.0,0.0,44.0
-0.197,-0.104,0.093,54.0,0.0,0.0,44.0
-0.187,-0.105,0.082,54.0,0.0,0.0,44.0
-0.173,-0.126,0.047,54.0,0.0,0.0,44.0
-0.228,-0.081,0.147,54.0,0.0,0.0,44.0
-0.196,-0.104,0.092,54.0,0.0,0.0,44.0
-0.188,-0.105,0.083,54.0,0.0,0.0,44.0
-0.173,-0.125,0.048,54.0,0.0,0.0,44.0
-0.228,-0.081,0.147,54.0,0.0,0.0,44.0
-0.197,-0.104,0.093,54.0,0.0,0.0,44.0
-0.187,-0.105,0.082,54.0,0.0,0.0,44.0
-0.173,-0.126,0.047,54.0,0.0,0.0,44.0
-0.227,-0.081,0.146,54.0,0.0,0.0,44.0
-0.196,-0.104,0.092,54.0,0.0,0.0,44.0
-0.184,-0.106,0.078,36.0,4.0,0.0,24.0
-0.167,-0.125,0.042,36.0,4.0,0.0,24.0
-0.223,-0.086,0.137,36.0,4.0,0.0,24.0
-0.193,-0.106,0.087,36.0,4.0,0.0,24.0
-0.184,-0.106,0.078,36.0,4.0,0.0,24.0
-0.168,-0.125,0.043,36.0,4.0,0.0,24.0
-0.223,-0.086,0.137,36.0,4.0,0.0,24.0
-0.193,-0.106,0.087,36.0,4.0,0.0,24.0
-0.183,-0.106,0.077,36.0,4.0,0.0,24.0
-0.167,-0.124,0.043,36.0,4.0,0.0,24.0
-0.222,-0.085,0.137,36.0,4.0,0.0,24.0
-0.192,-0.106,0.086,36.0,4.0,0.0,24.0
-0.183,-0.105,0.078,36.0,4.0,0.0,24.0
-0.167,-0.123,0.044,36.0,4.0,0.0,24.0
-0.222,-0.084,0.138,36.0,4.0,0.0,24.0
-0.192,-0.104,0.088,36.0,4.0,0.0,24.0
-0.184,-0.105,0.079,36.0,4.0,0.0,24.0
-0.167,-0.123,0.044,36.0,4.0,0.0,24.0
-0.223,-0.084,0.139,36.0,4.0,0.0,24.0
-0.193,-0.104,0.089,36.0,4.0,0.0,24.0
-0.183,-0.106,0.077,36.0,4.0,0.0,24.0
-0.167,-0.124,0.043,36.0,4.0,0.0,24.0
-0.222,-0.086,0.136,36.0,4.0,0.0,24.0
-0.192,-0.106,0.086,36.0,4.0,0.0,24.0
-0.181,-0.104,0.077,36.0,4.0,0.0,24.0
-0.164,-0.122,0.042,36.0,4.0,0.0,24.0
-0.22,-0.084,0.136,36.0,4.0,0.0,24.0
-0.19,-0.104,0.086,36.0,4.0,0.0,24.0
-0.184,-0.106,0.078,36.0,4.0,0.0,24.0
-0.168,-0.125,0.043,36.0,4.0,0.0,24.0
-0.223,-0.086,0.137,36.0,4.0,0.0,24.0
-0.193,-0.106,0.087,36.0,4.0,0.0,24.0
-0.183,-0.105,0.078,36.0,4.0,0.0,24.0
-0.167,-0.123,0.044,36.0,4.0,0.0,24.0
-0.222,-0.084,0.138,36.0,4.0,0.0,24.0
-0.192,-0.104,0.088,36.0,4.0,0.0,24.0
-0.184,-0.107,0.077,36.0,4.0,0.0,24.0
-0.168,-0.125,0.043,36.0,4.0,0.0,24.0
-0.223,-0.086,0.137,36.0,4.0,0.0,24.0
-0.193,-0.106,0.087,36.0,4.0,0.0,24.0
-0.184,-0.106,0.078,36.0,4.0,0.0,24.0
-0.168,-0.125,0.043,36.0,4.0,0.0,24.0
-0.223,-0.085,0.138,36.0,4.0,0.0,24.0
-0.193,-0.106,0.087,36.0,4.0,0.0,24.0
-0.181,-0.104,0.077,36.0,4.0,0.0,24.0
-0.165,-0.122,0.043,36.0,4.0,0.0,24.0
-0.22,-0.084,0.136,36.0,4.0,0.0,24.0
-0.19,-0.104,0.086,36.0,4.0,0.0,24.0
-0.19,-0.113,0.077,42.0,5.0,0.0,35.0
-0.174,-0.133,0.041,42.0,5.0,0.0,35.0
-0.23,-0.091,0.139,42.0,5.0,0.0,35.0
-0.199,-0.112,0.087,42.0,5.0,0.0,35.0
-0.19,-0.113,0.077,42.0,5.0,0.0,35.0
-0.174,-0.132,0.042,42.0,5.0,0.0,35.0
-0.23,-0.09,0.14,42.0,5.0,0.0,35.0
-0.199,-0.112,0.087,42.0,5.0,0.0,35.0
-0.19,-0.113,0.077,42.0,5.0,0.0,35.0
-0.174,-0.133,0.041,42.0,5.0,0.0,35.0
-0.23,-0.091,0.139,42.0,5.0,0.0,35.0
-0.199,-0.113,0.086,42.0,5.0,0.0,35.0
-0.189,-0.113,0.076,42.0,5.0,0.0,35.0
-0.173,-0.133,0.04,42.0,5.0,0.0,35.0
-0.229,-0.09,0.139,42.0,5.0,0.0,35.0
-0.198,-0.112,0.086,42.0,5.0,0.0,35.0
-0.19,-0.113,0.077,42.0,5.0,0.0,35.0
-0.174,-0.133,0.041,42.0,5.0,0.0,35.0
-0.23,-0.09,0.14,42.0,5.0,0.0,35.0
-0.199,-0.112,0.087,42.0,5.0,0.0,35.0
-0.19,-0.113,0.077,42.0,5.0,0.0,35.0
-0.174,-0.133,0.041,42.0,5.0,0.0,35.0
-0.23,-0.09,0.14,42.0,5.0,0.0,35.0
-0.199,-0.112,0.087,42.0,5.0,0.0,35.0
-0.19,-0.113,0.077,42.0,5.0,0.0,35.0
-0.174,-0.132,0.042,42.0,5.0,0.0,35.0
-0.23,-0.09,0.14,42.0,5.0,0.0,35.0
-0.199,-0.112,0.087,42.0,5.0,0.0,35.0
-0.19,-0.113,0.077,42.0,5.0,0.0,35.0
-0.174,-0.133,0.041,42.0,5.0,0.0,35.0
-0.23,-0.09,0.14,42.0,5.0,0.0,35.0
-0.199,-0.112,0.087,42.0,5.0,0.0,35.0
-0.19,-0.113,0.077,42.0,5.0,0.0,35.0
-0.174,-0.132,0.042,42.0,5.0,0.0,35.0
-0.23,-0.09,0.14,42.0,5.0,0.0,35.0
-0.199,-0.112,0.087,42.0,5.0,0.0,35.0
-0.19,-0.113,0.077,42.0,5.0,0.0,35.0
-0.174,-0.132,0.042,42.0,5.0,0.0,35.0
-0.23,-0.09,0.14,42.0,5.0,0.0,35.0
-0.199,-0.112,0.087,42.0,5.0,0.0,35.0
-0.189,-0.113,0.076,42.0,5.0,0.0,35.0
-0.173,-0.133,0.04,42.0,5.0,0.0,35.0
-0.229,-0.09,0.139,42.0,5.0,0.0,35.0
-0.198,-0.112,0.086,42.0,5.0,0.0,35.0
-0.19,-0.113,0.077,42.0,5.0,0.0,35.0
-0.174,-0.132,0.042,42.0,5.0,0.0,35.0
-0.23,-0.09,0.14,42.0,5.0,0.0,35.0
-0.199,-0.112,0.087,42.0,5.0,0.0,35.0
-0.188,-0.112,0.076,42.0,5.0,0.0,35.0
-0.172,-0.132,0.04,42.0,5.0,0.0,35.0
-0.229,-0.09,0.139,42.0,5.0,0.0,35.0
-0.197,-0.112,0.085,42.0,5.0,0.0,35.0
-0.189,-0.113,0.076,42.0,5.0,0.0,35.0
-0.174,-0.132,0.042,42.0,5.0,0.0,35.0
-0.23,-0.091,0.139,42.0,5.0,0.0,35.0
-0.199,-0.113,0.086,42.0,5.0,0.0,35.0
-0.19,-0.113,0.077,42.0,5.0,0.0,35.0
-0.174,-0.133,0.041,42.0,5.0,0.0,35.0
-0.23,-0.09,0.14,42.0,5.0,0.0,35.0
-0.199,-0.112,0.087,42.0,5.0,0.0,35.0
-0.193,-0.083,0.11,20.0,1.0,0.0,23.0
-0.175,-0.106,0.069,20.0,1.0,0.0,23.0
-0.235,-0.056,0.179,20.0,1.0,0.0,23.0
-0.203,-0.081,0.122,20.0,1.0,0.0,23.0
-0.191,-0.083,0.108,20.0,1.0,0.0,23.0
-0.173,-0.106,0.067,20.0,1.0,0.0,23.0
-0.233,-0.056,0.177,20.0,1.0,0.0,23.0
-0.201,-0.081,0.12,20.0,1.0,0.0,23.0
-0.192,-0.083,0.109,20.0,1.0,0.0,23.0
-0.174,-0.106,0.068,20.0,1.0,0.0,23.0
-0.234,-0.056,0.178,20.0,1.0,0.0,23.0
-0.202,-0.081,0.121,20.0,1.0,0.0,23.0
-0.19,-0.083,0.107,20.0,1.0,0.0,23.0
-0.172,-0.106,0.066,20.0,1.0,0.0,23.0
-0.232,-0.056,0.176,20.0,1.0,0.0,23.0
-0.2,-0.082,0.118,20.0,1.0,0.0,23.0
-0.191,-0.083,0.108,20.0,1.0,0.0,23.0
-0.173,-0.106,0.067,20.0,1.0,0.0,23.0
-0.232,-0.056,0.176,20.0,1.0,0.0,23.0
-0.2,-0.082,0.118,20.0,1.0,0.0,23.0
-0.192,-0.083,0.109,20.0,1.0,0.0,23.0
-0.174,-0.106,0.068,20.0,1.0,0.0,23.0
-0.234,-0.056,0.178,20.0,1.0,0.0,23.0
-0.202,-0.081,0.121,20.0,1.0,0.0,23.0
-0.192,-0.083,0.109,20.0,1.0,0.0,23.0
-0.174,-0.106,0.068,20.0,1.0,0.0,23.0
-0.234,-0.056,0.178,20.0,1.0,0.0,23.0
-0.202,-0.082,0.12,20.0,1.0,0.0,23.0
-0.183,-0.096,0.087,38.0,1.0,0.0,45.0
-0.166,-0.115,0.051,38.0,1.0,0.0,45.0
-0.223,-0.073,0.15,38.0,1.0,0.0,45.0
-0.192,-0.096,0.096,38.0,1.0,0.0,45.0
-0.182,-0.096,0.086,38.0,1.0,0.0,45.0
-0.166,-0.115,0.051,38.0,1.0,0.0,45.0
-0.222,-0.074,0.148,38.0,1.0,0.0,45.0
-0.191,-0.096,0.095,38.0,1.0,0.0,45.0
-0.184,-0.097,0.087,38.0,1.0,0.0,45.0
-0.167,-0.116,0.051,38.0,1.0,0.0,45.0
-0.225,-0.074,0.151,38.0,1.0,0.0,45.0
-0.193,-0.097,0.096,38.0,1.0,0.0,45.0
-0.184,-0.097,0.087,38.0,1.0,0.0,45.0
-0.167,-0.116,0.051,38.0,1.0,0.0,45.0
-0.224,-0.074,0.15,38.0,1.0,0.0,45.0
-0.193,-0.096,0.097,38.0,1.0,0.0,45.0
-0.184,-0.097,0.087,38.0,1.0,0.0,45.0
-0.167,-0.116,0.051,38.0,1.0,0.0,45.0
-0.224,-0.074,0.15,38.0,1.0,0.0,45.0
-0.193,-0.096,0.097,38.0,1.0,0.0,45.0
-0.184,-0.096,0.088,38.0,1.0,0.0,45.0
-0.167,-0.115,0.052,38.0,1.0,0.0,45.0
-0.224,-0.073,0.151,38.0,1.0,0.0,45.0
-0.193,-0.095,0.098,38.0,1.0,0.0,45.0
-0.184,-0.097,0.087,38.0,1.0,0.0,45.0
-0.167,-0.116,0.051,38.0,1.0,0.0,45.0
-0.224,-0.074,0.15,38.0,1.0,0.0,45.0
-0.193,-0.096,0.097,38.0,1.0,0.0,45.0
-0.184,-0.096,0.088,38.0,1.0,0.0,45.0
-0.167,-0.115,0.052,38.0,1.0,0.0,45.0
-0.224,-0.073,0.151,38.0,1.0,0.0,45.0
-0.193,-0.095,0.098,38.0,1.0,0.0,45.0
-0.183,-0.097,0.086,38.0,1.0,0.0,45.0
-0.167,-0.116,0.051,38.0,1.0,0.0,45.0
-0.224,-0.074,0.15,38.0,1.0,0.0,45.0
-0.193,-0.097,0.096,38.0,1.0,0.0,45.0
-0.182,-0.096,0.086,38.0,1.0,0.0,45.0
-0.166,-0.115,0.051,38.0,1.0,0.0,45.0
-0.222,-0.074,0.148,38.0,1.0,0.0,45.0
-0.191,-0.096,0.095,38.0,1.0,0.0,45.0
-0.183,-0.097,0.086,38.0,1.0,0.0,45.0
-0.167,-0.115,0.052,38.0,1.0,0.0,45.0
-0.224,-0.074,0.15,38.0,1.0,0.0,45.0
-0.193,-0.096,0.097,38.0,1.0,0.0,45.0
-0.183,-0.096,0.087,38.0,1.0,0.0,45.0
-0.167,-0.115,0.052,38.0,1.0,0.0,45.0
-0.224,-0.074,0.15,38.0,1.0,0.0,45.0
-0.193,-0.096,0.097,38.0,1.0,0.0,45.0
-0.184,-0.096,0.088,38.0,1.0,0.0,45.0
-0.167,-0.115,0.052,38.0,1.0,0.0,45.0
-0.224,-0.073,0.151,38.0,1.0,0.0,45.0
-0.193,-0.096,0.097,38.0,1.0,0.0,45.0
-0.184,-0.097,0.087,38.0,1.0,0.0,45.0
-0.167,-0.116,0.051,38.0,1.0,0.0,45.0
-0.224,-0.074,0.15,38.0,1.0,0.0,45.0
-0.193,-0.097,0.096,38.0,1.0,0.0,45.0
-0.183,-0.097,0.086,38.0,1.0,0.0,45.0
-0.166,-0.116,0.05,38.0,1.0,0.0,45.0
-0.223,-0.075,0.148,38.0,1.0,0.0,45.0
-0.192,-0.097,0.095,38.0,1.0,0.0,45.0
-0.184,-0.097,0.087,38.0,1.0,0.0,45.0
-0.168,-0.116,0.052,38.0,1.0,0.0,45.0
-0.225,-0.074,0.151,38.0,1.0,0.0,45.0
-0.194,-0.096,0.098,38.0,1.0,0.0,45.0
-0.184,-0.097,0.087,38.0,1.0,0.0,45.0
-0.167,-0.116,0.051,38.0,1.0,0.0,45.0
-0.224,-0.074,0.15,38.0,1.0,0.0,45.0
-0.193,-0.096,0.097,38.0,1.0,0.0,45.0
-0.184,-0.097,0.087,38.0,1.0,0.0,45.0
-0.167,-0.116,0.051,38.0,1.0,0.0,45.0
-0.224,-0.074,0.15,38.0,1.0,0.0,45.0
-0.193,-0.097,0.096,38.0,1.0,0.0,45.0
-0.191,-0.114,0.077,59.0,10.0,2.0,39.0
-0.177,-0.133,0.044,59.0,10.0,2.0,39.0
-0.228,-0.092,0.136,59.0,10.0,2.0,39.0
-0.2,-0.114,0.086,59.0,10.0,2.0,39.0
-0.19,-0.114,0.076,59.0,10.0,2.0,39.0
-0.175,-0.133,0.042,59.0,10.0,2.0,39.0
-0.228,-0.091,0.137,59.0,10.0,2.0,39.0
-0.199,-0.114,0.085,59.0,10.0,2.0,39.0
-0.192,-0.114,0.078,59.0,10.0,2.0,39.0
-0.178,-0.133,0.045,59.0,10.0,2.0,39.0
-0.231,-0.091,0.14,59.0,10.0,2.0,39.0
-0.201,-0.113,0.088,59.0,10.0,2.0,39.0
-0.193,-0.116,0.077,59.0,10.0,2.0,39.0
-0.179,-0.135,0.044,59.0,10.0,2.0,39.0
-0.231,-0.093,0.138,59.0,10.0,2.0,39.0
-0.202,-0.116,0.086,59.0,10.0,2.0,39.0
-0.191,-0.114,0.077,59.0,10.0,2.0,39.0
-0.176,-0.133,0.043,59.0,10.0,2.0,39.0
-0.229,-0.091,0.138,59.0,10.0,2.0,39.0
-0.199,-0.113,0.086,59.0,10.0,2.0,39.0
-0.192,-0.115,0.077,59.0,10.0,2.0,39.0
-0.177,-0.133,0.044,59.0,10.0,2.0,39.0
-0.229,-0.092,0.137,59.0,10.0,2.0,39.0
-0.2,-0.114,0.086,59.0,10.0,2.0,39.0
-0.189,-0.113,0.076,59.0,10.0,2.0,39.0
-0.175,-0.131,0.044,59.0,10.0,2.0,39.0
-0.227,-0.09,0.137,59.0,10.0,2.0,39.0
-0.198,-0.112,0.086,59.0,10.0,2.0,39.0
-0.192,-0.115,0.077,59.0,10.0,2.0,39.0
-0.177,-0.134,0.043,59.0,10.0,2.0,39.0
-0.23,-0.092,0.138,59.0,10.0,2.0,39.0
-0.201,-0.114,0.087,59.0,10.0,2.0,39.0
-0.191,-0.116,0.075,59.0,10.0,2.0,39.0
-0.177,-0.135,0.042,59.0,10.0,2.0,39.0
-0.229,-0.093,0.136,59.0,10.0,2.0,39.0
-0.2,-0.116,0.084,59.0,10.0,2.0,39.0
-0.192,-0.115,0.077,59.0,10.0,2.0,39.0
-0.178,-0.133,0.045,59.0,10.0,2.0,39.0
-0.23,-0.092,0.138,59.0,10.0,2.0,39.0
-0.201,-0.114,0.087,59.0,10.0,2.0,39.0
-0.193,-0.116,0.077,59.0,10.0,2.0,39.0
-0.179,-0.135,0.044,59.0,10.0,2.0,39.0
-0.231,-0.093,0.138,59.0,10.0,2.0,39.0
-0.202,-0.115,0.087,59.0,10.0,2.0,39.0
-0.19,-0.114,0.076,59.0,10.0,2.0,39.0
-0.175,-0.132,0.043,59.0,10.0,2.0,39.0
-0.227,-0.091,0.136,59.0,10.0,2.0,39.0
-0.198,-0.114,0.084,59.0,10.0,2.0,39.0
-0.191,-0.115,0.076,59.0,10.0,2.0,39.0
-0.177,-0.133,0.044,59.0,10.0,2.0,39.0
-0.228,-0.092,0.136,59.0,10.0,2.0,39.0
-0.2,-0.114,0.086,59.0,10.0,2.0,39.0
-0.191,-0.114,0.077,59.0,10.0,2.0,39.0
-0.177,-0.133,0.044,59.0,10.0,2.0,39.0
-0.229,-0.091,0.138,59.0,10.0,2.0,39.0
-0.2,-0.113,0.087,59.0,10.0,2.0,39.0
-0.193,-0.115,0.078,59.0,10.0,2.0,39.0
-0.178,-0.134,0.044,59.0,10.0,2.0,39.0
-0.231,-0.092,0.139,59.0,10.0,2.0,39.0
-0.202,-0.115,0.087,59.0,10.0,2.0,39.0
-0.191,-0.115,0.076,59.0,10.0,2.0,39.0
-0.177,-0.133,0.044,59.0,10.0,2.0,39.0
-0.229,-0.092,0.137,59.0,10.0,2.0,39.0
-0.2,-0.114,0.086,59.0,10.0,2.0,39.0
-0.188,-0.114,0.074,59.0,10.0,2.0,39.0
-0.173,-0.132,0.041,59.0,10.0,2.0,39.0
-0.225,-0.091,0.134,59.0,10.0,2.0,39.0
-0.196,-0.113,0.083,59.0,10.0,2.0,39.0
-0.191,-0.114,0.077,59.0,10.0,2.0,39.0
-0.176,-0.133,0.043,59.0,10.0,2.0,39.0
-0.228,-0.092,0.136,59.0,10.0,2.0,39.0
-0.199,-0.114,0.085,59.0,10.0,2.0,39.0
-0.185,-0.111,0.074,59.0,10.0,2.0,39.0
-0.171,-0.13,0.041,59.0,10.0,2.0,39.0
-0.223,-0.089,0.134,59.0,10.0,2.0,39.0
-0.194,-0.111,0.083,59.0,10.0,2.0,39.0
-0.186,-0.114,0.072,59.0,10.0,2.0,39.0
-0.171,-0.132,0.039,59.0,10.0,2.0,39.0
-0.224,-0.091,0.133,59.0,10.0,2.0,39.0
-0.195,-0.113,0.082,59.0,10.0,2.0,39.0
-0.196,-0.119,0.077,46.0,7.0,2.0,20.0
-0.182,-0.137,0.045,46.0,7.0,2.0,20.0
-0.233,-0.096,0.137,46.0,7.0,2.0,20.0
-0.205,-0.118,0.087,46.0,7.0,2.0,20.0
-0.197,-0.119,0.078,46.0,7.0,2.0,20.0
-0.183,-0.137,0.046,46.0,7.0,2.0,20.0
-0.233,-0.095,0.138,46.0,7.0,2.0,20.0
-0.205,-0.118,0.087,46.0,7.0,2.0,20.0
-0.196,-0.119,0.077,46.0,7.0,2.0,20.0
-0.182,-0.137,0.045,46.0,7.0,2.0,20.0
-0.232,-0.096,0.136,46.0,7.0,2.0,20.0
-0.205,-0.118,0.087,46.0,7.0,2.0,20.0
-0.197,-0.119,0.078,46.0,7.0,2.0,20.0
-0.183,-0.137,0.046,46.0,7.0,2.0,20.0
-0.234,-0.095,0.139,46.0,7.0,2.0,20.0
-0.206,-0.118,0.088,46.0,7.0,2.0,20.0
-0.198,-0.119,0.079,46.0,7.0,2.0,20.0
-0.184,-0.137,0.047,46.0,7.0,2.0,20.0
-0.235,-0.095,0.14,46.0,7.0,2.0,20.0
-0.207,-0.118,0.089,46.0,7.0,2.0,20.0
-0.198,-0.118,0.08,46.0,7.0,2.0,20.0
-0.184,-0.137,0.047,46.0,7.0,2.0,20.0
-0.235,-0.095,0.14,46.0,7.0,2.0,20.0
-0.206,-0.118,0.088,46.0,7.0,2.0,20.0
-0.199,-0.118,0.081,46.0,7.0,2.0,20.0
-0.185,-0.137,0.048,46.0,7.0,2.0,20.0
-0.236,-0.095,0.141,46.0,7.0,2.0,20.0
-0.208,-0.118,0.09,46.0,7.0,2.0,20.0
-0.197,-0.12,0.077,46.0,7.0,2.0,20.0
-0.183,-0.138,0.045,46.0,7.0,2.0,20.0
-0.233,-0.096,0.137,46.0,7.0,2.0,20.0
-0.205,-0.119,0.086,46.0,7.0,2.0,20.0
-0.198,-0.118,0.08,46.0,7.0,2.0,20.0
-0.184,-0.137,0.047,46.0,7.0,2.0,20.0
-0.235,-0.094,0.141,46.0,7.0,2.0,20.0
-0.207,-0.117,0.09,46.0,7.0,2.0,20.0
-0.197,-0.119,0.078,46.0,7.0,2.0,20.0
-0.183,-0.137,0.046,46.0,7.0,2.0,20.0
-0.233,-0.095,0.138,46.0,7.0,2.0,20.0
-0.205,-0.118,0.087,46.0,7.0,2.0,20.0
-0.199,-0.119,0.08,46.0,7.0,2.0,20.0
-0.185,-0.138,0.047,46.0,7.0,2.0,20.0
-0.236,-0.096,0.14,46.0,7.0,2.0,20.0
-0.208,-0.118,0.09,46.0,7.0,2.0,20.0
-0.197,-0.119,0.078,46.0,7.0,2.0,20.0
-0.183,-0.137,0.046,46.0,7.0,2.0,20.0
-0.234,-0.095,0.139,46.0,7.0,2.0,20.0
-0.206,-0.118,0.088,46.0,7.0,2.0,20.0
-0.2,-0.119,0.081,46.0,7.0,2.0,20.0
-0.185,-0.138,0.047,46.0,7.0,2.0,20.0
-0.237,-0.095,0.142,46.0,7.0,2.0,20.0
-0.208,-0.118,0.09,46.0,7.0,2.0,20.0
-0.198,-0.119,0.079,46.0,7.0,2.0,20.0
-0.184,-0.138,0.046,46.0,7.0,2.0,20.0
-0.234,-0.096,0.138,46.0,7.0,2.0,20.0
-0.206,-0.119,0.087,46.0,7.0,2.0,20.0
-0.197,-0.119,0.078,46.0,7.0,2.0,20.0
-0.183,-0.138,0.045,46.0,7.0,2.0,20.0
-0.234,-0.096,0.138,46.0,7.0,2.0,20.0
-0.206,-0.118,0.088,46.0,7.0,2.0,20.0
-0.198,-0.118,0.08,46.0,7.0,2.0,20.0
-0.184,-0.137,0.047,46.0,7.0,2.0,20.0
-0.235,-0.095,0.14,46.0,7.0,2.0,20.0
-0.207,-0.118,0.089,46.0,7.0,2.0,20.0
-0.197,-0.119,0.078,46.0,7.0,2.0,20.0
-0.183,-0.137,0.046,46.0,7.0,2.0,20.0
-0.234,-0.095,0.139,46.0,7.0,2.0,20.0
-0.206,-0.118,0.088,46.0,7.0,2.0,20.0
-0.18,-0.096,0.084,33.0,0.0,0.0,38.0
-0.165,-0.115,0.05,33.0,0.0,0.0,38.0
-0.221,-0.074,0.147,33.0,0.0,0.0,38.0
-0.19,-0.096,0.094,33.0,0.0,0.0,38.0
-0.18,-0.096,0.084,33.0,0.0,0.0,38.0
-0.165,-0.115,0.05,33.0,0.0,0.0,38.0
-0.221,-0.074,0.147,33.0,0.0,0.0,38.0
-0.19,-0.096,0.094,33.0,0.0,0.0,38.0
-0.18,-0.096,0.084,33.0,0.0,0.0,38.0
-0.165,-0.115,0.05,33.0,0.0,0.0,38.0
-0.221,-0.074,0.147,33.0,0.0,0.0,38.0
-0.19,-0.096,0.094,33.0,0.0,0.0,38.0
-0.18,-0.096,0.084,33.0,0.0,0.0,38.0
-0.165,-0.115,0.05,33.0,0.0,0.0,38.0
-0.221,-0.074,0.147,33.0,0.0,0.0,38.0
-0.19,-0.096,0.094,33.0,0.0,0.0,38.0
-0.18,-0.095,0.085,33.0,0.0,0.0,38.0
-0.165,-0.115,0.05,33.0,0.0,0.0,38.0
-0.221,-0.073,0.148,33.0,0.0,0.0,38.0
-0.19,-0.096,0.094,33.0,0.0,0.0,38.0
-0.18,-0.096,0.084,33.0,0.0,0.0,38.0
-0.165,-0.115,0.05,33.0,0.0,0.0,38.0
-0.221,-0.074,0.147,33.0,0.0,0.0,38.0
-0.19,-0.096,0.094,33.0,0.0,0.0,38.0
-0.18,-0.096,0.084,33.0,0.0,0.0,38.0
-0.165,-0.115,0.05,33.0,0.0,0.0,38.0
-0.221,-0.074,0.147,33.0,0.0,0.0,38.0
-0.19,-0.096,0.094,33.0,0.0,0.0,38.0
-0.18,-0.096,0.084,33.0,0.0,0.0,38.0
-0.165,-0.115,0.05,33.0,0.0,0.0,38.0
-0.221,-0.074,0.147,33.0,0.0,0.0,38.0
-0.19,-0.096,0.094,33.0,0.0,0.0,38.0
-0.18,-0.096,0.084,33.0,0.0,0.0,38.0
-0.165,-0.115,0.05,33.0,0.0,0.0,38.0
-0.221,-0.074,0.147,33.0,0.0,0.0,38.0
-0.19,-0.096,0.094,33.0,0.0,0.0,38.0
-0.18,-0.096,0.084,33.0,0.0,0.0,38.0
-0.165,-0.115,0.05,33.0,0.0,0.0,38.0
-0.221,-0.074,0.147,33.0,0.0,0.0,38.0
-0.19,-0.096,0.094,33.0,0.0,0.0,38.0
-0.18,-0.096,0.084,33.0,0.0,0.0,38.0
-0.165,-0.115,0.05,33.0,0.0,0.0,38.0
-0.221,-0.074,0.147,33.0,0.0,0.0,38.0
-0.19,-0.096,0.094,33.0,0.0,0.0,38.0
-0.18,-0.096,0.084,33.0,0.0,0.0,38.0
-0.165,-0.115,0.05,33.0,0.0,0.0,38.0
-0.221,-0.074,0.147,33.0,0.0,0.0,38.0
-0.19,-0.096,0.094,33.0,0.0,0.0,38.0
-0.188,-0.068,0.12,58.0,2.0,0.0,24.0
-0.169,-0.09,0.079,58.0,2.0,0.0,24.0
-0.23,-0.042,0.188,58.0,2.0,0.0,24.0
-0.197,-0.066,0.131,58.0,2.0,0.0,24.0
-0.187,-0.068,0.119,58.0,2.0,0.0,24.0
-0.168,-0.09,0.078,58.0,2.0,0.0,24.0
-0.229,-0.043,0.186,58.0,2.0,0.0,24.0
-0.196,-0.066,0.13,58.0,2.0,0.0,24.0
-0.188,-0.064,0.124,58.0,2.0,0.0,24.0
-0.169,-0.087,0.082,58.0,2.0,0.0,24.0
-0.231,-0.039,0.192,58.0,2.0,0.0,24.0
-0.197,-0.063,0.134,58.0,2.0,0.0,24.0
-0.189,-0.067,0.122,58.0,2.0,0.0,24.0
-0.169,-0.089,0.08,58.0,2.0,0.0,24.0
-0.231,-0.041,0.19,58.0,2.0,0.0,24.0
-0.198,-0.065,0.133,58.0,2.0,0.0,24.0
-0.189,-0.067,0.122,58.0,2.0,0.0,24.0
-0.17,-0.089,0.081,58.0,2.0,0.0,24.0
-0.231,-0.042,0.189,58.0,2.0,0.0,24.0
-0.198,-0.065,0.133,58.0,2.0,0.0,24.0
-0.188,-0.066,0.122,58.0,2.0,0.0,24.0
-0.169,-0.089,0.08,58.0,2.0,0.0,24.0
-0.231,-0.041,0.19,58.0,2.0,0.0,24.0
-0.197,-0.065,0.132,58.0,2.0,0.0,24.0
-0.188,-0.067,0.121,58.0,2.0,0.0,24.0
-0.169,-0.09,0.079,58.0,2.0,0.0,24.0
-0.231,-0.042,0.189,58.0,2.0,0.0,24.0
-0.198,-0.066,0.132,58.0,2.0,0.0,24.0
-0.187,-0.068,0.119,58.0,2.0,0.0,24.0
-0.169,-0.091,0.078,58.0,2.0,0.0,24.0
-0.23,-0.044,0.186,58.0,2.0,0.0,24.0
-0.196,-0.067,0.129,58.0,2.0,0.0,24.0
-0.189,-0.066,0.123,58.0,2.0,0.0,24.0
-0.17,-0.089,0.081,58.0,2.0,0.0,24.0
-0.231,-0.041,0.19,58.0,2.0,0.0,24.0
-0.198,-0.065,0.133,58.0,2.0,0.0,24.0
-0.188,-0.067,0.121,58.0,2.0,0.0,24.0
-0.169,-0.09,0.079,58.0,2.0,0.0,24.0
-0.23,-0.042,0.188,58.0,2.0,0.0,24.0
-0.197,-0.066,0.131,58.0,2.0,0.0,24.0
-0.186,-0.067,0.119,58.0,2.0,0.0,24.0
-0.167,-0.089,0.078,58.0,2.0,0.0,24.0
-0.229,-0.042,0.187,58.0,2.0,0.0,24.0
-0.196,-0.065,0.131,58.0,2.0,0.0,24.0
-0.187,-0.065,0.122,58.0,2.0,0.0,24.0
-0.168,-0.087,0.081,58.0,2.0,0.0,24.0
-0.23,-0.039,0.191,58.0,2.0,0.0,24.0
-0.196,-0.063,0.133,58.0,2.0,0.0,24.0
-0.188,-0.066,0.122,58.0,2.0,0.0,24.0
-0.169,-0.088,0.081,58.0,2.0,0.0,24.0
-0.23,-0.041,0.189,58.0,2.0,0.0,24.0
-0.197,-0.064,0.133,58.0,2.0,0.0,24.0
-0.189,-0.065,0.124,58.0,2.0,0.0,24.0
-0.17,-0.088,0.082,58.0,2.0,0.0,24.0
-0.232,-0.04,0.192,58.0,2.0,0.0,24.0
-0.198,-0.064,0.134,58.0,2.0,0.0,24.0
-0.189,-0.063,0.126,58.0,2.0,0.0,24.0
-0.169,-0.086,0.083,58.0,2.0,0.0,24.0
-0.232,-0.037,0.195,58.0,2.0,0.0,24.0
-0.198,-0.061,0.137,58.0,2.0,0.0,24.0
-0.187,-0.066,0.121,58.0,2.0,0.0,24.0
-0.168,-0.088,0.08,58.0,2.0,0.0,24.0
-0.229,-0.041,0.188,58.0,2.0,0.0,24.0
-0.196,-0.065,0.131,58.0,2.0,0.0,24.0
-0.187,-0.068,0.119,58.0,2.0,0.0,24.0
-0.168,-0.09,0.078,58.0,2.0,0.0,24.0
-0.229,-0.043,0.186,58.0,2.0,0.0,24.0
-0.196,-0.067,0.129,58.0,2.0,0.0,24.0
-0.188,-0.065,0.123,58.0,2.0,0.0,24.0
-0.169,-0.088,0.081,58.0,2.0,0.0,24.0
-0.231,-0.04,0.191,58.0,2.0,0.0,24.0
-0.197,-0.063,0.134,58.0,2.0,0.0,24.0
-0.187,-0.065,0.122,58.0,2.0,0.0,24.0
-0.168,-0.087,0.081,58.0,2.0,0.0,24.0
-0.23,-0.039,0.191,58.0,2.0,0.0,24.0
-0.197,-0.063,0.134,58.0,2.0,0.0,24.0
-0.187,-0.066,0.121,58.0,2.0,0.0,24.0
-0.168,-0.088,0.08,58.0,2.0,0.0,24.0
-0.229,-0.041,0.188,58.0,2.0,0.0,24.0
-0.196,-0.065,0.131,58.0,2.0,0.0,24.0
-0.179,-0.103,0.076,37.0,4.0,0.0,20.0
-0.163,-0.121,0.042,37.0,4.0,0.0,20.0
-0.218,-0.083,0.135,37.0,4.0,0.0,20.0
-0.188,-0.103,0.085,37.0,4.0,0.0,20.0
-0.179,-0.102,0.077,37.0,4.0,0.0,20.0
-0.163,-0.12,0.043,37.0,4.0,0.0,20.0
-0.218,-0.081,0.137,37.0,4.0,0.0,20.0
-0.188,-0.101,0.087,37.0,4.0,0.0,20.0
-0.179,-0.103,0.076,37.0,4.0,0.0,20.0
-0.163,-0.121,0.042,37.0,4.0,0.0,20.0
-0.218,-0.083,0.135,37.0,4.0,0.0,20.0
-0.188,-0.103,0.085,37.0,4.0,0.0,20.0
-0.179,-0.103,0.076,37.0,4.0,0.0,20.0
-0.163,-0.121,0.042,37.0,4.0,0.0,20.0
-0.217,-0.083,0.134,37.0,4.0,0.0,20.0
-0.188,-0.103,0.085,37.0,4.0,0.0,20.0
-0.179,-0.103,0.076,37.0,4.0,0.0,20.0
-0.163,-0.121,0.042,37.0,4.0,0.0,20.0
-0.218,-0.083,0.135,37.0,4.0,0.0,20.0
-0.188,-0.103,0.085,37.0,4.0,0.0,20.0
-0.179,-0.103,0.076,37.0,4.0,0.0,20.0
-0.163,-0.121,0.042,37.0,4.0,0.0,20.0
-0.218,-0.083,0.135,37.0,4.0,0.0,20.0
-0.188,-0.103,0.085,37.0,4.0,0.0,20.0
-0.179,-0.103,0.076,37.0,4.0,0.0,20.0
-0.163,-0.121,0.042,37.0,4.0,0.0,20.0
-0.218,-0.083,0.135,37.0,4.0,0.0,20.0
-0.188,-0.103,0.085,37.0,4.0,0.0,20.0
-0.179,-0.103,0.076,37.0,4.0,0.0,20.0
-0.163,-0.121,0.042,37.0,4.0,0.0,20.0
-0.218,-0.083,0.135,37.0,4.0,0.0,20.0
-0.188,-0.103,0.085,37.0,4.0,0.0,20.0
-0.179,-0.102,0.077,37.0,4.0,0.0,20.0
-0.163,-0.12,0.043,37.0,4.0,0.0,20.0
-0.218,-0.081,0.137,37.0,4.0,0.0,20.0
-0.188,-0.102,0.086,37.0,4.0,0.0,20.0
-0.179,-0.102,0.077,37.0,4.0,0.0,20.0
-0.163,-0.12,0.043,37.0,4.0,0.0,20.0
-0.218,-0.081,0.137,37.0,4.0,0.0,20.0
-0.188,-0.102,0.086,37.0,4.0,0.0,20.0
-0.179,-0.103,0.076,37.0,4.0,0.0,20.0
-0.163,-0.121,0.042,37.0,4.0,0.0,20.0
-0.218,-0.083,0.135,37.0,4.0,0.0,20.0
-0.188,-0.103,0.085,37.0,4.0,0.0,20.0
-0.179,-0.102,0.077,37.0,4.0,0.0,20.0
-0.163,-0.12,0.043,37.0,4.0,0.0,20.0
-0.218,-0.081,0.137,37.0,4.0,0.0,20.0
-0.188,-0.102,0.086,37.0,4.0,0.0,20.0
-0.181,-0.096,0.085,42.0,0.0,0.0,44.0
-0.166,-0.114,0.052,42.0,0.0,0.0,44.0
-0.221,-0.073,0.148,42.0,0.0,0.0,44.0
-0.19,-0.095,0.095,42.0,0.0,0.0,44.0
-0.182,-0.096,0.086,42.0,0.0,0.0,44.0
-0.166,-0.115,0.051,42.0,0.0,0.0,44.0
-0.222,-0.073,0.149,42.0,0.0,0.0,44.0
-0.191,-0.095,0.096,42.0,0.0,0.0,44.0
-0.182,-0.096,0.086,42.0,0.0,0.0,44.0
-0.166,-0.115,0.051,42.0,0.0,0.0,44.0
-0.222,-0.073,0.149,42.0,0.0,0.0,44.0
-0.191,-0.095,0.096,42.0,0.0,0.0,44.0
-0.181,-0.096,0.085,42.0,0.0,0.0,44.0
-0.166,-0.115,0.051,42.0,0.0,0.0,44.0
-0.222,-0.073,0.149,42.0,0.0,0.0,44.0
-0.191,-0.095,0.096,42.0,0.0,0.0,44.0
-0.18,-0.095,0.085,42.0,0.0,0.0,44.0
-0.164,-0.114,0.05,42.0,0.0,0.0,44.0
-0.22,-0.072,0.148,42.0,0.0,0.0,44.0
-0.189,-0.095,0.094,42.0,0.0,0.0,44.0
-0.181,-0.095,0.086,42.0,0.0,0.0,44.0
-0.166,-0.114,0.052,42.0,0.0,0.0,44.0
-0.221,-0.072,0.149,42.0,0.0,0.0,44.0
-0.19,-0.095,0.095,42.0,0.0,0.0,44.0
-0.181,-0.096,0.085,42.0,0.0,0.0,44.0
-0.166,-0.115,0.051,42.0,0.0,0.0,44.0
-0.222,-0.073,0.149,42.0,0.0,0.0,44.0
-0.191,-0.096,0.095,42.0,0.0,0.0,44.0
-0.181,-0.095,0.086,42.0,0.0,0.0,44.0
-0.166,-0.115,0.051,42.0,0.0,0.0,44.0
-0.222,-0.073,0.149,42.0,0.0,0.0,44.0
-0.191,-0.095,0.096,42.0,0.0,0.0,44.0
-0.181,-0.096,0.085,42.0,0.0,0.0,44.0
-0.166,-0.115,0.051,42.0,0.0,0.0,44.0
-0.221,-0.073,0.148,42.0,0.0,0.0,44.0
-0.19,-0.095,0.095,42.0,0.0,0.0,44.0
-0.182,-0.096,0.086,42.0,0.0,0.0,44.0
-0.166,-0.115,0.051,42.0,0.0,0.0,44.0
-0.222,-0.073,0.149,42.0,0.0,0.0,44.0
-0.191,-0.096,0.095,42.0,0.0,0.0,44.0
-0.179,-0.094,0.085,42.0,0.0,0.0,44.0
-0.163,-0.113,0.05,42.0,0.0,0.0,44.0
-0.219,-0.072,0.147,42.0,0.0,0.0,44.0
-0.188,-0.094,0.094,42.0,0.0,0.0,44.0
-0.179,-0.095,0.084,42.0,0.0,0.0,44.0
-0.163,-0.113,0.05,42.0,0.0,0.0,44.0
-0.219,-0.072,0.147,42.0,0.0,0.0,44.0
-0.188,-0.094,0.094,42.0,0.0,0.0,44.0
-0.182,-0.096,0.086,42.0,0.0,0.0,44.0
-0.167,-0.115,0.052,42.0,0.0,0.0,44.0
-0.222,-0.073,0.149,42.0,0.0,0.0,44.0
-0.191,-0.096,0.095,42.0,0.0,0.0,44.0
-0.181,-0.096,0.085,42.0,0.0,0.0,44.0
-0.166,-0.115,0.051,42.0,0.0,0.0,44.0
-0.222,-0.073,0.149,42.0,0.0,0.0,44.0
-0.191,-0.095,0.096,42.0,0.0,0.0,44.0
-0.179,-0.094,0.085,42.0,0.0,0.0,44.0
-0.163,-0.113,0.05,42.0,0.0,0.0,44.0
-0.219,-0.072,0.147,42.0,0.0,0.0,44.0
-0.188,-0.094,0.094,42.0,0.0,0.0,44.0
-0.181,-0.096,0.085,42.0,0.0,0.0,44.0
-0.166,-0.115,0.051,42.0,0.0,0.0,44.0
-0.222,-0.073,0.149,42.0,0.0,0.0,44.0
-0.191,-0.096,0.095,42.0,0.0,0.0,44.0
-0.181,-0.096,0.085,42.0,0.0,0.0,44.0
-0.166,-0.115,0.051,42.0,0.0,0.0,44.0
-0.222,-0.073,0.149,42.0,0.0,0.0,44.0
-0.191,-0.095,0.096,42.0,0.0,0.0,44.0
-0.179,-0.095,0.084,42.0,0.0,0.0,44.0
-0.163,-0.113,0.05,42.0,0.0,0.0,44.0
-0.219,-0.072,0.147,42.0,0.0,0.0,44.0
-0.188,-0.094,0.094,42.0,0.0,0.0,44.0
-0.186,-0.107,0.079,29.0,0.0,0.0,34.0
-0.17,-0.126,0.044,29.0,0.0,0.0,34.0
-0.227,-0.083,0.144,29.0,0.0,0.0,34.0
-0.196,-0.106,0.09,29.0,0.0,0.0,34.0
-0.188,-0.106,0.082,29.0,0.0,0.0,34.0
-0.171,-0.126,0.045,29.0,0.0,0.0,34.0
-0.228,-0.083,0.145,29.0,0.0,0.0,34.0
-0.197,-0.106,0.091,29.0,0.0,0.0,34.0
-0.187,-0.106,0.081,29.0,0.0,0.0,34.0
-0.171,-0.126,0.045,29.0,0.0,0.0,34.0
-0.228,-0.083,0.145,29.0,0.0,0.0,34.0
-0.197,-0.106,0.091,29.0,0.0,0.0,34.0
-0.187,-0.106,0.081,29.0,0.0,0.0,34.0
-0.17,-0.126,0.044,29.0,0.0,0.0,34.0
-0.227,-0.083,0.144,29.0,0.0,0.0,34.0
-0.196,-0.106,0.09,29.0,0.0,0.0,34.0
-0.186,-0.107,0.079,29.0,0.0,0.0,34.0
-0.17,-0.127,0.043,29.0,0.0,0.0,34.0
-0.227,-0.084,0.143,29.0,0.0,0.0,34.0
-0.195,-0.106,0.089,29.0,0.0,0.0,34.0
-0.187,-0.106,0.081,29.0,0.0,0.0,34.0
-0.171,-0.126,0.045,29.0,0.0,0.0,34.0
-0.228,-0.083,0.145,29.0,0.0,0.0,34.0
-0.197,-0.106,0.091,29.0,0.0,0.0,34.0
-0.186,-0.106,0.08,29.0,0.0,0.0,34.0
-0.169,-0.126,0.043,29.0,0.0,0.0,34.0
-0.227,-0.084,0.143,29.0,0.0,0.0,34.0
-0.195,-0.106,0.089,29.0,0.0,0.0,34.0
-0.186,-0.107,0.079,29.0,0.0,0.0,34.0
-0.169,-0.126,0.043,29.0,0.0,0.0,34.0
-0.226,-0.083,0.143,29.0,0.0,0.0,34.0
-0.195,-0.106,0.089,29.0,0.0,0.0,34.0
-0.186,-0.107,0.079,29.0,0.0,0.0,34.0
-0.17,-0.126,0.044,29.0,0.0,0.0,34.0
-0.227,-0.084,0.143,29.0,0.0,0.0,34.0
-0.196,-0.106,0.09,29.0,0.0,0.0,34.0
-0.186,-0.107,0.079,29.0,0.0,0.0,34.0
-0.169,-0.126,0.043,29.0,0.0,0.0,34.0
-0.226,-0.083,0.143,29.0,0.0,0.0,34.0
-0.195,-0.106,0.089,29.0,0.0,0.0,34.0
-0.181,-0.105,0.076,29.0,0.0,0.0,34.0
-0.164,-0.124,0.04,29.0,0.0,0.0,34.0
-0.221,-0.082,0.139,29.0,0.0,0.0,34.0
-0.19,-0.105,0.085,29.0,0.0,0.0,34.0
-0.183,-0.105,0.078,29.0,0.0,0.0,34.0
-0.166,-0.124,0.042,29.0,0.0,0.0,34.0
-0.223,-0.082,0.141,29.0,0.0,0.0,34.0
-0.192,-0.104,0.088,29.0,0.0,0.0,34.0
-0.186,-0.106,0.08,29.0,0.0,0.0,34.0
-0.17,-0.126,0.044,29.0,0.0,0.0,34.0
-0.227,-0.083,0.144,29.0,0.0,0.0,34.0
-0.196,-0.106,0.09,29.0,0.0,0.0,34.0
-0.186,-0.107,0.079,29.0,0.0,0.0,34.0
-0.17,-0.126,0.044,29.0,0.0,0.0,34.0
-0.226,-0.083,0.143,29.0,0.0,0.0,34.0
-0.195,-0.106,0.089,29.0,0.0,0.0,34.0
-0.186,-0.107,0.079,29.0,0.0,0.0,34.0
-0.169,-0.126,0.043,29.0,0.0,0.0,34.0
-0.226,-0.083,0.143,29.0,0.0,0.0,34.0
-0.195,-0.106,0.089,29.0,0.0,0.0,34.0
-0.18,-0.105,0.075,29.0,0.0,0.0,34.0
-0.163,-0.124,0.039,29.0,0.0,0.0,34.0
-0.221,-0.082,0.139,29.0,0.0,0.0,34.0
-0.19,-0.104,0.086,29.0,0.0,0.0,34.0
-0.185,-0.098,0.087,32.0,1.0,0.0,43.0
-0.169,-0.118,0.051,32.0,1.0,0.0,43.0
-0.225,-0.076,0.149,32.0,1.0,0.0,43.0
-0.195,-0.098,0.097,32.0,1.0,0.0,43.0
-0.185,-0.098,0.087,32.0,1.0,0.0,43.0
-0.169,-0.117,0.052,32.0,1.0,0.0,43.0
-0.226,-0.076,0.15,32.0,1.0,0.0,43.0
-0.195,-0.098,0.097,32.0,1.0,0.0,43.0
-0.185,-0.099,0.086,32.0,1.0,0.0,43.0
-0.169,-0.118,0.051,32.0,1.0,0.0,43.0
-0.225,-0.076,0.149,32.0,1.0,0.0,43.0
-0.195,-0.099,0.096,32.0,1.0,0.0,43.0
-0.183,-0.098,0.085,32.0,1.0,0.0,43.0
-0.168,-0.118,0.05,32.0,1.0,0.0,43.0
-0.223,-0.076,0.147,32.0,1.0,0.0,43.0
-0.193,-0.098,0.095,32.0,1.0,0.0,43.0
-0.184,-0.098,0.086,32.0,1.0,0.0,43.0
-0.168,-0.117,0.051,32.0,1.0,0.0,43.0
-0.223,-0.076,0.147,32.0,1.0,0.0,43.0
-0.193,-0.098,0.095,32.0,1.0,0.0,43.0
-0.184,-0.098,0.086,32.0,1.0,0.0,43.0
-0.168,-0.117,0.051,32.0,1.0,0.0,43.0
-0.224,-0.076,0.148,32.0,1.0,0.0,43.0
-0.193,-0.098,0.095,32.0,1.0,0.0,43.0
-0.185,-0.098,0.087,32.0,1.0,0.0,43.0
-0.169,-0.118,0.051,32.0,1.0,0.0,43.0
-0.225,-0.076,0.149,32.0,1.0,0.0,43.0
-0.195,-0.098,0.097,32.0,1.0,0.0,43.0
-0.185,-0.098,0.087,32.0,1.0,0.0,43.0
-0.169,-0.118,0.051,32.0,1.0,0.0,43.0
-0.225,-0.076,0.149,32.0,1.0,0.0,43.0
-0.195,-0.098,0.097,32.0,1.0,0.0,43.0
-0.185,-0.098,0.087,32.0,1.0,0.0,43.0
-0.169,-0.117,0.052,32.0,1.0,0.0,43.0
-0.226,-0.075,0.151,32.0,1.0,0.0,43.0
-0.195,-0.097,0.098,32.0,1.0,0.0,43.0
-0.185,-0.098,0.087,32.0,1.0,0.0,43.0
-0.169,-0.117,0.052,32.0,1.0,0.0,43.0
-0.225,-0.075,0.15,32.0,1.0,0.0,43.0
-0.195,-0.098,0.097,32.0,1.0,0.0,43.0
-0.185,-0.098,0.087,32.0,1.0,0.0,43.0
-0.169,-0.117,0.052,32.0,1.0,0.0,43.0
-0.226,-0.076,0.15,32.0,1.0,0.0,43.0
-0.195,-0.098,0.097,32.0,1.0,0.0,43.0
-0.184,-0.098,0.086,32.0,1.0,0.0,43.0
-0.168,-0.117,0.051,32.0,1.0,0.0,43.0
-0.224,-0.075,0.149,32.0,1.0,0.0,43.0
-0.193,-0.098,0.095,32.0,1.0,0.0,43.0
-0.183,-0.098,0.085,32.0,1.0,0.0,43.0
-0.168,-0.117,0.051,32.0,1.0,0.0,43.0
-0.224,-0.075,0.149,32.0,1.0,0.0,43.0
-0.193,-0.098,0.095,32.0,1.0,0.0,43.0
-0.185,-0.098,0.087,32.0,1.0,0.0,43.0
-0.169,-0.118,0.051,32.0,1.0,0.0,43.0
-0.225,-0.076,0.149,32.0,1.0,0.0,43.0
-0.194,-0.098,0.096,32.0,1.0,0.0,43.0
-0.185,-0.098,0.087,32.0,1.0,0.0,43.0
-0.169,-0.118,0.051,32.0,1.0,0.0,43.0
-0.226,-0.076,0.15,32.0,1.0,0.0,43.0
-0.195,-0.098,0.097,32.0,1.0,0.0,43.0
-0.183,-0.098,0.085,32.0,1.0,0.0,43.0
-0.168,-0.117,0.051,32.0,1.0,0.0,43.0
-0.224,-0.076,0.148,32.0,1.0,0.0,43.0
-0.193,-0.098,0.095,32.0,1.0,0.0,43.0
-0.185,-0.098,0.087,32.0,1.0,0.0,43.0
-0.169,-0.117,0.052,32.0,1.0,0.0,43.0
-0.226,-0.075,0.151,32.0,1.0,0.0,43.0
-0.195,-0.098,0.097,32.0,1.0,0.0,43.0
-0.183,-0.098,0.085,32.0,1.0,0.0,43.0
-0.168,-0.117,0.051,32.0,1.0,0.0,43.0
-0.224,-0.075,0.149,32.0,1.0,0.0,43.0
-0.193,-0.098,0.095,32.0,1.0,0.0,43.0
-0.185,-0.113,0.072,39.0,0.0,0.0,53.0
-0.169,-0.132,0.037,39.0,0.0,0.0,53.0
-0.225,-0.092,0.133,39.0,0.0,0.0,53.0
-0.194,-0.113,0.081,39.0,0.0,0.0,53.0
-0.185,-0.114,0.071,39.0,0.0,0.0,53.0
-0.169,-0.132,0.037,39.0,0.0,0.0,53.0
-0.225,-0.093,0.132,39.0,0.0,0.0,53.0
-0.194,-0.114,0.08,39.0,0.0,0.0,53.0
-0.184,-0.114,0.07,39.0,0.0,0.0,53.0
-0.168,-0.132,0.036,39.0,0.0,0.0,53.0
-0.223,-0.093,0.13,39.0,0.0,0.0,53.0
-0.193,-0.114,0.079,39.0,0.0,0.0,53.0
-0.184,-0.115,0.069,39.0,0.0,0.0,53.0
-0.167,-0.133,0.034,39.0,0.0,0.0,53.0
-0.224,-0.094,0.13,39.0,0.0,0.0,53.0
-0.193,-0.115,0.078,39.0,0.0,0.0,53.0
-0.184,-0.114,0.07,39.0,0.0,0.0,53.0
-0.168,-0.132,0.036,39.0,0.0,0.0,53.0
-0.224,-0.093,0.131,39.0,0.0,0.0,53.0
-0.193,-0.115,0.078,39.0,0.0,0.0,53.0
-0.184,-0.113,0.071,39.0,0.0,0.0,53.0
-0.168,-0.132,0.036,39.0,0.0,0.0,53.0
-0.225,-0.092,0.133,39.0,0.0,0.0,53.0
-0.194,-0.114,0.08,39.0,0.0,0.0,53.0
-0.184,-0.114,0.07,39.0,0.0,0.0,53.0
-0.168,-0.132,0.036,39.0,0.0,0.0,53.0
-0.225,-0.092,0.133,39.0,0.0,0.0,53.0
-0.194,-0.114,0.08,39.0,0.0,0.0,53.0
-0.185,-0.114,0.071,39.0,0.0,0.0,53.0
-0.169,-0.132,0.037,39.0,0.0,0.0,53.0
-0.225,-0.093,0.132,39.0,0.0,0.0,53.0
-0.194,-0.114,0.08,39.0,0.0,0.0,53.0
-0.184,-0.114,0.07,39.0,0.0,0.0,53.0
-0.168,-0.132,0.036,39.0,0.0,0.0,53.0
-0.224,-0.093,0.131,39.0,0.0,0.0,53.0
-0.194,-0.114,0.08,39.0,0.0,0.0,53.0
-0.185,-0.113,0.072,39.0,0.0,0.0,53.0
-0.169,-0.132,0.037,39.0,0.0,0.0,53.0
-0.225,-0.092,0.133,39.0,0.0,0.0,53.0
-0.194,-0.113,0.081,39.0,0.0,0.0,53.0
-0.184,-0.115,0.069,39.0,0.0,0.0,53.0
-0.168,-0.133,0.035,39.0,0.0,0.0,53.0
-0.224,-0.094,0.13,39.0,0.0,0.0,53.0
-0.193,-0.115,0.078,39.0,0.0,0.0,53.0
-0.184,-0.114,0.07,39.0,0.0,0.0,53.0
-0.168,-0.132,0.036,39.0,0.0,0.0,53.0
-0.224,-0.093,0.131,39.0,0.0,0.0,53.0
-0.193,-0.115,0.078,39.0,0.0,0.0,53.0
-0.183,-0.114,0.069,39.0,0.0,0.0,53.0
-0.167,-0.132,0.035,39.0,0.0,0.0,53.0
-0.223,-0.093,0.13,39.0,0.0,0.0,53.0
-0.193,-0.115,0.078,39.0,0.0,0.0,53.0
-0.185,-0.114,0.071,39.0,0.0,0.0,53.0
-0.168,-0.132,0.036,39.0,0.0,0.0,53.0
-0.225,-0.093,0.132,39.0,0.0,0.0,53.0
-0.194,-0.114,0.08,39.0,0.0,0.0,53.0
-0.184,-0.115,0.069,39.0,0.0,0.0,53.0
-0.168,-0.132,0.036,39.0,0.0,0.0,53.0
-0.224,-0.094,0.13,39.0,0.0,0.0,53.0
-0.193,-0.115,0.078,39.0,0.0,0.0,53.0
-0.184,-0.114,0.07,39.0,0.0,0.0,53.0
-0.168,-0.132,0.036,39.0,0.0,0.0,53.0
-0.224,-0.093,0.131,39.0,0.0,0.0,53.0
-0.194,-0.114,0.08,39.0,0.0,0.0,53.0
-0.183,-0.114,0.069,39.0,0.0,0.0,53.0
-0.167,-0.132,0.035,39.0,0.0,0.0,53.0
-0.223,-0.093,0.13,39.0,0.0,0.0,53.0
-0.193,-0.114,0.079,39.0,0.0,0.0,53.0
-0.193,-0.083,0.11,22.0,1.0,0.0,23.0
-0.174,-0.106,0.068,22.0,1.0,0.0,23.0
-0.235,-0.056,0.179,22.0,1.0,0.0,23.0
-0.202,-0.082,0.12,22.0,1.0,0.0,23.0
-0.191,-0.083,0.108,22.0,1.0,0.0,23.0
-0.172,-0.105,0.067,22.0,1.0,0.0,23.0
-0.233,-0.056,0.177,22.0,1.0,0.0,23.0
-0.201,-0.081,0.12,22.0,1.0,0.0,23.0
-0.191,-0.083,0.108,22.0,1.0,0.0,23.0
-0.172,-0.106,0.066,22.0,1.0,0.0,23.0
-0.233,-0.056,0.177,22.0,1.0,0.0,23.0
-0.2,-0.082,0.118,22.0,1.0,0.0,23.0
-0.189,-0.083,0.106,22.0,1.0,0.0,23.0
-0.17,-0.106,0.064,22.0,1.0,0.0,23.0
-0.231,-0.055,0.176,22.0,1.0,0.0,23.0
-0.199,-0.081,0.118,22.0,1.0,0.0,23.0
-0.192,-0.083,0.109,22.0,1.0,0.0,23.0
-0.173,-0.106,0.067,22.0,1.0,0.0,23.0
-0.234,-0.056,0.178,22.0,1.0,0.0,23.0
-0.201,-0.082,0.119,22.0,1.0,0.0,23.0
-0.191,-0.083,0.108,22.0,1.0,0.0,23.0
-0.172,-0.106,0.066,22.0,1.0,0.0,23.0
-0.233,-0.056,0.177,22.0,1.0,0.0,23.0
-0.201,-0.081,0.12,22.0,1.0,0.0,23.0
-0.193,-0.083,0.11,22.0,1.0,0.0,23.0
-0.174,-0.106,0.068,22.0,1.0,0.0,23.0
-0.235,-0.056,0.179,22.0,1.0,0.0,23.0
-0.202,-0.082,0.12,22.0,1.0,0.0,23.0
-0.193,-0.083,0.11,22.0,1.0,0.0,23.0
-0.174,-0.106,0.068,22.0,1.0,0.0,23.0
-0.235,-0.056,0.179,22.0,1.0,0.0,23.0
-0.202,-0.082,0.12,22.0,1.0,0.0,23.0
-0.192,-0.083,0.109,22.0,1.0,0.0,23.0
-0.173,-0.106,0.067,22.0,1.0,0.0,23.0
-0.234,-0.055,0.179,22.0,1.0,0.0,23.0
-0.201,-0.081,0.12,22.0,1.0,0.0,23.0
-0.195,-0.084,0.111,22.0,1.0,0.0,23.0
-0.176,-0.107,0.069,22.0,1.0,0.0,23.0
-0.237,-0.056,0.181,22.0,1.0,0.0,23.0
-0.205,-0.082,0.123,22.0,1.0,0.0,23.0
-0.19,-0.084,0.106,22.0,1.0,0.0,23.0
-0.171,-0.106,0.065,22.0,1.0,0.0,23.0
-0.232,-0.056,0.176,22.0,1.0,0.0,23.0
-0.2,-0.082,0.118,22.0,1.0,0.0,23.0
-0.193,-0.083,0.11,22.0,1.0,0.0,23.0
-0.174,-0.106,0.068,22.0,1.0,0.0,23.0
-0.235,-0.056,0.179,22.0,1.0,0.0,23.0
-0.203,-0.082,0.121,22.0,1.0,0.0,23.0
-0.191,-0.083,0.108,22.0,1.0,0.0,23.0
-0.172,-0.106,0.066,22.0,1.0,0.0,23.0
-0.233,-0.056,0.177,22.0,1.0,0.0,23.0
-0.201,-0.082,0.119,22.0,1.0,0.0,23.0
-0.194,-0.084,0.11,22.0,1.0,0.0,23.0
-0.175,-0.107,0.068,22.0,1.0,0.0,23.0
-0.236,-0.057,0.179,22.0,1.0,0.0,23.0
-0.203,-0.083,0.12,22.0,1.0,0.0,23.0
-0.18,-0.096,0.084,43.0,0.0,0.0,43.0
-0.165,-0.116,0.049,43.0,0.0,0.0,43.0
-0.22,-0.074,0.146,43.0,0.0,0.0,43.0
-0.19,-0.096,0.094,43.0,0.0,0.0,43.0
-0.18,-0.097,0.083,43.0,0.0,0.0,43.0
-0.165,-0.116,0.049,43.0,0.0,0.0,43.0
-0.221,-0.075,0.146,43.0,0.0,0.0,43.0
-0.19,-0.097,0.093,43.0,0.0,0.0,43.0
-0.18,-0.097,0.083,43.0,0.0,0.0,43.0
-0.165,-0.116,0.049,43.0,0.0,0.0,43.0
-0.221,-0.075,0.146,43.0,0.0,0.0,43.0
-0.19,-0.097,0.093,43.0,0.0,0.0,43.0
-0.18,-0.097,0.083,43.0,0.0,0.0,43.0
-0.165,-0.116,0.049,43.0,0.0,0.0,43.0
-0.221,-0.075,0.146,43.0,0.0,0.0,43.0
-0.19,-0.097,0.093,43.0,0.0,0.0,43.0
-0.18,-0.097,0.083,43.0,0.0,0.0,43.0
-0.165,-0.116,0.049,43.0,0.0,0.0,43.0
-0.221,-0.075,0.146,43.0,0.0,0.0,43.0
-0.19,-0.097,0.093,43.0,0.0,0.0,43.0
-0.18,-0.097,0.083,43.0,0.0,0.0,43.0
-0.165,-0.116,0.049,43.0,0.0,0.0,43.0
-0.221,-0.075,0.146,43.0,0.0,0.0,43.0
-0.19,-0.097,0.093,43.0,0.0,0.0,43.0
-0.18,-0.096,0.084,43.0,0.0,0.0,43.0
-0.165,-0.116,0.049,43.0,0.0,0.0,43.0
-0.22,-0.074,0.146,43.0,0.0,0.0,43.0
-0.19,-0.097,0.093,43.0,0.0,0.0,43.0
-0.18,-0.097,0.083,43.0,0.0,0.0,43.0
-0.165,-0.116,0.049,43.0,0.0,0.0,43.0
-0.221,-0.075,0.146,43.0,0.0,0.0,43.0
-0.19,-0.097,0.093,43.0,0.0,0.0,43.0
-0.18,-0.097,0.083,43.0,0.0,0.0,43.0
-0.165,-0.116,0.049,43.0,0.0,0.0,43.0
-0.221,-0.075,0.146,43.0,0.0,0.0,43.0
-0.19,-0.097,0.093,43.0,0.0,0.0,43.0
-0.18,-0.097,0.083,43.0,0.0,0.0,43.0
-0.165,-0.116,0.049,43.0,0.0,0.0,43.0
-0.221,-0.075,0.146,43.0,0.0,0.0,43.0
-0.19,-0.097,0.093,43.0,0.0,0.0,43.0
-0.18,-0.097,0.083,43.0,0.0,0.0,43.0
-0.165,-0.116,0.049,43.0,0.0,0.0,43.0
-0.221,-0.075,0.146,43.0,0.0,0.0,43.0
-0.19,-0.097,0.093,43.0,0.0,0.0,43.0
-0.18,-0.097,0.083,43.0,0.0,0.0,43.0
-0.165,-0.116,0.049,43.0,0.0,0.0,43.0
-0.221,-0.075,0.146,43.0,0.0,0.0,43.0
-0.19,-0.097,0.093,43.0,0.0,0.0,43.0
-0.18,-0.096,0.084,43.0,0.0,0.0,43.0
-0.165,-0.116,0.049,43.0,0.0,0.0,43.0
-0.22,-0.074,0.146,43.0,0.0,0.0,43.0
-0.19,-0.096,0.094,43.0,0.0,0.0,43.0
-0.18,-0.097,0.083,43.0,0.0,0.0,43.0
-0.165,-0.116,0.049,43.0,0.0,0.0,43.0
-0.221,-0.075,0.146,43.0,0.0,0.0,43.0
-0.19,-0.097,0.093,43.0,0.0,0.0,43.0
-0.189,-0.074,0.115,24.0,0.0,0.0,23.0
-0.169,-0.096,0.073,24.0,0.0,0.0,23.0
-0.231,-0.048,0.183,24.0,0.0,0.0,23.0
-0.198,-0.072,0.126,24.0,0.0,0.0,23.0
-0.189,-0.074,0.115,24.0,0.0,0.0,23.0
-0.169,-0.096,0.073,24.0,0.0,0.0,23.0
-0.231,-0.048,0.183,24.0,0.0,0.0,23.0
-0.198,-0.072,0.126,24.0,0.0,0.0,23.0
-0.191,-0.073,0.118,24.0,0.0,0.0,23.0
-0.172,-0.095,0.077,24.0,0.0,0.0,23.0
-0.233,-0.047,0.186,24.0,0.0,0.0,23.0
-0.201,-0.072,0.129,24.0,0.0,0.0,23.0
-0.191,-0.073,0.118,24.0,0.0,0.0,23.0
-0.171,-0.095,0.076,24.0,0.0,0.0,23.0
-0.233,-0.047,0.186,24.0,0.0,0.0,23.0
-0.2,-0.072,0.128,24.0,0.0,0.0,23.0
-0.191,-0.073,0.118,24.0,0.0,0.0,23.0
-0.172,-0.095,0.077,24.0,0.0,0.0,23.0
-0.234,-0.047,0.187,24.0,0.0,0.0,23.0
-0.201,-0.072,0.129,24.0,0.0,0.0,23.0
-0.189,-0.073,0.116,24.0,0.0,0.0,23.0
-0.169,-0.095,0.074,24.0,0.0,0.0,23.0
-0.231,-0.047,0.184,24.0,0.0,0.0,23.0
-0.198,-0.071,0.127,24.0,0.0,0.0,23.0
-0.188,-0.073,0.115,24.0,0.0,0.0,23.0
-0.169,-0.095,0.074,24.0,0.0,0.0,23.0
-0.23,-0.047,0.183,24.0,0.0,0.0,23.0
-0.198,-0.072,0.126,24.0,0.0,0.0,23.0
-0.191,-0.072,0.119,24.0,0.0,0.0,23.0
-0.171,-0.095,0.076,24.0,0.0,0.0,23.0
-0.233,-0.047,0.186,24.0,0.0,0.0,23.0
-0.2,-0.071,0.129,24.0,0.0,0.0,23.0
-0.191,-0.073,0.118,24.0,0.0,0.0,23.0
-0.172,-0.096,0.076,24.0,0.0,0.0,23.0
-0.234,-0.048,0.186,24.0,0.0,0.0,23.0
-0.201,-0.072,0.129,24.0,0.0,0.0,23.0
-0.193,-0.075,0.118,24.0,0.0,0.0,23.0
-0.173,-0.097,0.076,24.0,0.0,0.0,23.0
-0.236,-0.049,0.187,24.0,0.0,0.0,23.0
-0.203,-0.074,0.129,24.0,0.0,0.0,23.0
-0.192,-0.073,0.119,24.0,0.0,0.0,23.0
-0.173,-0.096,0.077,24.0,0.0,0.0,23.0
-0.234,-0.048,0.186,24.0,0.0,0.0,23.0
-0.202,-0.072,0.13,24.0,0.0,0.0,23.0
-0.189,-0.073,0.116,24.0,0.0,0.0,23.0
-0.169,-0.095,0.074,24.0,0.0,0.0,23.0
-0.231,-0.048,0.183,24.0,0.0,0.0,23.0
-0.198,-0.072,0.126,24.0,0.0,0.0,23.0
-0.19,-0.074,0.116,24.0,0.0,0.0,23.0
-0.171,-0.097,0.074,24.0,0.0,0.0,23.0
-0.232,-0.049,0.183,24.0,0.0,0.0,23.0
-0.2,-0.073,0.127,24.0,0.0,0.0,23.0
-0.19,-0.074,0.116,24.0,0.0,0.0,23.0
-0.171,-0.096,0.075,24.0,0.0,0.0,23.0
-0.233,-0.048,0.185,24.0,0.0,0.0,23.0
-0.2,-0.072,0.128,24.0,0.0,0.0,23.0
-0.188,-0.073,0.115,24.0,0.0,0.0,23.0
-0.169,-0.095,0.074,24.0,0.0,0.0,23.0
-0.231,-0.047,0.184,24.0,0.0,0.0,23.0
-0.198,-0.072,0.126,24.0,0.0,0.0,23.0
-0.191,-0.073,0.118,24.0,0.0,0.0,23.0
-0.172,-0.096,0.076,24.0,0.0,0.0,23.0
-0.234,-0.048,0.186,24.0,0.0,0.0,23.0
-0.201,-0.072,0.129,24.0,0.0,0.0,23.0
-0.189,-0.073,0.116,24.0,0.0,0.0,23.0
-0.169,-0.095,0.074,24.0,0.0,0.0,23.0
-0.231,-0.048,0.183,24.0,0.0,0.0,23.0
-0.198,-0.072,0.126,24.0,0.0,0.0,23.0
-0.189,-0.073,0.116,24.0,0.0,0.0,23.0
-0.17,-0.095,0.075,24.0,0.0,0.0,23.0
-0.231,-0.048,0.183,24.0,0.0,0.0,23.0
-0.198,-0.072,0.126,24.0,0.0,0.0,23.0
-0.196,-0.102,0.094,25.0,0.0,2.0,27.0
-0.179,-0.123,0.056,25.0,0.0,2.0,27.0
-0.237,-0.077,0.16,25.0,0.0,2.0,27.0
-0.205,-0.101,0.104,25.0,0.0,2.0,27.0
-0.196,-0.102,0.094,25.0,0.0,2.0,27.0
-0.179,-0.123,0.056,25.0,0.0,2.0,27.0
-0.237,-0.077,0.16,25.0,0.0,2.0,27.0
-0.205,-0.101,0.104,25.0,0.0,2.0,27.0
-0.196,-0.102,0.094,25.0,0.0,2.0,27.0
-0.179,-0.123,0.056,25.0,0.0,2.0,27.0
-0.237,-0.077,0.16,25.0,0.0,2.0,27.0
-0.205,-0.101,0.104,25.0,0.0,2.0,27.0
-0.196,-0.102,0.094,25.0,0.0,2.0,27.0
-0.179,-0.123,0.056,25.0,0.0,2.0,27.0
-0.237,-0.077,0.16,25.0,0.0,2.0,27.0
-0.205,-0.101,0.104,25.0,0.0,2.0,27.0
-0.196,-0.102,0.094,25.0,0.0,2.0,27.0
-0.179,-0.123,0.056,25.0,0.0,2.0,27.0
-0.237,-0.077,0.16,25.0,0.0,2.0,27.0
-0.205,-0.101,0.104,25.0,0.0,2.0,27.0
-0.196,-0.102,0.094,25.0,0.0,2.0,27.0
-0.179,-0.123,0.056,25.0,0.0,2.0,27.0
-0.237,-0.077,0.16,25.0,0.0,2.0,27.0
-0.205,-0.101,0.104,25.0,0.0,2.0,27.0
-0.196,-0.102,0.094,25.0,0.0,2.0,27.0
-0.179,-0.123,0.056,25.0,0.0,2.0,27.0
-0.236,-0.077,0.159,25.0,0.0,2.0,27.0
-0.205,-0.101,0.104,25.0,0.0,2.0,27.0
-0.195,-0.101,0.094,25.0,0.0,2.0,27.0
-0.179,-0.122,0.057,25.0,0.0,2.0,27.0
-0.236,-0.077,0.159,25.0,0.0,2.0,27.0
-0.205,-0.1,0.105,25.0,0.0,2.0,27.0
-0.189,-0.114,0.075,57.0,9.0,2.0,40.0
-0.175,-0.133,0.042,57.0,9.0,2.0,40.0
-0.226,-0.091,0.135,57.0,9.0,2.0,40.0
-0.198,-0.114,0.084,57.0,9.0,2.0,40.0
-0.19,-0.114,0.076,57.0,9.0,2.0,40.0
-0.176,-0.132,0.044,57.0,9.0,2.0,40.0
-0.228,-0.091,0.137,57.0,9.0,2.0,40.0
-0.199,-0.113,0.086,57.0,9.0,2.0,40.0
-0.189,-0.114,0.075,57.0,9.0,2.0,40.0
-0.176,-0.132,0.044,57.0,9.0,2.0,40.0
-0.227,-0.091,0.136,57.0,9.0,2.0,40.0
-0.198,-0.113,0.085,57.0,9.0,2.0,40.0
-0.191,-0.114,0.077,57.0,9.0,2.0,40.0
-0.177,-0.133,0.044,57.0,9.0,2.0,40.0
-0.229,-0.091,0.138,57.0,9.0,2.0,40.0
-0.2,-0.113,0.087,57.0,9.0,2.0,40.0
-0.187,-0.114,0.073,57.0,9.0,2.0,40.0
-0.174,-0.133,0.041,57.0,9.0,2.0,40.0
-0.225,-0.092,0.133,57.0,9.0,2.0,40.0
-0.196,-0.114,0.082,57.0,9.0,2.0,40.0
-0.192,-0.113,0.079,57.0,9.0,2.0,40.0
-0.178,-0.132,0.046,57.0,9.0,2.0,40.0
-0.23,-0.09,0.14,57.0,9.0,2.0,40.0
-0.201,-0.112,0.089,57.0,9.0,2.0,40.0
-0.192,-0.113,0.079,57.0,9.0,2.0,40.0
-0.178,-0.132,0.046,57.0,9.0,2.0,40.0
-0.23,-0.089,0.141,57.0,9.0,2.0,40.0
-0.201,-0.112,0.089,57.0,9.0,2.0,40.0
-0.188,-0.113,0.075,57.0,9.0,2.0,40.0
-0.174,-0.132,0.042,57.0,9.0,2.0,40.0
-0.225,-0.09,0.135,57.0,9.0,2.0,40.0
-0.197,-0.113,0.084,57.0,9.0,2.0,40.0
-0.193,-0.115,0.078,57.0,9.0,2.0,40.0
-0.179,-0.134,0.045,57.0,9.0,2.0,40.0
-0.231,-0.092,0.139,57.0,9.0,2.0,40.0
-0.202,-0.115,0.087,57.0,9.0,2.0,40.0
-0.188,-0.114,0.074,57.0,9.0,2.0,40.0
-0.175,-0.133,0.042,57.0,9.0,2.0,40.0
-0.226,-0.092,0.134,57.0,9.0,2.0,40.0
-0.197,-0.114,0.083,57.0,9.0,2.0,40.0
-0.192,-0.113,0.079,57.0,9.0,2.0,40.0
-0.178,-0.132,0.046,57.0,9.0,2.0,40.0
-0.23,-0.09,0.14,57.0,9.0,2.0,40.0
-0.201,-0.113,0.088,57.0,9.0,2.0,40.0
-0.19,-0.115,0.075,57.0,9.0,2.0,40.0
-0.176,-0.133,0.043,57.0,9.0,2.0,40.0
-0.227,-0.092,0.135,57.0,9.0,2.0,40.0
-0.199,-0.114,0.085,57.0,9.0,2.0,40.0
-0.189,-0.114,0.075,57.0,9.0,2.0,40.0
-0.175,-0.132,0.043,57.0,9.0,2.0,40.0
-0.226,-0.091,0.135,57.0,9.0,2.0,40.0
-0.198,-0.113,0.085,57.0,9.0,2.0,40.0
-0.19,-0.114,0.076,57.0,9.0,2.0,40.0
-0.176,-0.133,0.043,57.0,9.0,2.0,40.0
-0.227,-0.091,0.136,57.0,9.0,2.0,40.0
-0.199,-0.114,0.085,57.0,9.0,2.0,40.0
-0.191,-0.114,0.077,57.0,9.0,2.0,40.0
-0.177,-0.133,0.044,57.0,9.0,2.0,40.0
-0.228,-0.092,0.136,57.0,9.0,2.0,40.0
-0.199,-0.114,0.085,57.0,9.0,2.0,40.0
-0.19,-0.117,0.073,57.0,9.0,2.0,40.0
-0.176,-0.135,0.041,57.0,9.0,2.0,40.0
-0.227,-0.094,0.133,57.0,9.0,2.0,40.0
-0.199,-0.116,0.083,57.0,9.0,2.0,40.0
-0.19,-0.116,0.074,57.0,9.0,2.0,40.0
-0.176,-0.134,0.042,57.0,9.0,2.0,40.0
-0.226,-0.093,0.133,57.0,9.0,2.0,40.0
-0.198,-0.115,0.083,57.0,9.0,2.0,40.0
-0.189,-0.115,0.074,57.0,9.0,2.0,40.0
-0.176,-0.134,0.042,57.0,9.0,2.0,40.0
-0.226,-0.093,0.133,57.0,9.0,2.0,40.0
-0.198,-0.115,0.083,57.0,9.0,2.0,40.0
-0.189,-0.113,0.076,57.0,9.0,2.0,40.0
-0.175,-0.132,0.043,57.0,9.0,2.0,40.0
-0.227,-0.09,0.137,57.0,9.0,2.0,40.0
-0.198,-0.112,0.086,57.0,9.0,2.0,40.0
-0.19,-0.115,0.075,57.0,9.0,2.0,40.0
-0.176,-0.134,0.042,57.0,9.0,2.0,40.0
-0.227,-0.092,0.135,57.0,9.0,2.0,40.0
-0.199,-0.115,0.084,57.0,9.0,2.0,40.0
-0.188,-0.115,0.073,57.0,8.0,2.0,30.0
-0.175,-0.133,0.042,57.0,8.0,2.0,30.0
-0.225,-0.092,0.133,57.0,8.0,2.0,30.0
-0.197,-0.114,0.083,57.0,8.0,2.0,30.0
-0.188,-0.113,0.075,57.0,8.0,2.0,30.0
-0.175,-0.132,0.043,57.0,8.0,2.0,30.0
-0.225,-0.09,0.135,57.0,8.0,2.0,30.0
-0.197,-0.113,0.084,57.0,8.0,2.0,30.0
-0.19,-0.115,0.075,57.0,8.0,2.0,30.0
-0.176,-0.134,0.042,57.0,8.0,2.0,30.0
-0.226,-0.092,0.134,57.0,8.0,2.0,30.0
-0.198,-0.114,0.084,57.0,8.0,2.0,30.0
-0.188,-0.116,0.072,57.0,8.0,2.0,30.0
-0.175,-0.134,0.041,57.0,8.0,2.0,30.0
-0.225,-0.093,0.132,57.0,8.0,2.0,30.0
-0.197,-0.115,0.082,57.0,8.0,2.0,30.0
-0.186,-0.115,0.071,57.0,8.0,2.0,30.0
-0.173,-0.133,0.04,57.0,8.0,2.0,30.0
-0.222,-0.092,0.13,57.0,8.0,2.0,30.0
-0.194,-0.115,0.079,57.0,8.0,2.0,30.0
-0.191,-0.114,0.077,57.0,8.0,2.0,30.0
-0.177,-0.133,0.044,57.0,8.0,2.0,30.0
-0.228,-0.091,0.137,57.0,8.0,2.0,30.0
-0.2,-0.114,0.086,57.0,8.0,2.0,30.0
-0.189,-0.115,0.074,57.0,8.0,2.0,30.0
-0.176,-0.133,0.043,57.0,8.0,2.0,30.0
-0.226,-0.092,0.134,57.0,8.0,2.0,30.0
-0.198,-0.114,0.084,57.0,8.0,2.0,30.0
-0.188,-0.116,0.072,57.0,8.0,2.0,30.0
-0.175,-0.134,0.041,57.0,8.0,2.0,30.0
-0.225,-0.093,0.132,57.0,8.0,2.0,30.0
-0.197,-0.115,0.082,57.0,8.0,2.0,30.0
-0.188,-0.114,0.074,57.0,8.0,2.0,30.0
-0.174,-0.133,0.041,57.0,8.0,2.0,30.0
-0.224,-0.091,0.133,57.0,8.0,2.0,30.0
-0.196,-0.114,0.082,57.0,8.0,2.0,30.0
-0.188,-0.113,0.075,57.0,8.0,2.0,30.0
-0.175,-0.132,0.043,57.0,8.0,2.0,30.0
-0.225,-0.09,0.135,57.0,8.0,2.0,30.0
-0.196,-0.112,0.084,57.0,8.0,2.0,30.0
-0.188,-0.115,0.073,57.0,8.0,2.0,30.0
-0.175,-0.133,0.042,57.0,8.0,2.0,30.0
-0.225,-0.091,0.134,57.0,8.0,2.0,30.0
-0.197,-0.114,0.083,57.0,8.0,2.0,30.0
-0.187,-0.115,0.072,57.0,8.0,2.0,30.0
-0.174,-0.133,0.041,57.0,8.0,2.0,30.0
-0.224,-0.092,0.132,57.0,8.0,2.0,30.0
-0.195,-0.114,0.081,57.0,8.0,2.0,30.0
-0.187,-0.115,0.072,57.0,8.0,2.0,30.0
-0.174,-0.134,0.04,57.0,8.0,2.0,30.0
-0.224,-0.093,0.131,57.0,8.0,2.0,30.0
-0.195,-0.115,0.08,57.0,8.0,2.0,30.0
-0.187,-0.116,0.071,57.0,8.0,2.0,30.0
-0.174,-0.134,0.04,57.0,8.0,2.0,30.0
-0.223,-0.093,0.13,57.0,8.0,2.0,30.0
-0.195,-0.115,0.08,57.0,8.0,2.0,30.0
-0.187,-0.114,0.073,57.0,8.0,2.0,30.0
-0.174,-0.133,0.041,57.0,8.0,2.0,30.0
-0.224,-0.092,0.132,57.0,8.0,2.0,30.0
-0.196,-0.114,0.082,57.0,8.0,2.0,30.0
-0.188,-0.114,0.074,57.0,8.0,2.0,30.0
-0.175,-0.133,0.042,57.0,8.0,2.0,30.0
-0.225,-0.091,0.134,57.0,8.0,2.0,30.0
-0.196,-0.114,0.082,57.0,8.0,2.0,30.0
-0.189,-0.115,0.074,57.0,8.0,2.0,30.0
-0.176,-0.134,0.042,57.0,8.0,2.0,30.0
-0.225,-0.092,0.133,57.0,8.0,2.0,30.0
-0.197,-0.115,0.082,57.0,8.0,2.0,30.0
-0.187,-0.116,0.071,57.0,8.0,2.0,30.0
-0.174,-0.134,0.04,57.0,8.0,2.0,30.0
-0.223,-0.093,0.13,57.0,8.0,2.0,30.0
-0.196,-0.115,0.081,57.0,8.0,2.0,30.0
-0.186,-0.115,0.071,57.0,8.0,2.0,30.0
-0.173,-0.133,0.04,57.0,8.0,2.0,30.0
-0.222,-0.092,0.13,57.0,8.0,2.0,30.0
-0.195,-0.115,0.08,57.0,8.0,2.0,30.0
-0.187,-0.114,0.073,57.0,8.0,2.0,30.0
-0.174,-0.132,0.042,57.0,8.0,2.0,30.0
-0.223,-0.091,0.132,57.0,8.0,2.0,30.0
-0.195,-0.114,0.081,57.0,8.0,2.0,30.0
-0.182,-0.105,0.077,39.0,0.0,0.0,44.0
-0.166,-0.124,0.042,39.0,0.0,0.0,44.0
-0.223,-0.082,0.141,39.0,0.0,0.0,44.0
-0.192,-0.105,0.087,39.0,0.0,0.0,44.0
-0.183,-0.105,0.078,39.0,0.0,0.0,44.0
-0.166,-0.124,0.042,39.0,0.0,0.0,44.0
-0.223,-0.082,0.141,39.0,0.0,0.0,44.0
-0.192,-0.104,0.088,39.0,0.0,0.0,44.0
-0.182,-0.105,0.077,39.0,0.0,0.0,44.0
-0.165,-0.125,0.04,39.0,0.0,0.0,44.0
-0.222,-0.082,0.14,39.0,0.0,0.0,44.0
-0.191,-0.105,0.086,39.0,0.0,0.0,44.0
-0.183,-0.104,0.079,39.0,0.0,0.0,44.0
-0.167,-0.124,0.043,39.0,0.0,0.0,44.0
-0.223,-0.081,0.142,39.0,0.0,0.0,44.0
-0.192,-0.104,0.088,39.0,0.0,0.0,44.0
-0.182,-0.105,0.077,39.0,0.0,0.0,44.0
-0.166,-0.125,0.041,39.0,0.0,0.0,44.0
-0.222,-0.082,0.14,39.0,0.0,0.0,44.0
-0.191,-0.105,0.086,39.0,0.0,0.0,44.0
-0.182,-0.105,0.077,39.0,0.0,0.0,44.0
-0.166,-0.124,0.042,39.0,0.0,0.0,44.0
-0.223,-0.082,0.141,39.0,0.0,0.0,44.0
-0.192,-0.104,0.088,39.0,0.0,0.0,44.0
-0.182,-0.105,0.077,39.0,0.0,0.0,44.0
-0.166,-0.124,0.042,39.0,0.0,0.0,44.0
-0.223,-0.082,0.141,39.0,0.0,0.0,44.0
-0.192,-0.104,0.088,39.0,0.0,0.0,44.0
-0.182,-0.105,0.077,39.0,0.0,0.0,44.0
-0.165,-0.125,0.04,39.0,0.0,0.0,44.0
-0.222,-0.083,0.139,39.0,0.0,0.0,44.0
-0.191,-0.105,0.086,39.0,0.0,0.0,44.0
-0.183,-0.105,0.078,39.0,0.0,0.0,44.0
-0.167,-0.125,0.042,39.0,0.0,0.0,44.0
-0.223,-0.082,0.141,39.0,0.0,0.0,44.0
-0.192,-0.104,0.088,39.0,0.0,0.0,44.0
-0.182,-0.106,0.076,39.0,0.0,0.0,44.0
-0.166,-0.125,0.041,39.0,0.0,0.0,44.0
-0.222,-0.083,0.139,39.0,0.0,0.0,44.0
-0.191,-0.106,0.085,39.0,0.0,0.0,44.0
-0.184,-0.105,0.079,39.0,0.0,0.0,44.0
-0.167,-0.124,0.043,39.0,0.0,0.0,44.0
-0.224,-0.082,0.142,39.0,0.0,0.0,44.0
-0.193,-0.104,0.089,39.0,0.0,0.0,44.0
-0.182,-0.105,0.077,39.0,0.0,0.0,44.0
-0.166,-0.125,0.041,39.0,0.0,0.0,44.0
-0.222,-0.082,0.14,39.0,0.0,0.0,44.0
-0.191,-0.105,0.086,39.0,0.0,0.0,44.0
-0.182,-0.105,0.077,39.0,0.0,0.0,44.0
-0.166,-0.125,0.041,39.0,0.0,0.0,44.0
-0.222,-0.082,0.14,39.0,0.0,0.0,44.0
-0.191,-0.105,0.086,39.0,0.0,0.0,44.0
-0.182,-0.106,0.076,39.0,0.0,0.0,44.0
-0.166,-0.125,0.041,39.0,0.0,0.0,44.0
-0.222,-0.082,0.14,39.0,0.0,0.0,44.0
-0.191,-0.105,0.086,39.0,0.0,0.0,44.0
-0.184,-0.105,0.079,39.0,0.0,0.0,44.0
-0.167,-0.124,0.043,39.0,0.0,0.0,44.0
-0.224,-0.082,0.142,39.0,0.0,0.0,44.0
-0.193,-0.104,0.089,39.0,0.0,0.0,44.0
-0.231,-0.138,0.093,83.0,0.0,0.0,0.0
-0.215,-0.158,0.057,83.0,0.0,0.0,0.0
-0.271,-0.114,0.157,83.0,0.0,0.0,0.0
-0.24,-0.137,0.103,83.0,0.0,0.0,0.0
-0.234,-0.139,0.095,83.0,0.0,0.0,0.0
-0.217,-0.159,0.058,83.0,0.0,0.0,0.0
-0.274,-0.115,0.159,83.0,0.0,0.0,0.0
-0.243,-0.138,0.105,83.0,0.0,0.0,0.0
-0.234,-0.139,0.095,83.0,0.0,0.0,0.0
-0.217,-0.159,0.058,83.0,0.0,0.0,0.0
-0.274,-0.115,0.159,83.0,0.0,0.0,0.0
-0.243,-0.139,0.104,83.0,0.0,0.0,0.0
-0.236,-0.135,0.101,83.0,0.0,0.0,0.0
-0.218,-0.156,0.062,83.0,0.0,0.0,0.0
-0.277,-0.11,0.167,83.0,0.0,0.0,0.0
-0.245,-0.134,0.111,83.0,0.0,0.0,0.0
-0.234,-0.138,0.096,83.0,0.0,0.0,0.0
-0.217,-0.159,0.058,83.0,0.0,0.0,0.0
-0.274,-0.115,0.159,83.0,0.0,0.0,0.0
-0.243,-0.138,0.105,83.0,0.0,0.0,0.0
-0.235,-0.135,0.1,83.0,0.0,0.0,0.0
-0.218,-0.156,0.062,83.0,0.0,0.0,0.0
-0.276,-0.111,0.165,83.0,0.0,0.0,0.0
-0.244,-0.135,0.109,83.0,0.0,0.0,0.0
-0.234,-0.139,0.095,83.0,0.0,0.0,0.0
-0.217,-0.159,0.058,83.0,0.0,0.0,0.0
-0.274,-0.115,0.159,83.0,0.0,0.0,0.0
-0.243,-0.138,0.105,83.0,0.0,0.0,0.0
-0.234,-0.138,0.096,83.0,0.0,0.0,0.0
-0.217,-0.159,0.058,83.0,0.0,0.0,0.0
-0.274,-0.114,0.16,83.0,0.0,0.0,0.0
-0.243,-0.138,0.105,83.0,0.0,0.0,0.0
-0.232,-0.139,0.093,83.0,0.0,0.0,0.0
-0.216,-0.159,0.057,83.0,0.0,0.0,0.0
-0.272,-0.115,0.157,83.0,0.0,0.0,0.0
-0.242,-0.138,0.104,83.0,0.0,0.0,0.0
-0.234,-0.139,0.095,83.0,0.0,0.0,0.0
-0.217,-0.159,0.058,83.0,0.0,0.0,0.0
-0.274,-0.115,0.159,83.0,0.0,0.0,0.0
-0.243,-0.138,0.105,83.0,0.0,0.0,0.0
-0.235,-0.138,0.097,83.0,0.0,0.0,0.0
-0.218,-0.158,0.06,83.0,0.0,0.0,0.0
-0.276,-0.114,0.162,83.0,0.0,0.0,0.0
-0.244,-0.137,0.107,83.0,0.0,0.0,0.0
-0.236,-0.137,0.099,83.0,0.0,0.0,0.0
-0.218,-0.158,0.06,83.0,0.0,0.0,0.0
-0.277,-0.113,0.164,83.0,0.0,0.0,0.0
-0.245,-0.136,0.109,83.0,0.0,0.0,0.0
-0.233,-0.14,0.093,83.0,0.0,0.0,0.0
-0.217,-0.16,0.057,83.0,0.0,0.0,0.0
-0.273,-0.116,0.157,83.0,0.0,0.0,0.0
-0.243,-0.139,0.104,83.0,0.0,0.0,0.0
-0.235,-0.138,0.097,83.0,0.0,0.0,0.0
-0.218,-0.158,0.06,83.0,0.0,0.0,0.0
-0.276,-0.114,0.162,83.0,0.0,0.0,0.0
-0.244,-0.137,0.107,83.0,0.0,0.0,0.0
-0.234,-0.139,0.095,83.0,0.0,0.0,0.0
-0.217,-0.159,0.058,83.0,0.0,0.0,0.0
-0.274,-0.115,0.159,83.0,0.0,0.0,0.0
-0.243,-0.138,0.105,83.0,0.0,0.0,0.0
-0.235,-0.138,0.097,83.0,0.0,0.0,0.0
-0.218,-0.158,0.06,83.0,0.0,0.0,0.0
-0.276,-0.113,0.163,83.0,0.0,0.0,0.0
-0.244,-0.137,0.107,83.0,0.0,0.0,0.0
-0.19,-0.091,0.099,35.0,0.0,0.0,32.0
-0.173,-0.112,0.061,35.0,0.0,0.0,32.0
-0.231,-0.067,0.164,35.0,0.0,0.0,32.0
-0.199,-0.09,0.109,35.0,0.0,0.0,32.0
-0.189,-0.091,0.098,35.0,0.0,0.0,32.0
-0.173,-0.112,0.061,35.0,0.0,0.0,32.0
-0.23,-0.067,0.163,35.0,0.0,0.0,32.0
-0.199,-0.091,0.108,35.0,0.0,0.0,32.0
-0.19,-0.091,0.099,35.0,0.0,0.0,32.0
-0.174,-0.112,0.062,35.0,0.0,0.0,32.0
-0.231,-0.067,0.164,35.0,0.0,0.0,32.0
-0.199,-0.09,0.109,35.0,0.0,0.0,32.0
-0.19,-0.091,0.099,35.0,0.0,0.0,32.0
-0.174,-0.112,0.062,35.0,0.0,0.0,32.0
-0.231,-0.067,0.164,35.0,0.0,0.0,32.0
-0.199,-0.09,0.109,35.0,0.0,0.0,32.0
-0.19,-0.091,0.099,35.0,0.0,0.0,32.0
-0.174,-0.111,0.063,35.0,0.0,0.0,32.0
-0.231,-0.066,0.165,35.0,0.0,0.0,32.0
-0.199,-0.09,0.109,35.0,0.0,0.0,32.0
-0.19,-0.091,0.099,35.0,0.0,0.0,32.0
-0.174,-0.112,0.062,35.0,0.0,0.0,32.0
-0.231,-0.067,0.164,35.0,0.0,0.0,32.0
-0.199,-0.09,0.109,35.0,0.0,0.0,32.0
-0.19,-0.091,0.099,35.0,0.0,0.0,32.0
-0.174,-0.112,0.062,35.0,0.0,0.0,32.0
-0.231,-0.067,0.164,35.0,0.0,0.0,32.0
-0.199,-0.09,0.109,35.0,0.0,0.0,32.0
-0.189,-0.092,0.097,35.0,0.0,0.0,32.0
-0.173,-0.112,0.061,35.0,0.0,0.0,32.0
-0.23,-0.067,0.163,35.0,0.0,0.0,32.0
-0.199,-0.091,0.108,35.0,0.0,0.0,32.0
-0.19,-0.091,0.099,35.0,0.0,0.0,32.0
-0.174,-0.112,0.062,35.0,0.0,0.0,32.0
-0.231,-0.067,0.164,35.0,0.0,0.0,32.0
-0.199,-0.09,0.109,35.0,0.0,0.0,32.0
-0.19,-0.091,0.099,35.0,0.0,0.0,32.0
-0.174,-0.112,0.062,35.0,0.0,0.0,32.0
-0.231,-0.067,0.164,35.0,0.0,0.0,32.0
-0.199,-0.09,0.109,35.0,0.0,0.0,32.0
-0.19,-0.091,0.099,35.0,0.0,0.0,32.0
-0.174,-0.112,0.062,35.0,0.0,0.0,32.0
-0.231,-0.066,0.165,35.0,0.0,0.0,32.0
-0.199,-0.09,0.109,35.0,0.0,0.0,32.0
-0.19,-0.091,0.099,35.0,0.0,0.0,32.0
-0.174,-0.111,0.063,35.0,0.0,0.0,32.0
-0.231,-0.066,0.165,35.0,0.0,0.0,32.0
-0.199,-0.09,0.109,35.0,0.0,0.0,32.0
-0.19,-0.091,0.099,35.0,0.0,0.0,32.0
-0.174,-0.112,0.062,35.0,0.0,0.0,32.0
-0.231,-0.067,0.164,35.0,0.0,0.0,32.0
-0.199,-0.09,0.109,35.0,0.0,0.0,32.0
-0.189,-0.108,0.081,33.0,0.0,0.0,44.0
-0.173,-0.128,0.045,33.0,0.0,0.0,44.0
-0.229,-0.084,0.145,33.0,0.0,0.0,44.0
-0.198,-0.107,0.091,33.0,0.0,0.0,44.0
-0.189,-0.108,0.081,33.0,0.0,0.0,44.0
-0.173,-0.128,0.045,33.0,0.0,0.0,44.0
-0.229,-0.085,0.144,33.0,0.0,0.0,44.0
-0.198,-0.107,0.091,33.0,0.0,0.0,44.0
-0.189,-0.108,0.081,33.0,0.0,0.0,44.0
-0.173,-0.128,0.045,33.0,0.0,0.0,44.0
-0.229,-0.084,0.145,33.0,0.0,0.0,44.0
-0.198,-0.107,0.091,33.0,0.0,0.0,44.0
-0.189,-0.108,0.081,33.0,0.0,0.0,44.0
-0.173,-0.128,0.045,33.0,0.0,0.0,44.0
-0.229,-0.084,0.145,33.0,0.0,0.0,44.0
-0.198,-0.107,0.091,33.0,0.0,0.0,44.0
-0.189,-0.108,0.081,33.0,0.0,0.0,44.0
-0.173,-0.128,0.045,33.0,0.0,0.0,44.0
-0.229,-0.084,0.145,33.0,0.0,0.0,44.0
-0.198,-0.107,0.091,33.0,0.0,0.0,44.0
-0.189,-0.108,0.081,33.0,0.0,0.0,44.0
-0.173,-0.128,0.045,33.0,0.0,0.0,44.0
-0.229,-0.085,0.144,33.0,0.0,0.0,44.0
-0.198,-0.107,0.091,33.0,0.0,0.0,44.0
-0.189,-0.108,0.081,33.0,0.0,0.0,44.0
-0.173,-0.128,0.045,33.0,0.0,0.0,44.0
-0.229,-0.084,0.145,33.0,0.0,0.0,44.0
-0.198,-0.107,0.091,33.0,0.0,0.0,44.0
-0.189,-0.107,0.082,33.0,0.0,0.0,44.0
-0.173,-0.128,0.045,33.0,0.0,0.0,44.0
-0.229,-0.084,0.145,33.0,0.0,0.0,44.0
-0.198,-0.107,0.091,33.0,0.0,0.0,44.0
-0.189,-0.108,0.081,33.0,0.0,0.0,44.0
-0.173,-0.128,0.045,33.0,0.0,0.0,44.0
-0.229,-0.084,0.145,33.0,0.0,0.0,44.0
-0.198,-0.107,0.091,33.0,0.0,0.0,44.0
-0.189,-0.108,0.081,33.0,0.0,0.0,44.0
-0.173,-0.128,0.045,33.0,0.0,0.0,44.0
-0.229,-0.084,0.145,33.0,0.0,0.0,44.0
-0.198,-0.107,0.091,33.0,0.0,0.0,44.0
-0.189,-0.107,0.082,33.0,0.0,0.0,44.0
-0.173,-0.128,0.045,33.0,0.0,0.0,44.0
-0.229,-0.084,0.145,33.0,0.0,0.0,44.0
-0.198,-0.107,0.091,33.0,0.0,0.0,44.0
-0.189,-0.108,0.081,33.0,0.0,0.0,44.0
-0.173,-0.128,0.045,33.0,0.0,0.0,44.0
-0.229,-0.084,0.145,33.0,0.0,0.0,44.0
-0.198,-0.107,0.091,33.0,0.0,0.0,44.0
-0.189,-0.108,0.081,33.0,0.0,0.0,44.0
-0.173,-0.128,0.045,33.0,0.0,0.0,44.0
-0.229,-0.084,0.145,33.0,0.0,0.0,44.0
-0.198,-0.107,0.091,33.0,0.0,0.0,44.0
-0.189,-0.107,0.082,33.0,0.0,0.0,44.0
-0.173,-0.128,0.045,33.0,0.0,0.0,44.0
-0.229,-0.084,0.145,33.0,0.0,0.0,44.0
-0.198,-0.107,0.091,33.0,0.0,0.0,44.0
-0.189,-0.108,0.081,33.0,0.0,0.0,44.0
-0.173,-0.128,0.045,33.0,0.0,0.0,44.0
-0.229,-0.084,0.145,33.0,0.0,0.0,44.0
-0.198,-0.107,0.091,33.0,0.0,0.0,44.0
-0.189,-0.107,0.082,33.0,0.0,0.0,44.0
-0.173,-0.128,0.045,33.0,0.0,0.0,44.0
-0.229,-0.084,0.145,33.0,0.0,0.0,44.0
-0.198,-0.107,0.091,33.0,0.0,0.0,44.0
-0.189,-0.108,0.081,33.0,0.0,0.0,44.0
-0.173,-0.128,0.045,33.0,0.0,0.0,44.0
-0.229,-0.084,0.145,33.0,0.0,0.0,44.0
-0.198,-0.107,0.091,33.0,0.0,0.0,44.0
-0.189,-0.108,0.081,33.0,0.0,0.0,44.0
-0.173,-0.128,0.045,33.0,0.0,0.0,44.0
-0.229,-0.085,0.144,33.0,0.0,0.0,44.0
-0.198,-0.107,0.091,33.0,0.0,0.0,44.0
-0.178,-0.102,0.076,37.0,4.0,0.0,20.0
-0.162,-0.12,0.042,37.0,4.0,0.0,20.0
-0.217,-0.082,0.135,37.0,4.0,0.0,20.0
-0.186,-0.101,0.085,37.0,4.0,0.0,20.0
-0.178,-0.103,0.075,37.0,4.0,0.0,20.0
-0.162,-0.121,0.041,37.0,4.0,0.0,20.0
-0.216,-0.083,0.133,37.0,4.0,0.0,20.0
-0.187,-0.103,0.084,37.0,4.0,0.0,20.0
-0.178,-0.101,0.077,37.0,4.0,0.0,20.0
-0.162,-0.119,0.043,37.0,4.0,0.0,20.0
-0.217,-0.081,0.136,37.0,4.0,0.0,20.0
-0.187,-0.101,0.086,37.0,4.0,0.0,20.0
-0.178,-0.103,0.075,37.0,4.0,0.0,20.0
-0.162,-0.121,0.041,37.0,4.0,0.0,20.0
-0.217,-0.083,0.134,37.0,4.0,0.0,20.0
-0.187,-0.103,0.084,37.0,4.0,0.0,20.0
-0.178,-0.103,0.075,37.0,4.0,0.0,20.0
-0.162,-0.121,0.041,37.0,4.0,0.0,20.0
-0.217,-0.083,0.134,37.0,4.0,0.0,20.0
-0.187,-0.102,0.085,37.0,4.0,0.0,20.0
-0.178,-0.103,0.075,37.0,4.0,0.0,20.0
-0.162,-0.121,0.041,37.0,4.0,0.0,20.0
-0.217,-0.083,0.134,37.0,4.0,0.0,20.0
-0.187,-0.103,0.084,37.0,4.0,0.0,20.0
-0.178,-0.102,0.076,37.0,4.0,0.0,20.0
-0.162,-0.12,0.042,37.0,4.0,0.0,20.0
-0.217,-0.081,0.136,37.0,4.0,0.0,20.0
-0.187,-0.102,0.085,37.0,4.0,0.0,20.0
-0.178,-0.103,0.075,37.0,4.0,0.0,20.0
-0.162,-0.121,0.041,37.0,4.0,0.0,20.0
-0.217,-0.083,0.134,37.0,4.0,0.0,20.0
-0.187,-0.103,0.084,37.0,4.0,0.0,20.0
-0.178,-0.103,0.075,37.0,4.0,0.0,20.0
-0.162,-0.121,0.041,37.0,4.0,0.0,20.0
-0.217,-0.083,0.134,37.0,4.0,0.0,20.0
-0.187,-0.102,0.085,37.0,4.0,0.0,20.0
-0.178,-0.103,0.075,37.0,4.0,0.0,20.0
-0.162,-0.121,0.041,37.0,4.0,0.0,20.0
-0.217,-0.083,0.134,37.0,4.0,0.0,20.0
-0.187,-0.103,0.084,37.0,4.0,0.0,20.0
-0.178,-0.101,0.077,37.0,4.0,0.0,20.0
-0.162,-0.119,0.043,37.0,4.0,0.0,20.0
-0.217,-0.081,0.136,37.0,4.0,0.0,20.0
-0.187,-0.101,0.086,37.0,4.0,0.0,20.0
-0.178,-0.103,0.075,37.0,4.0,0.0,20.0
-0.162,-0.12,0.042,37.0,4.0,0.0,20.0
-0.217,-0.083,0.134,37.0,4.0,0.0,20.0
-0.187,-0.103,0.084,37.0,4.0,0.0,20.0
-0.178,-0.103,0.075,37.0,4.0,0.0,20.0
-0.162,-0.121,0.041,37.0,4.0,0.0,20.0
-0.217,-0.083,0.134,37.0,4.0,0.0,20.0
-0.187,-0.103,0.084,37.0,4.0,0.0,20.0
-0.183,-0.102,0.081,41.0,4.0,0.0,22.0
-0.167,-0.122,0.045,41.0,4.0,0.0,22.0
-0.222,-0.081,0.141,41.0,4.0,0.0,22.0
-0.192,-0.102,0.09,41.0,4.0,0.0,22.0
-0.183,-0.103,0.08,41.0,4.0,0.0,22.0
-0.167,-0.122,0.045,41.0,4.0,0.0,22.0
-0.222,-0.082,0.14,41.0,4.0,0.0,22.0
-0.191,-0.102,0.089,41.0,4.0,0.0,22.0
-0.183,-0.103,0.08,41.0,4.0,0.0,22.0
-0.167,-0.122,0.045,41.0,4.0,0.0,22.0
-0.222,-0.081,0.141,41.0,4.0,0.0,22.0
-0.191,-0.102,0.089,41.0,4.0,0.0,22.0
-0.183,-0.101,0.082,41.0,4.0,0.0,22.0
-0.167,-0.121,0.046,41.0,4.0,0.0,22.0
-0.222,-0.08,0.142,41.0,4.0,0.0,22.0
-0.191,-0.101,0.09,41.0,4.0,0.0,22.0
-0.183,-0.101,0.082,41.0,4.0,0.0,22.0
-0.167,-0.121,0.046,41.0,4.0,0.0,22.0
-0.222,-0.08,0.142,41.0,4.0,0.0,22.0
-0.192,-0.101,0.091,41.0,4.0,0.0,22.0
-0.183,-0.103,0.08,41.0,4.0,0.0,22.0
-0.167,-0.122,0.045,41.0,4.0,0.0,22.0
-0.222,-0.082,0.14,41.0,4.0,0.0,22.0
-0.191,-0.102,0.089,41.0,4.0,0.0,22.0
-0.183,-0.102,0.081,41.0,4.0,0.0,22.0
-0.167,-0.122,0.045,41.0,4.0,0.0,22.0
-0.222,-0.081,0.141,41.0,4.0,0.0,22.0
-0.192,-0.102,0.09,41.0,4.0,0.0,22.0
-0.183,-0.103,0.08,41.0,4.0,0.0,22.0
-0.167,-0.122,0.045,41.0,4.0,0.0,22.0
-0.222,-0.081,0.141,41.0,4.0,0.0,22.0
-0.191,-0.102,0.089,41.0,4.0,0.0,22.0
-0.183,-0.103,0.08,41.0,4.0,0.0,22.0
-0.167,-0.122,0.045,41.0,4.0,0.0,22.0
-0.222,-0.081,0.141,41.0,4.0,0.0,22.0
-0.191,-0.102,0.089,41.0,4.0,0.0,22.0
-0.183,-0.103,0.08,41.0,4.0,0.0,22.0
-0.167,-0.122,0.045,41.0,4.0,0.0,22.0
-0.221,-0.081,0.14,41.0,4.0,0.0,22.0
-0.191,-0.102,0.089,41.0,4.0,0.0,22.0
-0.188,-0.096,0.092,43.0,0.0,0.0,47.0
-0.171,-0.118,0.053,43.0,0.0,0.0,47.0
-0.23,-0.073,0.157,43.0,0.0,0.0,47.0
-0.198,-0.096,0.102,43.0,0.0,0.0,47.0
-0.187,-0.096,0.091,43.0,0.0,0.0,47.0
-0.17,-0.118,0.052,43.0,0.0,0.0,47.0
-0.229,-0.073,0.156,43.0,0.0,0.0,47.0
-0.197,-0.096,0.101,43.0,0.0,0.0,47.0
-0.188,-0.096,0.092,43.0,0.0,0.0,47.0
-0.17,-0.117,0.053,43.0,0.0,0.0,47.0
-0.229,-0.073,0.156,43.0,0.0,0.0,47.0
-0.197,-0.095,0.102,43.0,0.0,0.0,47.0
-0.185,-0.095,0.09,43.0,0.0,0.0,47.0
-0.168,-0.116,0.052,43.0,0.0,0.0,47.0
-0.227,-0.072,0.155,43.0,0.0,0.0,47.0
-0.195,-0.094,0.101,43.0,0.0,0.0,47.0
-0.187,-0.096,0.091,43.0,0.0,0.0,47.0
-0.17,-0.118,0.052,43.0,0.0,0.0,47.0
-0.229,-0.073,0.156,43.0,0.0,0.0,47.0
-0.197,-0.096,0.101,43.0,0.0,0.0,47.0
-0.186,-0.095,0.091,43.0,0.0,0.0,47.0
-0.169,-0.117,0.052,43.0,0.0,0.0,47.0
-0.228,-0.072,0.156,43.0,0.0,0.0,47.0
-0.195,-0.094,0.101,43.0,0.0,0.0,47.0
-0.188,-0.096,0.092,43.0,0.0,0.0,47.0
-0.171,-0.118,0.053,43.0,0.0,0.0,47.0
-0.23,-0.073,0.157,43.0,0.0,0.0,47.0
-0.197,-0.096,0.101,43.0,0.0,0.0,47.0
-0.186,-0.096,0.09,43.0,0.0,0.0,47.0
-0.169,-0.118,0.051,43.0,0.0,0.0,47.0
-0.228,-0.073,0.155,43.0,0.0,0.0,47.0
-0.195,-0.096,0.099,43.0,0.0,0.0,47.0
-0.186,-0.095,0.091,43.0,0.0,0.0,47.0
-0.169,-0.117,0.052,43.0,0.0,0.0,47.0
-0.227,-0.072,0.155,43.0,0.0,0.0,47.0
-0.195,-0.095,0.1,43.0,0.0,0.0,47.0
-0.188,-0.096,0.092,43.0,0.0,0.0,47.0
-0.171,-0.118,0.053,43.0,0.0,0.0,47.0
-0.229,-0.073,0.156,43.0,0.0,0.0,47.0
-0.197,-0.096,0.101,43.0,0.0,0.0,47.0
-0.187,-0.096,0.091,43.0,0.0,0.0,47.0
-0.169,-0.118,0.051,43.0,0.0,0.0,47.0
-0.228,-0.073,0.155,43.0,0.0,0.0,47.0
-0.196,-0.096,0.1,43.0,0.0,0.0,47.0
-0.187,-0.097,0.09,43.0,0.0,0.0,47.0
-0.17,-0.118,0.052,43.0,0.0,0.0,47.0
-0.229,-0.073,0.156,43.0,0.0,0.0,47.0
-0.197,-0.096,0.101,43.0,0.0,0.0,47.0
-0.186,-0.095,0.091,43.0,0.0,0.0,47.0
-0.169,-0.117,0.052,43.0,0.0,0.0,47.0
-0.228,-0.072,0.156,43.0,0.0,0.0,47.0
-0.196,-0.094,0.102,43.0,0.0,0.0,47.0
-0.187,-0.097,0.09,43.0,0.0,0.0,47.0
-0.17,-0.118,0.052,43.0,0.0,0.0,47.0
-0.228,-0.073,0.155,43.0,0.0,0.0,47.0
-0.196,-0.096,0.1,43.0,0.0,0.0,47.0
-0.187,-0.094,0.093,43.0,0.0,0.0,47.0
-0.169,-0.116,0.053,43.0,0.0,0.0,47.0
-0.228,-0.071,0.157,43.0,0.0,0.0,47.0
-0.196,-0.094,0.102,43.0,0.0,0.0,47.0
-0.186,-0.096,0.09,43.0,0.0,0.0,47.0
-0.168,-0.118,0.05,43.0,0.0,0.0,47.0
-0.227,-0.073,0.154,43.0,0.0,0.0,47.0
-0.195,-0.096,0.099,43.0,0.0,0.0,47.0
-0.186,-0.095,0.091,43.0,0.0,0.0,47.0
-0.169,-0.117,0.052,43.0,0.0,0.0,47.0
-0.227,-0.072,0.155,43.0,0.0,0.0,47.0
-0.196,-0.094,0.102,43.0,0.0,0.0,47.0
-0.187,-0.097,0.09,43.0,0.0,0.0,47.0
-0.17,-0.118,0.052,43.0,0.0,0.0,47.0
-0.228,-0.073,0.155,43.0,0.0,0.0,47.0
-0.196,-0.096,0.1,43.0,0.0,0.0,47.0
-0.188,-0.095,0.093,43.0,0.0,0.0,47.0
-0.171,-0.117,0.054,43.0,0.0,0.0,47.0
-0.23,-0.072,0.158,43.0,0.0,0.0,47.0
-0.198,-0.095,0.103,43.0,0.0,0.0,47.0
-0.176,-0.112,0.064,39.0,0.0,0.0,50.0
-0.163,-0.129,0.034,39.0,0.0,0.0,50.0
-0.215,-0.091,0.124,39.0,0.0,0.0,50.0
-0.186,-0.112,0.074,39.0,0.0,0.0,50.0
-0.176,-0.112,0.064,39.0,0.0,0.0,50.0
-0.163,-0.129,0.034,39.0,0.0,0.0,50.0
-0.215,-0.091,0.124,39.0,0.0,0.0,50.0
-0.186,-0.112,0.074,39.0,0.0,0.0,50.0
-0.176,-0.112,0.064,39.0,0.0,0.0,50.0
-0.163,-0.129,0.034,39.0,0.0,0.0,50.0
-0.214,-0.092,0.122,39.0,0.0,0.0,50.0
-0.185,-0.112,0.073,39.0,0.0,0.0,50.0
-0.176,-0.112,0.064,39.0,0.0,0.0,50.0
-0.163,-0.129,0.034,39.0,0.0,0.0,50.0
-0.214,-0.092,0.122,39.0,0.0,0.0,50.0
-0.186,-0.112,0.074,39.0,0.0,0.0,50.0
-0.177,-0.112,0.065,39.0,0.0,0.0,50.0
-0.163,-0.129,0.034,39.0,0.0,0.0,50.0
-0.215,-0.091,0.124,39.0,0.0,0.0,50.0
-0.186,-0.112,0.074,39.0,0.0,0.0,50.0
-0.177,-0.112,0.065,39.0,0.0,0.0,50.0
-0.163,-0.129,0.034,39.0,0.0,0.0,50.0
-0.215,-0.091,0.124,39.0,0.0,0.0,50.0
-0.186,-0.112,0.074,39.0,0.0,0.0,50.0
-0.176,-0.112,0.064,39.0,0.0,0.0,50.0
-0.163,-0.129,0.034,39.0,0.0,0.0,50.0
-0.215,-0.091,0.124,39.0,0.0,0.0,50.0
-0.186,-0.112,0.074,39.0,0.0,0.0,50.0
-0.176,-0.112,0.064,39.0,0.0,0.0,50.0
-0.163,-0.129,0.034,39.0,0.0,0.0,50.0
-0.214,-0.092,0.122,39.0,0.0,0.0,50.0
-0.185,-0.112,0.073,39.0,0.0,0.0,50.0
-0.176,-0.112,0.064,39.0,0.0,0.0,50.0
-0.163,-0.129,0.034,39.0,0.0,0.0,50.0
-0.214,-0.092,0.122,39.0,0.0,0.0,50.0
-0.185,-0.112,0.073,39.0,0.0,0.0,50.0
-0.176,-0.112,0.064,39.0,0.0,0.0,50.0
-0.163,-0.13,0.033,39.0,0.0,0.0,50.0
-0.214,-0.091,0.123,39.0,0.0,0.0,50.0
-0.185,-0.112,0.073,39.0,0.0,0.0,50.0
-0.176,-0.112,0.064,39.0,0.0,0.0,50.0
-0.163,-0.129,0.034,39.0,0.0,0.0,50.0
-0.214,-0.092,0.122,39.0,0.0,0.0,50.0
-0.185,-0.112,0.073,39.0,0.0,0.0,50.0
-0.177,-0.112,0.065,39.0,0.0,0.0,50.0
-0.163,-0.129,0.034,39.0,0.0,0.0,50.0
-0.215,-0.091,0.124,39.0,0.0,0.0,50.0
-0.186,-0.112,0.074,39.0,0.0,0.0,50.0
-0.177,-0.112,0.065,39.0,0.0,0.0,50.0
-0.163,-0.129,0.034,39.0,0.0,0.0,50.0
-0.215,-0.091,0.124,39.0,0.0,0.0,50.0
-0.186,-0.112,0.074,39.0,0.0,0.0,50.0
-0.176,-0.112,0.064,39.0,0.0,0.0,50.0
-0.163,-0.129,0.034,39.0,0.0,0.0,50.0
-0.214,-0.092,0.122,39.0,0.0,0.0,50.0
-0.185,-0.112,0.073,39.0,0.0,0.0,50.0
-0.195,-0.095,0.1,26.0,6.0,0.0,19.0
-0.179,-0.116,0.063,26.0,6.0,0.0,19.0
-0.236,-0.07,0.166,26.0,6.0,0.0,19.0
-0.205,-0.094,0.111,26.0,6.0,0.0,19.0
-0.197,-0.094,0.103,26.0,6.0,0.0,19.0
-0.18,-0.115,0.065,26.0,6.0,0.0,19.0
-0.238,-0.069,0.169,26.0,6.0,0.0,19.0
-0.206,-0.093,0.113,26.0,6.0,0.0,19.0
-0.193,-0.096,0.097,26.0,6.0,0.0,19.0
-0.177,-0.116,0.061,26.0,6.0,0.0,19.0
-0.233,-0.072,0.161,26.0,6.0,0.0,19.0
-0.202,-0.095,0.107,26.0,6.0,0.0,19.0
-0.194,-0.095,0.099,26.0,6.0,0.0,19.0
-0.178,-0.116,0.062,26.0,6.0,0.0,19.0
-0.235,-0.071,0.164,26.0,6.0,0.0,19.0
-0.204,-0.095,0.109,26.0,6.0,0.0,19.0
-0.193,-0.096,0.097,26.0,6.0,0.0,19.0
-0.177,-0.116,0.061,26.0,6.0,0.0,19.0
-0.233,-0.072,0.161,26.0,6.0,0.0,19.0
-0.202,-0.095,0.107,26.0,6.0,0.0,19.0
-0.194,-0.095,0.099,26.0,6.0,0.0,19.0
-0.178,-0.116,0.062,26.0,6.0,0.0,19.0
-0.235,-0.07,0.165,26.0,6.0,0.0,19.0
-0.204,-0.094,0.11,26.0,6.0,0.0,19.0
-0.194,-0.095,0.099,26.0,6.0,0.0,19.0
-0.178,-0.116,0.062,26.0,6.0,0.0,19.0
-0.235,-0.071,0.164,26.0,6.0,0.0,19.0
-0.204,-0.095,0.109,26.0,6.0,0.0,19.0
-0.194,-0.095,0.099,26.0,6.0,0.0,19.0
-0.178,-0.116,0.062,26.0,6.0,0.0,19.0
-0.235,-0.071,0.164,26.0,6.0,0.0,19.0
-0.204,-0.095,0.109,26.0,6.0,0.0,19.0
-0.193,-0.096,0.097,26.0,6.0,0.0,19.0
-0.177,-0.116,0.061,26.0,6.0,0.0,19.0
-0.233,-0.072,0.161,26.0,6.0,0.0,19.0
-0.202,-0.095,0.107,26.0,6.0,0.0,19.0
-0.191,-0.094,0.097,26.0,6.0,0.0,19.0
-0.175,-0.114,0.061,26.0,6.0,0.0,19.0
-0.232,-0.07,0.162,26.0,6.0,0.0,19.0
-0.201,-0.093,0.108,26.0,6.0,0.0,19.0
-0.193,-0.096,0.097,26.0,6.0,0.0,19.0
-0.177,-0.116,0.061,26.0,6.0,0.0,19.0
-0.233,-0.072,0.161,26.0,6.0,0.0,19.0
-0.202,-0.095,0.107,26.0,6.0,0.0,19.0
-0.193,-0.096,0.097,26.0,6.0,0.0,19.0
-0.177,-0.116,0.061,26.0,6.0,0.0,19.0
-0.233,-0.072,0.161,26.0,6.0,0.0,19.0
-0.202,-0.095,0.107,26.0,6.0,0.0,19.0
-0.192,-0.094,0.098,26.0,6.0,0.0,19.0
-0.176,-0.114,0.062,26.0,6.0,0.0,19.0
-0.232,-0.069,0.163,26.0,6.0,0.0,19.0
-0.201,-0.093,0.108,26.0,6.0,0.0,19.0
-0.193,-0.096,0.097,26.0,6.0,0.0,19.0
-0.177,-0.116,0.061,26.0,6.0,0.0,19.0
-0.233,-0.072,0.161,26.0,6.0,0.0,19.0
-0.202,-0.095,0.107,26.0,6.0,0.0,19.0
-0.18,-0.103,0.077,38.0,8.0,0.0,29.0
-0.164,-0.121,0.043,38.0,8.0,0.0,29.0
-0.22,-0.083,0.137,38.0,8.0,0.0,29.0
-0.189,-0.103,0.086,38.0,8.0,0.0,29.0
-0.181,-0.105,0.076,38.0,8.0,0.0,29.0
-0.165,-0.123,0.042,38.0,8.0,0.0,29.0
-0.221,-0.084,0.137,38.0,8.0,0.0,29.0
-0.19,-0.104,0.086,38.0,8.0,0.0,29.0
-0.18,-0.104,0.076,38.0,8.0,0.0,29.0
-0.164,-0.122,0.042,38.0,8.0,0.0,29.0
-0.219,-0.084,0.135,38.0,8.0,0.0,29.0
-0.189,-0.104,0.085,38.0,8.0,0.0,29.0
-0.18,-0.104,0.076,38.0,8.0,0.0,29.0
-0.164,-0.123,0.041,38.0,8.0,0.0,29.0
-0.22,-0.084,0.136,38.0,8.0,0.0,29.0
-0.19,-0.104,0.086,38.0,8.0,0.0,29.0
-0.181,-0.103,0.078,38.0,8.0,0.0,29.0
-0.164,-0.121,0.043,38.0,8.0,0.0,29.0
-0.22,-0.083,0.137,38.0,8.0,0.0,29.0
-0.189,-0.103,0.086,38.0,8.0,0.0,29.0
-0.18,-0.105,0.075,38.0,8.0,0.0,29.0
-0.165,-0.123,0.042,38.0,8.0,0.0,29.0
-0.22,-0.084,0.136,38.0,8.0,0.0,29.0
-0.189,-0.104,0.085,38.0,8.0,0.0,29.0
-0.181,-0.104,0.077,38.0,8.0,0.0,29.0
-0.165,-0.122,0.043,38.0,8.0,0.0,29.0
-0.22,-0.084,0.136,38.0,8.0,0.0,29.0
-0.19,-0.104,0.086,38.0,8.0,0.0,29.0
-0.18,-0.104,0.076,38.0,8.0,0.0,29.0
-0.164,-0.122,0.042,38.0,8.0,0.0,29.0
-0.219,-0.084,0.135,38.0,8.0,0.0,29.0
-0.189,-0.104,0.085,38.0,8.0,0.0,29.0
-0.18,-0.104,0.076,38.0,8.0,0.0,29.0
-0.164,-0.122,0.042,38.0,8.0,0.0,29.0
-0.219,-0.084,0.135,38.0,8.0,0.0,29.0
-0.189,-0.104,0.085,38.0,8.0,0.0,29.0
-0.18,-0.104,0.076,38.0,8.0,0.0,29.0
-0.164,-0.122,0.042,38.0,8.0,0.0,29.0
-0.22,-0.084,0.136,38.0,8.0,0.0,29.0
-0.189,-0.104,0.085,38.0,8.0,0.0,29.0
-0.18,-0.105,0.075,38.0,8.0,0.0,29.0
-0.164,-0.123,0.041,38.0,8.0,0.0,29.0
-0.219,-0.084,0.135,38.0,8.0,0.0,29.0
-0.189,-0.104,0.085,38.0,8.0,0.0,29.0
-0.18,-0.104,0.076,38.0,8.0,0.0,29.0
-0.164,-0.122,0.042,38.0,8.0,0.0,29.0
-0.219,-0.084,0.135,38.0,8.0,0.0,29.0
-0.189,-0.104,0.085,38.0,8.0,0.0,29.0
-0.18,-0.104,0.076,38.0,8.0,0.0,29.0
-0.164,-0.122,0.042,38.0,8.0,0.0,29.0
-0.219,-0.084,0.135,38.0,8.0,0.0,29.0
-0.189,-0.104,0.085,38.0,8.0,0.0,29.0
-0.18,-0.104,0.076,38.0,8.0,0.0,29.0
-0.164,-0.122,0.042,38.0,8.0,0.0,29.0
-0.219,-0.084,0.135,38.0,8.0,0.0,29.0
-0.189,-0.104,0.085,38.0,8.0,0.0,29.0
-0.18,-0.103,0.077,38.0,8.0,0.0,29.0
-0.164,-0.121,0.043,38.0,8.0,0.0,29.0
-0.22,-0.083,0.137,38.0,8.0,0.0,29.0
-0.189,-0.103,0.086,38.0,8.0,0.0,29.0
-0.181,-0.104,0.077,38.0,8.0,0.0,29.0
-0.165,-0.122,0.043,38.0,8.0,0.0,29.0
-0.22,-0.083,0.137,38.0,8.0,0.0,29.0
-0.19,-0.104,0.086,38.0,8.0,0.0,29.0
-0.191,-0.097,0.094,28.0,0.0,0.0,26.0
-0.176,-0.125,0.051,28.0,0.0,0.0,26.0
-0.232,-0.073,0.159,28.0,0.0,0.0,26.0
-0.201,-0.096,0.105,28.0,0.0,0.0,26.0
-0.193,-0.096,0.097,28.0,0.0,0.0,26.0
-0.177,-0.125,0.052,28.0,0.0,0.0,26.0
-0.234,-0.071,0.163,28.0,0.0,0.0,26.0
-0.203,-0.095,0.108,28.0,0.0,0.0,26.0
-0.191,-0.097,0.094,28.0,0.0,0.0,26.0
-0.176,-0.125,0.051,28.0,0.0,0.0,26.0
-0.232,-0.072,0.16,28.0,0.0,0.0,26.0
-0.201,-0.096,0.105,28.0,0.0,0.0,26.0
-0.191,-0.097,0.094,28.0,0.0,0.0,26.0
-0.176,-0.125,0.051,28.0,0.0,0.0,26.0
-0.232,-0.072,0.16,28.0,0.0,0.0,26.0
-0.201,-0.096,0.105,28.0,0.0,0.0,26.0
-0.191,-0.097,0.094,28.0,0.0,0.0,26.0
-0.176,-0.125,0.051,28.0,0.0,0.0,26.0
-0.232,-0.072,0.16,28.0,0.0,0.0,26.0
-0.201,-0.096,0.105,28.0,0.0,0.0,26.0
-0.191,-0.097,0.094,28.0,0.0,0.0,26.0
-0.176,-0.125,0.051,28.0,0.0,0.0,26.0
-0.232,-0.073,0.159,28.0,0.0,0.0,26.0
-0.201,-0.096,0.105,28.0,0.0,0.0,26.0
-0.193,-0.096,0.097,28.0,0.0,0.0,26.0
-0.177,-0.125,0.052,28.0,0.0,0.0,26.0
-0.234,-0.071,0.163,28.0,0.0,0.0,26.0
-0.203,-0.095,0.108,28.0,0.0,0.0,26.0
-0.191,-0.097,0.094,28.0,0.0,0.0,26.0
-0.176,-0.125,0.051,28.0,0.0,0.0,26.0
-0.232,-0.073,0.159,28.0,0.0,0.0,26.0
-0.201,-0.096,0.105,28.0,0.0,0.0,26.0
-0.191,-0.096,0.095,28.0,0.0,0.0,26.0
-0.176,-0.124,0.052,28.0,0.0,0.0,26.0
-0.232,-0.072,0.16,28.0,0.0,0.0,26.0
-0.201,-0.095,0.106,28.0,0.0,0.0,26.0
-0.187,-0.099,0.088,32.0,1.0,0.0,43.0
-0.171,-0.119,0.052,32.0,1.0,0.0,43.0
-0.227,-0.076,0.151,32.0,1.0,0.0,43.0
-0.196,-0.099,0.097,32.0,1.0,0.0,43.0
-0.187,-0.1,0.087,32.0,1.0,0.0,43.0
-0.171,-0.119,0.052,32.0,1.0,0.0,43.0
-0.227,-0.077,0.15,32.0,1.0,0.0,43.0
-0.196,-0.099,0.097,32.0,1.0,0.0,43.0
-0.186,-0.1,0.086,32.0,1.0,0.0,43.0
-0.171,-0.119,0.052,32.0,1.0,0.0,43.0
-0.226,-0.077,0.149,32.0,1.0,0.0,43.0
-0.196,-0.099,0.097,32.0,1.0,0.0,43.0
-0.186,-0.099,0.087,32.0,1.0,0.0,43.0
-0.17,-0.119,0.051,32.0,1.0,0.0,43.0
-0.225,-0.076,0.149,32.0,1.0,0.0,43.0
-0.195,-0.099,0.096,32.0,1.0,0.0,43.0
-0.186,-0.099,0.087,32.0,1.0,0.0,43.0
-0.17,-0.119,0.051,32.0,1.0,0.0,43.0
-0.225,-0.076,0.149,32.0,1.0,0.0,43.0
-0.195,-0.099,0.096,32.0,1.0,0.0,43.0
-0.187,-0.1,0.087,32.0,1.0,0.0,43.0
-0.171,-0.119,0.052,32.0,1.0,0.0,43.0
-0.226,-0.078,0.148,32.0,1.0,0.0,43.0
-0.196,-0.1,0.096,32.0,1.0,0.0,43.0
-0.185,-0.099,0.086,32.0,1.0,0.0,43.0
-0.17,-0.119,0.051,32.0,1.0,0.0,43.0
-0.225,-0.076,0.149,32.0,1.0,0.0,43.0
-0.195,-0.099,0.096,32.0,1.0,0.0,43.0
-0.187,-0.099,0.088,32.0,1.0,0.0,43.0
-0.171,-0.119,0.052,32.0,1.0,0.0,43.0
-0.227,-0.077,0.15,32.0,1.0,0.0,43.0
-0.196,-0.099,0.097,32.0,1.0,0.0,43.0
-0.187,-0.1,0.087,32.0,1.0,0.0,43.0
-0.171,-0.119,0.052,32.0,1.0,0.0,43.0
-0.227,-0.077,0.15,32.0,1.0,0.0,43.0
-0.196,-0.099,0.097,32.0,1.0,0.0,43.0
-0.187,-0.099,0.088,32.0,1.0,0.0,43.0
-0.171,-0.119,0.052,32.0,1.0,0.0,43.0
-0.227,-0.077,0.15,32.0,1.0,0.0,43.0
-0.196,-0.099,0.097,32.0,1.0,0.0,43.0
-0.187,-0.1,0.087,32.0,1.0,0.0,43.0
-0.171,-0.119,0.052,32.0,1.0,0.0,43.0
-0.226,-0.077,0.149,32.0,1.0,0.0,43.0
-0.196,-0.1,0.096,32.0,1.0,0.0,43.0
-0.187,-0.099,0.088,32.0,1.0,0.0,43.0
-0.171,-0.119,0.052,32.0,1.0,0.0,43.0
-0.227,-0.077,0.15,32.0,1.0,0.0,43.0
-0.197,-0.099,0.098,32.0,1.0,0.0,43.0
-0.186,-0.099,0.087,32.0,1.0,0.0,43.0
-0.171,-0.119,0.052,32.0,1.0,0.0,43.0
-0.226,-0.077,0.149,32.0,1.0,0.0,43.0
-0.196,-0.099,0.097,32.0,1.0,0.0,43.0
-0.187,-0.099,0.088,32.0,1.0,0.0,43.0
-0.171,-0.118,0.053,32.0,1.0,0.0,43.0
-0.226,-0.076,0.15,32.0,1.0,0.0,43.0
-0.196,-0.098,0.098,32.0,1.0,0.0,43.0
-0.193,-0.104,0.089,22.0,0.0,0.0,36.0
-0.178,-0.128,0.05,22.0,0.0,0.0,36.0
-0.234,-0.079,0.155,22.0,0.0,0.0,36.0
-0.202,-0.103,0.099,22.0,0.0,0.0,36.0
-0.193,-0.104,0.089,22.0,0.0,0.0,36.0
-0.178,-0.128,0.05,22.0,0.0,0.0,36.0
-0.234,-0.079,0.155,22.0,0.0,0.0,36.0
-0.202,-0.103,0.099,22.0,0.0,0.0,36.0
-0.192,-0.104,0.088,22.0,0.0,0.0,36.0
-0.177,-0.127,0.05,22.0,0.0,0.0,36.0
-0.233,-0.078,0.155,22.0,0.0,0.0,36.0
-0.202,-0.103,0.099,22.0,0.0,0.0,36.0
-0.193,-0.104,0.089,22.0,0.0,0.0,36.0
-0.177,-0.127,0.05,22.0,0.0,0.0,36.0
-0.234,-0.078,0.156,22.0,0.0,0.0,36.0
-0.202,-0.103,0.099,22.0,0.0,0.0,36.0
-0.192,-0.105,0.087,22.0,0.0,0.0,36.0
-0.177,-0.128,0.049,22.0,0.0,0.0,36.0
-0.233,-0.079,0.154,22.0,0.0,0.0,36.0
-0.202,-0.103,0.099,22.0,0.0,0.0,36.0
-0.192,-0.105,0.087,22.0,0.0,0.0,36.0
-0.177,-0.128,0.049,22.0,0.0,0.0,36.0
-0.233,-0.079,0.154,22.0,0.0,0.0,36.0
-0.202,-0.103,0.099,22.0,0.0,0.0,36.0
-0.192,-0.105,0.087,22.0,0.0,0.0,36.0
-0.177,-0.128,0.049,22.0,0.0,0.0,36.0
-0.233,-0.079,0.154,22.0,0.0,0.0,36.0
-0.202,-0.103,0.099,22.0,0.0,0.0,36.0
-0.193,-0.105,0.088,22.0,0.0,0.0,36.0
-0.177,-0.128,0.049,22.0,0.0,0.0,36.0
-0.234,-0.079,0.155,22.0,0.0,0.0,36.0
-0.202,-0.103,0.099,22.0,0.0,0.0,36.0
-0.193,-0.104,0.089,22.0,0.0,0.0,36.0
-0.177,-0.128,0.049,22.0,0.0,0.0,36.0
-0.234,-0.079,0.155,22.0,0.0,0.0,36.0
-0.202,-0.103,0.099,22.0,0.0,0.0,36.0
-0.192,-0.104,0.088,22.0,0.0,0.0,36.0
-0.177,-0.127,0.05,22.0,0.0,0.0,36.0
-0.233,-0.078,0.155,22.0,0.0,0.0,36.0
-0.202,-0.103,0.099,22.0,0.0,0.0,36.0
-0.193,-0.104,0.089,22.0,0.0,0.0,36.0
-0.177,-0.127,0.05,22.0,0.0,0.0,36.0
-0.234,-0.078,0.156,22.0,0.0,0.0,36.0
-0.202,-0.103,0.099,22.0,0.0,0.0,36.0
-0.193,-0.105,0.088,22.0,0.0,0.0,36.0
-0.177,-0.128,0.049,22.0,0.0,0.0,36.0
-0.234,-0.079,0.155,22.0,0.0,0.0,36.0
-0.202,-0.103,0.099,22.0,0.0,0.0,36.0
-0.193,-0.105,0.088,22.0,0.0,0.0,36.0
-0.178,-0.128,0.05,22.0,0.0,0.0,36.0
-0.234,-0.079,0.155,22.0,0.0,0.0,36.0
-0.202,-0.103,0.099,22.0,0.0,0.0,36.0
-0.193,-0.104,0.089,22.0,0.0,0.0,36.0
-0.177,-0.127,0.05,22.0,0.0,0.0,36.0
-0.234,-0.078,0.156,22.0,0.0,0.0,36.0
-0.202,-0.103,0.099,22.0,0.0,0.0,36.0
-0.179,-0.086,0.093,48.0,0.0,0.0,55.0
-0.162,-0.106,0.056,48.0,0.0,0.0,55.0
-0.22,-0.064,0.156,48.0,0.0,0.0,55.0
-0.188,-0.085,0.103,48.0,0.0,0.0,55.0
-0.178,-0.087,0.091,48.0,0.0,0.0,55.0
-0.162,-0.107,0.055,48.0,0.0,0.0,55.0
-0.219,-0.064,0.155,48.0,0.0,0.0,55.0
-0.187,-0.086,0.101,48.0,0.0,0.0,55.0
-0.178,-0.087,0.091,48.0,0.0,0.0,55.0
-0.162,-0.108,0.054,48.0,0.0,0.0,55.0
-0.219,-0.065,0.154,48.0,0.0,0.0,55.0
-0.187,-0.087,0.1,48.0,0.0,0.0,55.0
-0.179,-0.087,0.092,48.0,0.0,0.0,55.0
-0.162,-0.107,0.055,48.0,0.0,0.0,55.0
-0.219,-0.064,0.155,48.0,0.0,0.0,55.0
-0.188,-0.086,0.102,48.0,0.0,0.0,55.0
-0.178,-0.087,0.091,48.0,0.0,0.0,55.0
-0.162,-0.107,0.055,48.0,0.0,0.0,55.0
-0.219,-0.065,0.154,48.0,0.0,0.0,55.0
-0.187,-0.087,0.1,48.0,0.0,0.0,55.0
-0.179,-0.087,0.092,48.0,0.0,0.0,55.0
-0.162,-0.107,0.055,48.0,0.0,0.0,55.0
-0.219,-0.064,0.155,48.0,0.0,0.0,55.0
-0.187,-0.086,0.101,48.0,0.0,0.0,55.0
-0.178,-0.087,0.091,48.0,0.0,0.0,55.0
-0.162,-0.107,0.055,48.0,0.0,0.0,55.0
-0.219,-0.064,0.155,48.0,0.0,0.0,55.0
-0.188,-0.086,0.102,48.0,0.0,0.0,55.0
-0.179,-0.085,0.094,48.0,0.0,0.0,55.0
-0.162,-0.106,0.056,48.0,0.0,0.0,55.0
-0.22,-0.062,0.158,48.0,0.0,0.0,55.0
-0.188,-0.084,0.104,48.0,0.0,0.0,55.0
-0.178,-0.087,0.091,48.0,0.0,0.0,55.0
-0.162,-0.107,0.055,48.0,0.0,0.0,55.0
-0.219,-0.064,0.155,48.0,0.0,0.0,55.0
-0.187,-0.086,0.101,48.0,0.0,0.0,55.0
-0.179,-0.088,0.091,48.0,0.0,0.0,55.0
-0.162,-0.108,0.054,48.0,0.0,0.0,55.0
-0.219,-0.065,0.154,48.0,0.0,0.0,55.0
-0.188,-0.087,0.101,48.0,0.0,0.0,55.0
-0.179,-0.087,0.092,48.0,0.0,0.0,55.0
-0.162,-0.107,0.055,48.0,0.0,0.0,55.0
-0.22,-0.065,0.155,48.0,0.0,0.0,55.0
-0.188,-0.087,0.101,48.0,0.0,0.0,55.0
-0.178,-0.087,0.091,48.0,0.0,0.0,55.0
-0.162,-0.107,0.055,48.0,0.0,0.0,55.0
-0.219,-0.064,0.155,48.0,0.0,0.0,55.0
-0.187,-0.086,0.101,48.0,0.0,0.0,55.0
-0.179,-0.088,0.091,48.0,0.0,0.0,55.0
-0.162,-0.108,0.054,48.0,0.0,0.0,55.0
-0.219,-0.065,0.154,48.0,0.0,0.0,55.0
-0.188,-0.087,0.101,48.0,0.0,0.0,55.0
-0.179,-0.087,0.092,48.0,0.0,0.0,55.0
-0.162,-0.107,0.055,48.0,0.0,0.0,55.0
-0.219,-0.065,0.154,48.0,0.0,0.0,55.0
-0.187,-0.086,0.101,48.0,0.0,0.0,55.0
-0.178,-0.087,0.091,48.0,0.0,0.0,55.0
-0.162,-0.107,0.055,48.0,0.0,0.0,55.0
-0.219,-0.064,0.155,48.0,0.0,0.0,55.0
-0.187,-0.086,0.101,48.0,0.0,0.0,55.0
-0.178,-0.087,0.091,48.0,0.0,0.0,55.0
-0.162,-0.107,0.055,48.0,0.0,0.0,55.0
-0.219,-0.064,0.155,48.0,0.0,0.0,55.0
-0.188,-0.087,0.101,48.0,0.0,0.0,55.0
-0.179,-0.087,0.092,48.0,0.0,0.0,55.0
-0.162,-0.107,0.055,48.0,0.0,0.0,55.0
-0.219,-0.064,0.155,48.0,0.0,0.0,55.0
-0.188,-0.086,0.102,48.0,0.0,0.0,55.0
-0.194,-0.106,0.088,19.0,0.0,0.0,20.0
-0.175,-0.125,0.05,19.0,0.0,0.0,20.0
-0.236,-0.082,0.154,19.0,0.0,0.0,20.0
-0.204,-0.106,0.098,19.0,0.0,0.0,20.0
-0.194,-0.107,0.087,19.0,0.0,0.0,20.0
-0.175,-0.126,0.049,19.0,0.0,0.0,20.0
-0.236,-0.082,0.154,19.0,0.0,0.0,20.0
-0.203,-0.106,0.097,19.0,0.0,0.0,20.0
-0.194,-0.107,0.087,19.0,0.0,0.0,20.0
-0.174,-0.126,0.048,19.0,0.0,0.0,20.0
-0.236,-0.083,0.153,19.0,0.0,0.0,20.0
-0.203,-0.106,0.097,19.0,0.0,0.0,20.0
-0.188,-0.1,0.088,36.0,0.0,0.0,32.0
-0.172,-0.121,0.051,36.0,0.0,0.0,32.0
-0.229,-0.076,0.153,36.0,0.0,0.0,32.0
-0.198,-0.099,0.099,36.0,0.0,0.0,32.0
-0.188,-0.1,0.088,36.0,0.0,0.0,32.0
-0.172,-0.121,0.051,36.0,0.0,0.0,32.0
-0.229,-0.076,0.153,36.0,0.0,0.0,32.0
-0.198,-0.099,0.099,36.0,0.0,0.0,32.0
-0.188,-0.1,0.088,36.0,0.0,0.0,32.0
-0.172,-0.12,0.052,36.0,0.0,0.0,32.0
-0.229,-0.075,0.154,36.0,0.0,0.0,32.0
-0.198,-0.099,0.099,36.0,0.0,0.0,32.0
-0.189,-0.1,0.089,36.0,0.0,0.0,32.0
-0.173,-0.121,0.052,36.0,0.0,0.0,32.0
-0.229,-0.075,0.154,36.0,0.0,0.0,32.0
-0.198,-0.099,0.099,36.0,0.0,0.0,32.0
-0.188,-0.1,0.088,36.0,0.0,0.0,32.0
-0.173,-0.12,0.053,36.0,0.0,0.0,32.0
-0.229,-0.076,0.153,36.0,0.0,0.0,32.0
-0.198,-0.099,0.099,36.0,0.0,0.0,32.0
-0.188,-0.1,0.088,36.0,0.0,0.0,32.0
-0.172,-0.121,0.051,36.0,0.0,0.0,32.0
-0.229,-0.076,0.153,36.0,0.0,0.0,32.0
-0.197,-0.099,0.098,36.0,0.0,0.0,32.0
-0.189,-0.1,0.089,36.0,0.0,0.0,32.0
-0.173,-0.12,0.053,36.0,0.0,0.0,32.0
-0.229,-0.076,0.153,36.0,0.0,0.0,32.0
-0.198,-0.099,0.099,36.0,0.0,0.0,32.0
-0.188,-0.1,0.088,36.0,0.0,0.0,32.0
-0.172,-0.121,0.051,36.0,0.0,0.0,32.0
-0.229,-0.076,0.153,36.0,0.0,0.0,32.0
-0.198,-0.099,0.099,36.0,0.0,0.0,32.0
-0.189,-0.1,0.089,36.0,0.0,0.0,32.0
-0.173,-0.121,0.052,36.0,0.0,0.0,32.0
-0.229,-0.076,0.153,36.0,0.0,0.0,32.0
-0.198,-0.099,0.099,36.0,0.0,0.0,32.0
-0.189,-0.1,0.089,36.0,0.0,0.0,32.0
-0.173,-0.121,0.052,36.0,0.0,0.0,32.0
-0.229,-0.076,0.153,36.0,0.0,0.0,32.0
-0.198,-0.099,0.099,36.0,0.0,0.0,32.0
-0.188,-0.1,0.088,36.0,0.0,0.0,32.0
-0.172,-0.12,0.052,36.0,0.0,0.0,32.0
-0.229,-0.076,0.153,36.0,0.0,0.0,32.0
-0.197,-0.099,0.098,36.0,0.0,0.0,32.0
-0.188,-0.1,0.088,36.0,0.0,0.0,32.0
-0.172,-0.121,0.051,36.0,0.0,0.0,32.0
-0.229,-0.076,0.153,36.0,0.0,0.0,32.0
-0.197,-0.099,0.098,36.0,0.0,0.0,32.0
-0.188,-0.1,0.088,36.0,0.0,0.0,32.0
-0.172,-0.121,0.051,36.0,0.0,0.0,32.0
-0.229,-0.076,0.153,36.0,0.0,0.0,32.0
-0.198,-0.099,0.099,36.0,0.0,0.0,32.0
-0.189,-0.1,0.089,36.0,0.0,0.0,32.0
-0.173,-0.121,0.052,36.0,0.0,0.0,32.0
-0.23,-0.075,0.155,36.0,0.0,0.0,32.0
-0.198,-0.099,0.099,36.0,0.0,0.0,32.0
-0.188,-0.1,0.088,36.0,0.0,0.0,32.0
-0.173,-0.121,0.052,36.0,0.0,0.0,32.0
-0.229,-0.075,0.154,36.0,0.0,0.0,32.0
-0.198,-0.099,0.099,36.0,0.0,0.0,32.0
-0.182,-0.1,0.082,26.0,4.0,0.0,15.0
-0.165,-0.119,0.046,26.0,4.0,0.0,15.0
-0.22,-0.077,0.143,26.0,4.0,0.0,15.0
-0.19,-0.099,0.091,26.0,4.0,0.0,15.0
-0.182,-0.1,0.082,26.0,4.0,0.0,15.0
-0.165,-0.119,0.046,26.0,4.0,0.0,15.0
-0.221,-0.078,0.143,26.0,4.0,0.0,15.0
-0.19,-0.099,0.091,26.0,4.0,0.0,15.0
-0.182,-0.1,0.082,26.0,4.0,0.0,15.0
-0.165,-0.119,0.046,26.0,4.0,0.0,15.0
-0.22,-0.077,0.143,26.0,4.0,0.0,15.0
-0.19,-0.099,0.091,26.0,4.0,0.0,15.0
-0.179,-0.103,0.076,32.0,8.0,0.0,19.0
-0.163,-0.12,0.043,32.0,8.0,0.0,19.0
-0.218,-0.083,0.135,32.0,8.0,0.0,19.0
-0.188,-0.102,0.086,32.0,8.0,0.0,19.0
-0.179,-0.104,0.075,32.0,8.0,0.0,19.0
-0.163,-0.121,0.042,32.0,8.0,0.0,19.0
-0.217,-0.084,0.133,32.0,8.0,0.0,19.0
-0.187,-0.104,0.083,32.0,8.0,0.0,19.0
-0.179,-0.105,0.074,32.0,8.0,0.0,19.0
-0.163,-0.122,0.041,32.0,8.0,0.0,19.0
-0.217,-0.085,0.132,32.0,8.0,0.0,19.0
-0.187,-0.105,0.082,32.0,8.0,0.0,19.0
-0.179,-0.105,0.074,32.0,8.0,0.0,19.0
-0.163,-0.122,0.041,32.0,8.0,0.0,19.0
-0.217,-0.085,0.132,32.0,8.0,0.0,19.0
-0.187,-0.105,0.082,32.0,8.0,0.0,19.0
-0.178,-0.105,0.073,32.0,8.0,0.0,19.0
-0.163,-0.122,0.041,32.0,8.0,0.0,19.0
-0.217,-0.085,0.132,32.0,8.0,0.0,19.0
-0.187,-0.105,0.082,32.0,8.0,0.0,19.0
-0.179,-0.103,0.076,32.0,8.0,0.0,19.0
-0.163,-0.121,0.042,32.0,8.0,0.0,19.0
-0.217,-0.083,0.134,32.0,8.0,0.0,19.0
-0.187,-0.103,0.084,32.0,8.0,0.0,19.0
-0.178,-0.105,0.073,32.0,8.0,0.0,19.0
-0.163,-0.122,0.041,32.0,8.0,0.0,19.0
-0.217,-0.084,0.133,32.0,8.0,0.0,19.0
-0.187,-0.104,0.083,32.0,8.0,0.0,19.0
-0.179,-0.105,0.074,32.0,8.0,0.0,19.0
-0.163,-0.122,0.041,32.0,8.0,0.0,19.0
-0.217,-0.085,0.132,32.0,8.0,0.0,19.0
-0.187,-0.105,0.082,32.0,8.0,0.0,19.0
-0.179,-0.105,0.074,32.0,8.0,0.0,19.0
-0.163,-0.122,0.041,32.0,8.0,0.0,19.0
-0.217,-0.085,0.132,32.0,8.0,0.0,19.0
-0.187,-0.105,0.082,32.0,8.0,0.0,19.0
-0.179,-0.104,0.075,32.0,8.0,0.0,19.0
-0.163,-0.122,0.041,32.0,8.0,0.0,19.0
-0.217,-0.084,0.133,32.0,8.0,0.0,19.0
-0.187,-0.104,0.083,32.0,8.0,0.0,19.0
-0.179,-0.105,0.074,32.0,8.0,0.0,19.0
-0.163,-0.122,0.041,32.0,8.0,0.0,19.0
-0.217,-0.085,0.132,32.0,8.0,0.0,19.0
-0.187,-0.105,0.082,32.0,8.0,0.0,19.0
-0.179,-0.104,0.075,32.0,8.0,0.0,19.0
-0.163,-0.121,0.042,32.0,8.0,0.0,19.0
-0.217,-0.084,0.133,32.0,8.0,0.0,19.0
-0.187,-0.104,0.083,32.0,8.0,0.0,19.0
-0.178,-0.105,0.073,32.0,8.0,0.0,19.0
-0.163,-0.122,0.041,32.0,8.0,0.0,19.0
-0.217,-0.085,0.132,32.0,8.0,0.0,19.0
-0.187,-0.105,0.082,32.0,8.0,0.0,19.0
-0.179,-0.103,0.076,32.0,8.0,0.0,19.0
-0.163,-0.12,0.043,32.0,8.0,0.0,19.0
-0.218,-0.083,0.135,32.0,8.0,0.0,19.0
-0.187,-0.102,0.085,32.0,8.0,0.0,19.0
-0.179,-0.104,0.075,32.0,8.0,0.0,19.0
-0.163,-0.121,0.042,32.0,8.0,0.0,19.0
-0.217,-0.084,0.133,32.0,8.0,0.0,19.0
-0.187,-0.104,0.083,32.0,8.0,0.0,19.0
-0.179,-0.104,0.075,32.0,8.0,0.0,19.0
-0.163,-0.121,0.042,32.0,8.0,0.0,19.0
-0.217,-0.084,0.133,32.0,8.0,0.0,19.0
-0.187,-0.104,0.083,32.0,8.0,0.0,19.0
-0.19,-0.106,0.084,31.0,0.0,0.0,34.0
-0.173,-0.125,0.048,31.0,0.0,0.0,34.0
-0.231,-0.083,0.148,31.0,0.0,0.0,34.0
-0.2,-0.106,0.094,31.0,0.0,0.0,34.0
-0.19,-0.106,0.084,31.0,0.0,0.0,34.0
-0.172,-0.125,0.047,31.0,0.0,0.0,34.0
-0.231,-0.083,0.148,31.0,0.0,0.0,34.0
-0.199,-0.105,0.094,31.0,0.0,0.0,34.0
-0.189,-0.106,0.083,31.0,0.0,0.0,34.0
-0.172,-0.125,0.047,31.0,0.0,0.0,34.0
-0.23,-0.083,0.147,31.0,0.0,0.0,34.0
-0.199,-0.105,0.094,31.0,0.0,0.0,34.0
-0.19,-0.106,0.084,31.0,0.0,0.0,34.0
-0.172,-0.125,0.047,31.0,0.0,0.0,34.0
-0.231,-0.083,0.148,31.0,0.0,0.0,34.0
-0.199,-0.105,0.094,31.0,0.0,0.0,34.0
-0.184,-0.104,0.08,31.0,0.0,0.0,34.0
-0.166,-0.123,0.043,31.0,0.0,0.0,34.0
-0.225,-0.081,0.144,31.0,0.0,0.0,34.0
-0.194,-0.104,0.09,31.0,0.0,0.0,34.0
-0.19,-0.106,0.084,31.0,0.0,0.0,34.0
-0.173,-0.125,0.048,31.0,0.0,0.0,34.0
-0.231,-0.083,0.148,31.0,0.0,0.0,34.0
-0.2,-0.105,0.095,31.0,0.0,0.0,34.0
-0.189,-0.106,0.083,31.0,0.0,0.0,34.0
-0.171,-0.125,0.046,31.0,0.0,0.0,34.0
-0.23,-0.083,0.147,31.0,0.0,0.0,34.0
-0.198,-0.105,0.093,31.0,0.0,0.0,34.0
-0.183,-0.104,0.079,31.0,0.0,0.0,34.0
-0.165,-0.123,0.042,31.0,0.0,0.0,34.0
-0.224,-0.081,0.143,31.0,0.0,0.0,34.0
-0.192,-0.103,0.089,31.0,0.0,0.0,34.0
-0.189,-0.106,0.083,31.0,0.0,0.0,34.0
-0.172,-0.125,0.047,31.0,0.0,0.0,34.0
-0.23,-0.083,0.147,31.0,0.0,0.0,34.0
-0.199,-0.105,0.094,31.0,0.0,0.0,34.0
-0.189,-0.106,0.083,31.0,0.0,0.0,34.0
-0.171,-0.125,0.046,31.0,0.0,0.0,34.0
-0.23,-0.083,0.147,31.0,0.0,0.0,34.0
-0.198,-0.105,0.093,31.0,0.0,0.0,34.0
-0.189,-0.106,0.083,31.0,0.0,0.0,34.0
-0.171,-0.125,0.046,31.0,0.0,0.0,34.0
-0.23,-0.083,0.147,31.0,0.0,0.0,34.0
-0.198,-0.105,0.093,31.0,0.0,0.0,34.0
-0.189,-0.106,0.083,31.0,0.0,0.0,34.0
-0.171,-0.125,0.046,31.0,0.0,0.0,34.0
-0.23,-0.082,0.148,31.0,0.0,0.0,34.0
-0.198,-0.105,0.093,31.0,0.0,0.0,34.0
-0.19,-0.106,0.084,31.0,0.0,0.0,34.0
-0.173,-0.125,0.048,31.0,0.0,0.0,34.0
-0.231,-0.083,0.148,31.0,0.0,0.0,34.0
-0.199,-0.105,0.094,31.0,0.0,0.0,34.0
-0.189,-0.106,0.083,31.0,0.0,0.0,34.0
-0.172,-0.125,0.047,31.0,0.0,0.0,34.0
-0.23,-0.083,0.147,31.0,0.0,0.0,34.0
-0.199,-0.105,0.094,31.0,0.0,0.0,34.0
-0.19,-0.106,0.084,31.0,0.0,0.0,34.0
-0.172,-0.125,0.047,31.0,0.0,0.0,34.0
-0.231,-0.082,0.149,31.0,0.0,0.0,34.0
-0.199,-0.105,0.094,31.0,0.0,0.0,34.0
-0.19,-0.106,0.084,31.0,0.0,0.0,34.0
-0.172,-0.125,0.047,31.0,0.0,0.0,34.0
-0.231,-0.083,0.148,31.0,0.0,0.0,34.0
-0.199,-0.105,0.094,31.0,0.0,0.0,34.0
-0.184,-0.104,0.08,31.0,0.0,0.0,34.0
-0.166,-0.123,0.043,31.0,0.0,0.0,34.0
-0.225,-0.081,0.144,31.0,0.0,0.0,34.0
-0.193,-0.103,0.09,31.0,0.0,0.0,34.0
-0.192,-0.099,0.093,18.0,0.0,0.0,20.0
-0.175,-0.12,0.055,18.0,0.0,0.0,20.0
-0.233,-0.073,0.16,18.0,0.0,0.0,20.0
-0.201,-0.098,0.103,18.0,0.0,0.0,20.0
-0.195,-0.099,0.096,30.0,5.0,0.0,25.0
-0.178,-0.119,0.059,30.0,5.0,0.0,25.0
-0.236,-0.075,0.161,30.0,5.0,0.0,25.0
-0.205,-0.098,0.107,30.0,5.0,0.0,25.0
-0.195,-0.099,0.096,30.0,5.0,0.0,25.0
-0.177,-0.119,0.058,30.0,5.0,0.0,25.0
-0.236,-0.076,0.16,30.0,5.0,0.0,25.0
-0.204,-0.098,0.106,30.0,5.0,0.0,25.0
-0.195,-0.099,0.096,30.0,5.0,0.0,25.0
-0.177,-0.119,0.058,30.0,5.0,0.0,25.0
-0.236,-0.076,0.16,30.0,5.0,0.0,25.0
-0.205,-0.098,0.107,30.0,5.0,0.0,25.0
-0.195,-0.099,0.096,30.0,5.0,0.0,25.0
-0.178,-0.119,0.059,30.0,5.0,0.0,25.0
-0.236,-0.076,0.16,30.0,5.0,0.0,25.0
-0.205,-0.098,0.107,30.0,5.0,0.0,25.0
-0.189,-0.097,0.092,30.0,5.0,0.0,25.0
-0.17,-0.116,0.054,30.0,5.0,0.0,25.0
-0.23,-0.074,0.156,30.0,5.0,0.0,25.0
-0.198,-0.096,0.102,30.0,5.0,0.0,25.0
-0.195,-0.099,0.096,30.0,5.0,0.0,25.0
-0.177,-0.119,0.058,30.0,5.0,0.0,25.0
-0.236,-0.076,0.16,30.0,5.0,0.0,25.0
-0.205,-0.098,0.107,30.0,5.0,0.0,25.0
-0.195,-0.099,0.096,30.0,5.0,0.0,25.0
-0.177,-0.119,0.058,30.0,5.0,0.0,25.0
-0.236,-0.076,0.16,30.0,5.0,0.0,25.0
-0.204,-0.098,0.106,30.0,5.0,0.0,25.0
-0.195,-0.099,0.096,30.0,5.0,0.0,25.0
-0.178,-0.119,0.059,30.0,5.0,0.0,25.0
-0.236,-0.076,0.16,30.0,5.0,0.0,25.0
-0.205,-0.098,0.107,30.0,5.0,0.0,25.0
-0.195,-0.099,0.096,30.0,5.0,0.0,25.0
-0.177,-0.119,0.058,30.0,5.0,0.0,25.0
-0.236,-0.075,0.161,30.0,5.0,0.0,25.0
-0.204,-0.098,0.106,30.0,5.0,0.0,25.0
-0.195,-0.099,0.096,30.0,5.0,0.0,25.0
-0.177,-0.119,0.058,30.0,5.0,0.0,25.0
-0.236,-0.075,0.161,30.0,5.0,0.0,25.0
-0.204,-0.098,0.106,30.0,5.0,0.0,25.0
-0.195,-0.099,0.096,30.0,5.0,0.0,25.0
-0.177,-0.119,0.058,30.0,5.0,0.0,25.0
-0.236,-0.076,0.16,30.0,5.0,0.0,25.0
-0.205,-0.098,0.107,30.0,5.0,0.0,25.0
-0.195,-0.098,0.097,30.0,5.0,0.0,25.0
-0.177,-0.118,0.059,30.0,5.0,0.0,25.0
-0.236,-0.074,0.162,30.0,5.0,0.0,25.0
-0.204,-0.097,0.107,30.0,5.0,0.0,25.0
-0.195,-0.099,0.096,30.0,5.0,0.0,25.0
-0.178,-0.119,0.059,30.0,5.0,0.0,25.0
-0.236,-0.075,0.161,30.0,5.0,0.0,25.0
-0.205,-0.098,0.107,30.0,5.0,0.0,25.0
-0.195,-0.099,0.096,30.0,5.0,0.0,25.0
-0.177,-0.119,0.058,30.0,5.0,0.0,25.0
-0.236,-0.076,0.16,30.0,5.0,0.0,25.0
-0.204,-0.098,0.106,30.0,5.0,0.0,25.0
-0.195,-0.099,0.096,30.0,5.0,0.0,25.0
-0.177,-0.119,0.058,30.0,5.0,0.0,25.0
-0.236,-0.075,0.161,30.0,5.0,0.0,25.0
-0.204,-0.098,0.106,30.0,5.0,0.0,25.0
-0.189,-0.099,0.09,35.0,0.0,0.0,32.0
-0.175,-0.126,0.049,35.0,0.0,0.0,32.0
-0.229,-0.075,0.154,35.0,0.0,0.0,32.0
-0.198,-0.098,0.1,35.0,0.0,0.0,32.0
-0.189,-0.099,0.09,35.0,0.0,0.0,32.0
-0.175,-0.126,0.049,35.0,0.0,0.0,32.0
-0.229,-0.075,0.154,35.0,0.0,0.0,32.0
-0.198,-0.098,0.1,35.0,0.0,0.0,32.0
-0.189,-0.099,0.09,35.0,0.0,0.0,32.0
-0.175,-0.126,0.049,35.0,0.0,0.0,32.0
-0.229,-0.075,0.154,35.0,0.0,0.0,32.0
-0.198,-0.098,0.1,35.0,0.0,0.0,32.0
-0.189,-0.099,0.09,35.0,0.0,0.0,32.0
-0.175,-0.127,0.048,35.0,0.0,0.0,32.0
-0.229,-0.075,0.154,35.0,0.0,0.0,32.0
-0.198,-0.098,0.1,35.0,0.0,0.0,32.0
-0.194,-0.099,0.095,18.0,0.0,0.0,20.0
-0.178,-0.121,0.057,18.0,0.0,0.0,20.0
-0.236,-0.073,0.163,18.0,0.0,0.0,20.0
-0.204,-0.098,0.106,18.0,0.0,0.0,20.0
-0.185,-0.105,0.08,33.0,0.0,0.0,44.0
-0.169,-0.125,0.044,33.0,0.0,0.0,44.0
-0.226,-0.082,0.144,33.0,0.0,0.0,44.0
-0.195,-0.105,0.09,33.0,0.0,0.0,44.0
-0.185,-0.105,0.08,33.0,0.0,0.0,44.0
-0.169,-0.125,0.044,33.0,0.0,0.0,44.0
-0.225,-0.082,0.143,33.0,0.0,0.0,44.0
-0.195,-0.105,0.09,33.0,0.0,0.0,44.0
-0.184,-0.106,0.078,33.0,0.0,0.0,44.0
-0.168,-0.126,0.042,33.0,0.0,0.0,44.0
-0.224,-0.083,0.141,33.0,0.0,0.0,44.0
-0.193,-0.105,0.088,33.0,0.0,0.0,44.0
-0.185,-0.105,0.08,33.0,0.0,0.0,44.0
-0.169,-0.125,0.044,33.0,0.0,0.0,44.0
-0.225,-0.082,0.143,33.0,0.0,0.0,44.0
-0.194,-0.105,0.089,33.0,0.0,0.0,44.0
-0.184,-0.106,0.078,33.0,0.0,0.0,44.0
-0.168,-0.126,0.042,33.0,0.0,0.0,44.0
-0.224,-0.083,0.141,33.0,0.0,0.0,44.0
-0.193,-0.106,0.087,33.0,0.0,0.0,44.0
-0.185,-0.105,0.08,33.0,0.0,0.0,44.0
-0.169,-0.125,0.044,33.0,0.0,0.0,44.0
-0.225,-0.083,0.142,33.0,0.0,0.0,44.0
-0.195,-0.105,0.09,33.0,0.0,0.0,44.0
-0.185,-0.105,0.08,33.0,0.0,0.0,44.0
-0.169,-0.125,0.044,33.0,0.0,0.0,44.0
-0.225,-0.082,0.143,33.0,0.0,0.0,44.0
-0.194,-0.105,0.089,33.0,0.0,0.0,44.0
-0.184,-0.106,0.078,33.0,0.0,0.0,44.0
-0.168,-0.126,0.042,33.0,0.0,0.0,44.0
-0.224,-0.083,0.141,33.0,0.0,0.0,44.0
-0.193,-0.106,0.087,33.0,0.0,0.0,44.0
-0.184,-0.106,0.078,33.0,0.0,0.0,44.0
-0.168,-0.126,0.042,33.0,0.0,0.0,44.0
-0.224,-0.083,0.141,33.0,0.0,0.0,44.0
-0.193,-0.106,0.087,33.0,0.0,0.0,44.0
-0.184,-0.106,0.078,33.0,0.0,0.0,44.0
-0.168,-0.126,0.042,33.0,0.0,0.0,44.0
-0.224,-0.083,0.141,33.0,0.0,0.0,44.0
-0.194,-0.105,0.089,33.0,0.0,0.0,44.0
-0.184,-0.106,0.078,33.0,0.0,0.0,44.0
-0.168,-0.126,0.042,33.0,0.0,0.0,44.0
-0.224,-0.083,0.141,33.0,0.0,0.0,44.0
-0.193,-0.106,0.087,33.0,0.0,0.0,44.0
-0.185,-0.105,0.08,33.0,0.0,0.0,44.0
-0.169,-0.125,0.044,33.0,0.0,0.0,44.0
-0.225,-0.083,0.142,33.0,0.0,0.0,44.0
-0.194,-0.105,0.089,33.0,0.0,0.0,44.0
-0.184,-0.106,0.078,33.0,0.0,0.0,44.0
-0.168,-0.126,0.042,33.0,0.0,0.0,44.0
-0.224,-0.083,0.141,33.0,0.0,0.0,44.0
-0.193,-0.106,0.087,33.0,0.0,0.0,44.0
-0.184,-0.106,0.078,33.0,0.0,0.0,44.0
-0.168,-0.126,0.042,33.0,0.0,0.0,44.0
-0.224,-0.083,0.141,33.0,0.0,0.0,44.0
-0.193,-0.105,0.088,33.0,0.0,0.0,44.0
-0.185,-0.105,0.08,33.0,0.0,0.0,44.0
-0.169,-0.125,0.044,33.0,0.0,0.0,44.0
-0.226,-0.082,0.144,33.0,0.0,0.0,44.0
-0.194,-0.105,0.089,33.0,0.0,0.0,44.0
-0.184,-0.106,0.078,33.0,0.0,0.0,44.0
-0.168,-0.126,0.042,33.0,0.0,0.0,44.0
-0.224,-0.083,0.141,33.0,0.0,0.0,44.0
-0.193,-0.106,0.087,33.0,0.0,0.0,44.0
-0.185,-0.106,0.079,33.0,0.0,0.0,44.0
-0.169,-0.125,0.044,33.0,0.0,0.0,44.0
-0.225,-0.083,0.142,33.0,0.0,0.0,44.0
-0.194,-0.105,0.089,33.0,0.0,0.0,44.0
-0.184,-0.106,0.078,33.0,0.0,0.0,44.0
-0.168,-0.126,0.042,33.0,0.0,0.0,44.0
-0.224,-0.083,0.141,33.0,0.0,0.0,44.0
-0.193,-0.106,0.087,33.0,0.0,0.0,44.0
-0.179,-0.076,0.103,54.0,0.0,0.0,50.0
-0.163,-0.098,0.065,54.0,0.0,0.0,50.0
-0.22,-0.051,0.169,54.0,0.0,0.0,50.0
-0.188,-0.075,0.113,54.0,0.0,0.0,50.0
-0.179,-0.077,0.102,54.0,0.0,0.0,50.0
-0.164,-0.098,0.066,54.0,0.0,0.0,50.0
-0.22,-0.052,0.168,54.0,0.0,0.0,50.0
-0.189,-0.076,0.113,54.0,0.0,0.0,50.0
-0.179,-0.077,0.102,54.0,0.0,0.0,50.0
-0.164,-0.098,0.066,54.0,0.0,0.0,50.0
-0.221,-0.052,0.169,54.0,0.0,0.0,50.0
-0.189,-0.075,0.114,54.0,0.0,0.0,50.0
-0.179,-0.077,0.102,54.0,0.0,0.0,50.0
-0.163,-0.099,0.064,54.0,0.0,0.0,50.0
-0.22,-0.053,0.167,54.0,0.0,0.0,50.0
-0.188,-0.076,0.112,54.0,0.0,0.0,50.0
-0.179,-0.077,0.102,54.0,0.0,0.0,50.0
-0.163,-0.099,0.064,54.0,0.0,0.0,50.0
-0.22,-0.052,0.168,54.0,0.0,0.0,50.0
-0.188,-0.076,0.112,54.0,0.0,0.0,50.0
-0.179,-0.077,0.102,54.0,0.0,0.0,50.0
-0.164,-0.099,0.065,54.0,0.0,0.0,50.0
-0.22,-0.052,0.168,54.0,0.0,0.0,50.0
-0.188,-0.076,0.112,54.0,0.0,0.0,50.0
-0.179,-0.076,0.103,54.0,0.0,0.0,50.0
-0.164,-0.098,0.066,54.0,0.0,0.0,50.0
-0.22,-0.052,0.168,54.0,0.0,0.0,50.0
-0.189,-0.075,0.114,54.0,0.0,0.0,50.0
-0.18,-0.076,0.104,54.0,0.0,0.0,50.0
-0.164,-0.098,0.066,54.0,0.0,0.0,50.0
-0.221,-0.051,0.17,54.0,0.0,0.0,50.0
-0.189,-0.075,0.114,54.0,0.0,0.0,50.0
-0.179,-0.077,0.102,54.0,0.0,0.0,50.0
-0.163,-0.099,0.064,54.0,0.0,0.0,50.0
-0.22,-0.052,0.168,54.0,0.0,0.0,50.0
-0.188,-0.076,0.112,54.0,0.0,0.0,50.0
-0.179,-0.077,0.102,54.0,0.0,0.0,50.0
-0.164,-0.098,0.066,54.0,0.0,0.0,50.0
-0.22,-0.052,0.168,54.0,0.0,0.0,50.0
-0.188,-0.075,0.113,54.0,0.0,0.0,50.0
-0.179,-0.076,0.103,54.0,0.0,0.0,50.0
-0.164,-0.098,0.066,54.0,0.0,0.0,50.0
-0.221,-0.051,0.17,54.0,0.0,0.0,50.0
-0.189,-0.075,0.114,54.0,0.0,0.0,50.0
-0.179,-0.077,0.102,54.0,0.0,0.0,50.0
-0.163,-0.098,0.065,54.0,0.0,0.0,50.0
-0.22,-0.052,0.168,54.0,0.0,0.0,50.0
-0.188,-0.076,0.112,54.0,0.0,0.0,50.0
-0.179,-0.077,0.102,54.0,0.0,0.0,50.0
-0.163,-0.098,0.065,54.0,0.0,0.0,50.0
-0.22,-0.052,0.168,54.0,0.0,0.0,50.0
-0.188,-0.076,0.112,54.0,0.0,0.0,50.0
-0.18,-0.076,0.104,54.0,0.0,0.0,50.0
-0.164,-0.098,0.066,54.0,0.0,0.0,50.0
-0.221,-0.051,0.17,54.0,0.0,0.0,50.0
-0.189,-0.075,0.114,54.0,0.0,0.0,50.0
-0.179,-0.077,0.102,54.0,0.0,0.0,50.0
-0.163,-0.098,0.065,54.0,0.0,0.0,50.0
-0.22,-0.052,0.168,54.0,0.0,0.0,50.0
-0.188,-0.076,0.112,54.0,0.0,0.0,50.0
-0.185,-0.093,0.092,36.0,0.0,0.0,34.0
-0.169,-0.113,0.056,36.0,0.0,0.0,34.0
-0.226,-0.069,0.157,36.0,0.0,0.0,34.0
-0.195,-0.093,0.102,36.0,0.0,0.0,34.0
-0.186,-0.093,0.093,36.0,0.0,0.0,34.0
-0.169,-0.112,0.057,36.0,0.0,0.0,34.0
-0.227,-0.069,0.158,36.0,0.0,0.0,34.0
-0.195,-0.092,0.103,36.0,0.0,0.0,34.0
-0.186,-0.092,0.094,36.0,0.0,0.0,34.0
-0.169,-0.112,0.057,36.0,0.0,0.0,34.0
-0.227,-0.068,0.159,36.0,0.0,0.0,34.0
-0.195,-0.091,0.104,36.0,0.0,0.0,34.0
-0.186,-0.092,0.094,36.0,0.0,0.0,34.0
-0.169,-0.112,0.057,36.0,0.0,0.0,34.0
-0.227,-0.068,0.159,36.0,0.0,0.0,34.0
-0.195,-0.091,0.104,36.0,0.0,0.0,34.0
-0.186,-0.092,0.094,36.0,0.0,0.0,34.0
-0.169,-0.112,0.057,36.0,0.0,0.0,34.0
-0.227,-0.068,0.159,36.0,0.0,0.0,34.0
-0.195,-0.091,0.104,36.0,0.0,0.0,34.0
-0.185,-0.093,0.092,36.0,0.0,0.0,34.0
-0.169,-0.113,0.056,36.0,0.0,0.0,34.0
-0.226,-0.069,0.157,36.0,0.0,0.0,34.0
-0.195,-0.093,0.102,36.0,0.0,0.0,34.0
-0.181,-0.092,0.089,36.0,0.0,0.0,34.0
-0.164,-0.111,0.053,36.0,0.0,0.0,34.0
-0.222,-0.068,0.154,36.0,0.0,0.0,34.0
-0.191,-0.091,0.1,36.0,0.0,0.0,34.0
-0.186,-0.093,0.093,36.0,0.0,0.0,34.0
-0.169,-0.113,0.056,36.0,0.0,0.0,34.0
-0.226,-0.07,0.156,36.0,0.0,0.0,34.0
-0.195,-0.093,0.102,36.0,0.0,0.0,34.0
-0.185,-0.093,0.092,36.0,0.0,0.0,34.0
-0.168,-0.113,0.055,36.0,0.0,0.0,34.0
-0.226,-0.069,0.157,36.0,0.0,0.0,34.0
-0.195,-0.092,0.103,36.0,0.0,0.0,34.0
-0.187,-0.093,0.094,36.0,0.0,0.0,34.0
-0.17,-0.112,0.058,36.0,0.0,0.0,34.0
-0.228,-0.069,0.159,36.0,0.0,0.0,34.0
-0.196,-0.092,0.104,36.0,0.0,0.0,34.0
-0.185,-0.093,0.092,36.0,0.0,0.0,34.0
-0.168,-0.113,0.055,36.0,0.0,0.0,34.0
-0.226,-0.069,0.157,36.0,0.0,0.0,34.0
-0.195,-0.092,0.103,36.0,0.0,0.0,34.0
-0.181,-0.091,0.09,36.0,0.0,0.0,34.0
-0.163,-0.111,0.052,36.0,0.0,0.0,34.0
-0.222,-0.068,0.154,36.0,0.0,0.0,34.0
-0.19,-0.091,0.099,36.0,0.0,0.0,34.0
-0.186,-0.093,0.093,36.0,0.0,0.0,34.0
-0.169,-0.112,0.057,36.0,0.0,0.0,34.0
-0.227,-0.069,0.158,36.0,0.0,0.0,34.0
-0.195,-0.092,0.103,36.0,0.0,0.0,34.0
-0.189,-0.119,0.07,45.0,6.0,0.0,22.0
-0.174,-0.137,0.037,45.0,6.0,0.0,22.0
-0.226,-0.098,0.128,45.0,6.0,0.0,22.0
-0.197,-0.118,0.079,45.0,6.0,0.0,22.0
-0.189,-0.12,0.069,45.0,6.0,0.0,22.0
-0.175,-0.138,0.037,45.0,6.0,0.0,22.0
-0.226,-0.099,0.127,45.0,6.0,0.0,22.0
-0.197,-0.12,0.077,45.0,6.0,0.0,22.0
-0.188,-0.118,0.07,45.0,6.0,0.0,22.0
-0.174,-0.137,0.037,45.0,6.0,0.0,22.0
-0.226,-0.098,0.128,45.0,6.0,0.0,22.0
-0.197,-0.118,0.079,45.0,6.0,0.0,22.0
-0.189,-0.12,0.069,45.0,6.0,0.0,22.0
-0.175,-0.138,0.037,45.0,6.0,0.0,22.0
-0.226,-0.1,0.126,45.0,6.0,0.0,22.0
-0.197,-0.12,0.077,45.0,6.0,0.0,22.0
-0.189,-0.12,0.069,45.0,6.0,0.0,22.0
-0.175,-0.138,0.037,45.0,6.0,0.0,22.0
-0.226,-0.1,0.126,45.0,6.0,0.0,22.0
-0.197,-0.12,0.077,45.0,6.0,0.0,22.0
-0.189,-0.12,0.069,45.0,6.0,0.0,22.0
-0.175,-0.138,0.037,45.0,6.0,0.0,22.0
-0.226,-0.1,0.126,45.0,6.0,0.0,22.0
-0.197,-0.12,0.077,45.0,6.0,0.0,22.0
-0.189,-0.119,0.07,45.0,6.0,0.0,22.0
-0.174,-0.137,0.037,45.0,6.0,0.0,22.0
-0.226,-0.098,0.128,45.0,6.0,0.0,22.0
-0.197,-0.118,0.079,45.0,6.0,0.0,22.0
-0.189,-0.12,0.069,45.0,6.0,0.0,22.0
-0.175,-0.138,0.037,45.0,6.0,0.0,22.0
-0.226,-0.099,0.127,45.0,6.0,0.0,22.0
-0.197,-0.12,0.077,45.0,6.0,0.0,22.0
-0.189,-0.12,0.069,45.0,6.0,0.0,22.0
-0.175,-0.138,0.037,45.0,6.0,0.0,22.0
-0.226,-0.1,0.126,45.0,6.0,0.0,22.0
-0.197,-0.12,0.077,45.0,6.0,0.0,22.0
-0.189,-0.12,0.069,45.0,6.0,0.0,22.0
-0.175,-0.138,0.037,45.0,6.0,0.0,22.0
-0.226,-0.1,0.126,45.0,6.0,0.0,22.0
-0.197,-0.12,0.077,45.0,6.0,0.0,22.0
-0.189,-0.12,0.069,45.0,6.0,0.0,22.0
-0.175,-0.138,0.037,45.0,6.0,0.0,22.0
-0.226,-0.1,0.126,45.0,6.0,0.0,22.0
-0.197,-0.12,0.077,45.0,6.0,0.0,22.0
-0.189,-0.119,0.07,45.0,6.0,0.0,22.0
-0.174,-0.137,0.037,45.0,6.0,0.0,22.0
-0.226,-0.098,0.128,45.0,6.0,0.0,22.0
-0.197,-0.118,0.079,45.0,6.0,0.0,22.0
-0.189,-0.119,0.07,45.0,6.0,0.0,22.0
-0.174,-0.137,0.037,45.0,6.0,0.0,22.0
-0.226,-0.098,0.128,45.0,6.0,0.0,22.0
-0.197,-0.118,0.079,45.0,6.0,0.0,22.0
-0.189,-0.12,0.069,45.0,6.0,0.0,22.0
-0.175,-0.138,0.037,45.0,6.0,0.0,22.0
-0.226,-0.1,0.126,45.0,6.0,0.0,22.0
-0.197,-0.12,0.077,45.0,6.0,0.0,22.0
-0.189,-0.119,0.07,45.0,6.0,0.0,22.0
-0.174,-0.137,0.037,45.0,6.0,0.0,22.0
-0.226,-0.098,0.128,45.0,6.0,0.0,22.0
-0.197,-0.118,0.079,45.0,6.0,0.0,22.0
-0.189,-0.119,0.07,45.0,6.0,0.0,22.0
-0.174,-0.137,0.037,45.0,6.0,0.0,22.0
-0.226,-0.098,0.128,45.0,6.0,0.0,22.0
-0.197,-0.118,0.079,45.0,6.0,0.0,22.0
-0.189,-0.12,0.069,45.0,6.0,0.0,22.0
-0.175,-0.138,0.037,45.0,6.0,0.0,22.0
-0.226,-0.1,0.126,45.0,6.0,0.0,22.0
-0.197,-0.12,0.077,45.0,6.0,0.0,22.0
-0.193,-0.083,0.11,37.0,2.0,0.0,20.0
-0.175,-0.105,0.07,37.0,2.0,0.0,20.0
-0.235,-0.057,0.178,37.0,2.0,0.0,20.0
-0.203,-0.082,0.121,37.0,2.0,0.0,20.0
-0.192,-0.084,0.108,37.0,2.0,0.0,20.0
-0.175,-0.105,0.07,37.0,2.0,0.0,20.0
-0.234,-0.058,0.176,37.0,2.0,0.0,20.0
-0.202,-0.082,0.12,37.0,2.0,0.0,20.0
-0.192,-0.084,0.108,37.0,2.0,0.0,20.0
-0.175,-0.105,0.07,37.0,2.0,0.0,20.0
-0.234,-0.058,0.176,37.0,2.0,0.0,20.0
-0.202,-0.082,0.12,37.0,2.0,0.0,20.0
-0.193,-0.085,0.108,37.0,2.0,0.0,20.0
-0.176,-0.107,0.069,37.0,2.0,0.0,20.0
-0.235,-0.059,0.176,37.0,2.0,0.0,20.0
-0.203,-0.084,0.119,37.0,2.0,0.0,20.0
-0.193,-0.082,0.111,37.0,2.0,0.0,20.0
-0.176,-0.104,0.072,37.0,2.0,0.0,20.0
-0.236,-0.056,0.18,37.0,2.0,0.0,20.0
-0.203,-0.081,0.122,37.0,2.0,0.0,20.0
-0.192,-0.084,0.108,37.0,2.0,0.0,20.0
-0.175,-0.105,0.07,37.0,2.0,0.0,20.0
-0.234,-0.058,0.176,37.0,2.0,0.0,20.0
-0.202,-0.082,0.12,37.0,2.0,0.0,20.0
-0.192,-0.083,0.109,37.0,2.0,0.0,20.0
-0.175,-0.105,0.07,37.0,2.0,0.0,20.0
-0.235,-0.057,0.178,37.0,2.0,0.0,20.0
-0.202,-0.082,0.12,37.0,2.0,0.0,20.0
-0.192,-0.084,0.108,37.0,2.0,0.0,20.0
-0.175,-0.106,0.069,37.0,2.0,0.0,20.0
-0.235,-0.058,0.177,37.0,2.0,0.0,20.0
-0.202,-0.083,0.119,37.0,2.0,0.0,20.0
-0.192,-0.083,0.109,37.0,2.0,0.0,20.0
-0.174,-0.105,0.069,37.0,2.0,0.0,20.0
-0.234,-0.057,0.177,37.0,2.0,0.0,20.0
-0.201,-0.082,0.119,37.0,2.0,0.0,20.0
-0.193,-0.085,0.108,37.0,2.0,0.0,20.0
-0.176,-0.106,0.07,37.0,2.0,0.0,20.0
-0.235,-0.059,0.176,37.0,2.0,0.0,20.0
-0.203,-0.084,0.119,37.0,2.0,0.0,20.0
-0.193,-0.084,0.109,37.0,2.0,0.0,20.0
-0.175,-0.106,0.069,37.0,2.0,0.0,20.0
-0.235,-0.059,0.176,37.0,2.0,0.0,20.0
-0.203,-0.083,0.12,37.0,2.0,0.0,20.0
-0.192,-0.084,0.108,37.0,2.0,0.0,20.0
-0.175,-0.106,0.069,37.0,2.0,0.0,20.0
-0.234,-0.058,0.176,37.0,2.0,0.0,20.0
-0.202,-0.083,0.119,37.0,2.0,0.0,20.0
-0.192,-0.083,0.109,37.0,2.0,0.0,20.0
-0.175,-0.105,0.07,37.0,2.0,0.0,20.0
-0.235,-0.057,0.178,37.0,2.0,0.0,20.0
-0.202,-0.082,0.12,37.0,2.0,0.0,20.0
-0.192,-0.084,0.108,37.0,2.0,0.0,20.0
-0.175,-0.105,0.07,37.0,2.0,0.0,20.0
-0.234,-0.058,0.176,37.0,2.0,0.0,20.0
-0.202,-0.083,0.119,37.0,2.0,0.0,20.0
-0.193,-0.084,0.109,37.0,2.0,0.0,20.0
-0.176,-0.106,0.07,37.0,2.0,0.0,20.0
-0.235,-0.059,0.176,37.0,2.0,0.0,20.0
-0.203,-0.083,0.12,37.0,2.0,0.0,20.0
-0.192,-0.084,0.108,37.0,2.0,0.0,20.0
-0.175,-0.106,0.069,37.0,2.0,0.0,20.0
-0.234,-0.058,0.176,37.0,2.0,0.0,20.0
-0.202,-0.082,0.12,37.0,2.0,0.0,20.0
-0.184,-0.093,0.091,22.0,0.0,0.0,29.0
-0.169,-0.113,0.056,22.0,0.0,0.0,29.0
-0.225,-0.07,0.155,22.0,0.0,0.0,29.0
-0.194,-0.093,0.101,22.0,0.0,0.0,29.0
-0.184,-0.093,0.091,22.0,0.0,0.0,29.0
-0.169,-0.114,0.055,22.0,0.0,0.0,29.0
-0.225,-0.07,0.155,22.0,0.0,0.0,29.0
-0.194,-0.093,0.101,22.0,0.0,0.0,29.0
-0.185,-0.093,0.092,22.0,0.0,0.0,29.0
-0.169,-0.113,0.056,22.0,0.0,0.0,29.0
-0.226,-0.07,0.156,22.0,0.0,0.0,29.0
-0.194,-0.093,0.101,22.0,0.0,0.0,29.0
-0.185,-0.094,0.091,22.0,0.0,0.0,29.0
-0.17,-0.114,0.056,22.0,0.0,0.0,29.0
-0.226,-0.071,0.155,22.0,0.0,0.0,29.0
-0.194,-0.093,0.101,22.0,0.0,0.0,29.0
-0.185,-0.094,0.091,22.0,0.0,0.0,29.0
-0.17,-0.114,0.056,22.0,0.0,0.0,29.0
-0.226,-0.071,0.155,22.0,0.0,0.0,29.0
-0.194,-0.093,0.101,22.0,0.0,0.0,29.0
-0.185,-0.094,0.091,22.0,0.0,0.0,29.0
-0.17,-0.114,0.056,22.0,0.0,0.0,29.0
-0.226,-0.071,0.155,22.0,0.0,0.0,29.0
-0.194,-0.094,0.1,22.0,0.0,0.0,29.0
-0.185,-0.094,0.091,22.0,0.0,0.0,29.0
-0.17,-0.114,0.056,22.0,0.0,0.0,29.0
-0.226,-0.071,0.155,22.0,0.0,0.0,29.0
-0.194,-0.094,0.1,22.0,0.0,0.0,29.0
-0.185,-0.094,0.091,22.0,0.0,0.0,29.0
-0.17,-0.114,0.056,22.0,0.0,0.0,29.0
-0.226,-0.071,0.155,22.0,0.0,0.0,29.0
-0.194,-0.093,0.101,22.0,0.0,0.0,29.0
-0.185,-0.093,0.092,22.0,0.0,0.0,29.0
-0.169,-0.113,0.056,22.0,0.0,0.0,29.0
-0.225,-0.07,0.155,22.0,0.0,0.0,29.0
-0.194,-0.093,0.101,22.0,0.0,0.0,29.0
-0.185,-0.094,0.091,22.0,0.0,0.0,29.0
-0.17,-0.114,0.056,22.0,0.0,0.0,29.0
-0.226,-0.071,0.155,22.0,0.0,0.0,29.0
-0.194,-0.093,0.101,22.0,0.0,0.0,29.0
-0.185,-0.093,0.092,22.0,0.0,0.0,29.0
-0.169,-0.114,0.055,22.0,0.0,0.0,29.0
-0.225,-0.07,0.155,22.0,0.0,0.0,29.0
-0.194,-0.093,0.101,22.0,0.0,0.0,29.0
-0.185,-0.094,0.091,22.0,0.0,0.0,29.0
-0.17,-0.114,0.056,22.0,0.0,0.0,29.0
-0.226,-0.071,0.155,22.0,0.0,0.0,29.0
-0.194,-0.094,0.1,22.0,0.0,0.0,29.0
-0.185,-0.094,0.091,22.0,0.0,0.0,29.0
-0.17,-0.114,0.056,22.0,0.0,0.0,29.0
-0.226,-0.071,0.155,22.0,0.0,0.0,29.0
-0.194,-0.094,0.1,22.0,0.0,0.0,29.0
-0.185,-0.094,0.091,22.0,0.0,0.0,29.0
-0.17,-0.114,0.056,22.0,0.0,0.0,29.0
-0.226,-0.071,0.155,22.0,0.0,0.0,29.0
-0.195,-0.093,0.102,22.0,0.0,0.0,29.0
-0.185,-0.093,0.092,22.0,0.0,0.0,29.0
-0.169,-0.113,0.056,22.0,0.0,0.0,29.0
-0.226,-0.07,0.156,22.0,0.0,0.0,29.0
-0.194,-0.093,0.101,22.0,0.0,0.0,29.0
-0.184,-0.093,0.091,22.0,0.0,0.0,29.0
-0.169,-0.114,0.055,22.0,0.0,0.0,29.0
-0.225,-0.07,0.155,22.0,0.0,0.0,29.0
-0.194,-0.093,0.101,22.0,0.0,0.0,29.0
-0.189,-0.11,0.079,38.0,0.0,2.0,32.0
-0.173,-0.129,0.044,38.0,0.0,2.0,32.0
-0.229,-0.088,0.141,38.0,0.0,2.0,32.0
-0.198,-0.11,0.088,38.0,0.0,2.0,32.0
-0.189,-0.11,0.079,38.0,0.0,2.0,32.0
-0.173,-0.129,0.044,38.0,0.0,2.0,32.0
-0.229,-0.088,0.141,38.0,0.0,2.0,32.0
-0.198,-0.11,0.088,38.0,0.0,2.0,32.0
-0.186,-0.109,0.077,38.0,0.0,2.0,32.0
-0.169,-0.127,0.042,38.0,0.0,2.0,32.0
-0.227,-0.088,0.139,38.0,0.0,2.0,32.0
-0.195,-0.109,0.086,38.0,0.0,2.0,32.0
-0.186,-0.109,0.077,38.0,0.0,2.0,32.0
-0.17,-0.127,0.043,38.0,0.0,2.0,32.0
-0.227,-0.087,0.14,38.0,0.0,2.0,32.0
-0.196,-0.109,0.087,38.0,0.0,2.0,32.0
-0.186,-0.109,0.077,38.0,0.0,2.0,32.0
-0.17,-0.127,0.043,38.0,0.0,2.0,32.0
-0.227,-0.088,0.139,38.0,0.0,2.0,32.0
-0.195,-0.109,0.086,38.0,0.0,2.0,32.0
-0.184,-0.108,0.076,38.0,0.0,2.0,32.0
-0.167,-0.126,0.041,38.0,0.0,2.0,32.0
-0.225,-0.087,0.138,38.0,0.0,2.0,32.0
-0.193,-0.108,0.085,38.0,0.0,2.0,32.0
-0.189,-0.11,0.079,38.0,0.0,2.0,32.0
-0.173,-0.129,0.044,38.0,0.0,2.0,32.0
-0.229,-0.089,0.14,38.0,0.0,2.0,32.0
-0.198,-0.11,0.088,38.0,0.0,2.0,32.0
-0.189,-0.111,0.078,38.0,0.0,2.0,32.0
-0.173,-0.129,0.044,38.0,0.0,2.0,32.0
-0.23,-0.089,0.141,38.0,0.0,2.0,32.0
-0.198,-0.11,0.088,38.0,0.0,2.0,32.0
-0.189,-0.11,0.079,38.0,0.0,2.0,32.0
-0.173,-0.129,0.044,38.0,0.0,2.0,32.0
-0.229,-0.089,0.14,38.0,0.0,2.0,32.0
-0.198,-0.11,0.088,38.0,0.0,2.0,32.0
-0.189,-0.11,0.079,38.0,0.0,2.0,32.0
-0.173,-0.129,0.044,38.0,0.0,2.0,32.0
-0.23,-0.089,0.141,38.0,0.0,2.0,32.0
-0.198,-0.11,0.088,38.0,0.0,2.0,32.0
-0.189,-0.11,0.079,38.0,0.0,2.0,32.0
-0.173,-0.129,0.044,38.0,0.0,2.0,32.0
-0.229,-0.089,0.14,38.0,0.0,2.0,32.0
-0.198,-0.11,0.088,38.0,0.0,2.0,32.0
-0.189,-0.11,0.079,38.0,0.0,2.0,32.0
-0.173,-0.129,0.044,38.0,0.0,2.0,32.0
-0.229,-0.089,0.14,38.0,0.0,2.0,32.0
-0.198,-0.11,0.088,38.0,0.0,2.0,32.0
-0.186,-0.109,0.077,38.0,0.0,2.0,32.0
-0.17,-0.128,0.042,38.0,0.0,2.0,32.0
-0.227,-0.088,0.139,38.0,0.0,2.0,32.0
-0.196,-0.109,0.087,38.0,0.0,2.0,32.0
-0.186,-0.109,0.077,38.0,0.0,2.0,32.0
-0.17,-0.127,0.043,38.0,0.0,2.0,32.0
-0.227,-0.087,0.14,38.0,0.0,2.0,32.0
-0.195,-0.108,0.087,38.0,0.0,2.0,32.0
-0.189,-0.11,0.079,38.0,0.0,2.0,32.0
-0.173,-0.129,0.044,38.0,0.0,2.0,32.0
-0.229,-0.089,0.14,38.0,0.0,2.0,32.0
-0.198,-0.11,0.088,38.0,0.0,2.0,32.0
-0.19,-0.094,0.096,27.0,0.0,0.0,33.0
-0.173,-0.114,0.059,27.0,0.0,0.0,33.0
-0.231,-0.071,0.16,27.0,0.0,0.0,33.0
-0.2,-0.093,0.107,27.0,0.0,0.0,33.0
-0.19,-0.094,0.096,27.0,0.0,0.0,33.0
-0.173,-0.114,0.059,27.0,0.0,0.0,33.0
-0.231,-0.071,0.16,27.0,0.0,0.0,33.0
-0.2,-0.093,0.107,27.0,0.0,0.0,33.0
-0.19,-0.094,0.096,27.0,0.0,0.0,33.0
-0.173,-0.114,0.059,27.0,0.0,0.0,33.0
-0.231,-0.071,0.16,27.0,0.0,0.0,33.0
-0.2,-0.093,0.107,27.0,0.0,0.0,33.0
-0.19,-0.094,0.096,27.0,0.0,0.0,33.0
-0.173,-0.114,0.059,27.0,0.0,0.0,33.0
-0.231,-0.071,0.16,27.0,0.0,0.0,33.0
-0.199,-0.093,0.106,27.0,0.0,0.0,33.0
-0.19,-0.094,0.096,27.0,0.0,0.0,33.0
-0.173,-0.114,0.059,27.0,0.0,0.0,33.0
-0.231,-0.071,0.16,27.0,0.0,0.0,33.0
-0.2,-0.093,0.107,27.0,0.0,0.0,33.0
-0.19,-0.094,0.096,27.0,0.0,0.0,33.0
-0.173,-0.114,0.059,27.0,0.0,0.0,33.0
-0.231,-0.071,0.16,27.0,0.0,0.0,33.0
-0.2,-0.093,0.107,27.0,0.0,0.0,33.0
-0.19,-0.094,0.096,27.0,0.0,0.0,33.0
-0.173,-0.114,0.059,27.0,0.0,0.0,33.0
-0.231,-0.071,0.16,27.0,0.0,0.0,33.0
-0.199,-0.093,0.106,27.0,0.0,0.0,33.0
-0.19,-0.094,0.096,27.0,0.0,0.0,33.0
-0.173,-0.114,0.059,27.0,0.0,0.0,33.0
-0.231,-0.071,0.16,27.0,0.0,0.0,33.0
-0.199,-0.093,0.106,27.0,0.0,0.0,33.0
-0.19,-0.094,0.096,27.0,0.0,0.0,33.0
-0.173,-0.114,0.059,27.0,0.0,0.0,33.0
-0.231,-0.071,0.16,27.0,0.0,0.0,33.0
-0.2,-0.093,0.107,27.0,0.0,0.0,33.0
-0.19,-0.094,0.096,27.0,0.0,0.0,33.0
-0.173,-0.114,0.059,27.0,0.0,0.0,33.0
-0.231,-0.071,0.16,27.0,0.0,0.0,33.0
-0.2,-0.093,0.107,27.0,0.0,0.0,33.0
-0.19,-0.094,0.096,27.0,0.0,0.0,33.0
-0.173,-0.114,0.059,27.0,0.0,0.0,33.0
-0.231,-0.071,0.16,27.0,0.0,0.0,33.0
-0.199,-0.093,0.106,27.0,0.0,0.0,33.0
-0.19,-0.094,0.096,27.0,0.0,0.0,33.0
-0.173,-0.114,0.059,27.0,0.0,0.0,33.0
-0.231,-0.071,0.16,27.0,0.0,0.0,33.0
-0.2,-0.093,0.107,27.0,0.0,0.0,33.0
-0.19,-0.094,0.096,27.0,0.0,0.0,33.0
-0.173,-0.114,0.059,27.0,0.0,0.0,33.0
-0.231,-0.071,0.16,27.0,0.0,0.0,33.0
-0.199,-0.093,0.106,27.0,0.0,0.0,33.0
-0.19,-0.094,0.096,27.0,0.0,0.0,33.0
-0.173,-0.114,0.059,27.0,0.0,0.0,33.0
-0.231,-0.071,0.16,27.0,0.0,0.0,33.0
-0.199,-0.093,0.106,27.0,0.0,0.0,33.0
-0.189,-0.094,0.095,27.0,0.0,0.0,33.0
-0.173,-0.114,0.059,27.0,0.0,0.0,33.0
-0.231,-0.071,0.16,27.0,0.0,0.0,33.0
-0.199,-0.093,0.106,27.0,0.0,0.0,33.0
-0.19,-0.094,0.096,27.0,0.0,0.0,33.0
-0.173,-0.114,0.059,27.0,0.0,0.0,33.0
-0.231,-0.071,0.16,27.0,0.0,0.0,33.0
-0.2,-0.093,0.107,27.0,0.0,0.0,33.0
-0.189,-0.094,0.095,27.0,0.0,0.0,33.0
-0.173,-0.114,0.059,27.0,0.0,0.0,33.0
-0.231,-0.071,0.16,27.0,0.0,0.0,33.0
-0.199,-0.093,0.106,27.0,0.0,0.0,33.0
-0.2,-0.094,0.106,25.0,4.0,0.0,15.0
-0.18,-0.116,0.064,25.0,4.0,0.0,15.0
-0.242,-0.067,0.175,25.0,4.0,0.0,15.0
-0.209,-0.092,0.117,25.0,4.0,0.0,15.0
-0.195,-0.091,0.104,25.0,4.0,0.0,15.0
-0.175,-0.113,0.062,25.0,4.0,0.0,15.0
-0.237,-0.065,0.172,25.0,4.0,0.0,15.0
-0.204,-0.09,0.114,25.0,4.0,0.0,15.0
-0.188,-0.088,0.1,25.0,4.0,0.0,15.0
-0.167,-0.11,0.057,25.0,4.0,0.0,15.0
-0.23,-0.063,0.167,25.0,4.0,0.0,15.0
-0.197,-0.087,0.11,25.0,4.0,0.0,15.0
-0.191,-0.09,0.101,25.0,4.0,0.0,15.0
-0.171,-0.112,0.059,25.0,4.0,0.0,15.0
-0.234,-0.064,0.17,25.0,4.0,0.0,15.0
-0.201,-0.089,0.112,25.0,4.0,0.0,15.0
-0.195,-0.091,0.104,25.0,4.0,0.0,15.0
-0.175,-0.113,0.062,25.0,4.0,0.0,15.0
-0.237,-0.065,0.172,25.0,4.0,0.0,15.0
-0.204,-0.09,0.114,25.0,4.0,0.0,15.0
-0.188,-0.088,0.1,25.0,4.0,0.0,15.0
-0.167,-0.11,0.057,25.0,4.0,0.0,15.0
-0.23,-0.063,0.167,25.0,4.0,0.0,15.0
-0.197,-0.087,0.11,25.0,4.0,0.0,15.0
-0.195,-0.091,0.104,25.0,4.0,0.0,15.0
-0.174,-0.113,0.061,25.0,4.0,0.0,15.0
-0.237,-0.065,0.172,25.0,4.0,0.0,15.0
-0.204,-0.09,0.114,25.0,4.0,0.0,15.0
-0.184,-0.102,0.082,26.0,4.0,0.0,15.0
-0.167,-0.121,0.046,26.0,4.0,0.0,15.0
-0.223,-0.081,0.142,26.0,4.0,0.0,15.0
-0.193,-0.102,0.091,26.0,4.0,0.0,15.0
-0.183,-0.102,0.081,26.0,4.0,0.0,15.0
-0.167,-0.121,0.046,26.0,4.0,0.0,15.0
-0.222,-0.081,0.141,26.0,4.0,0.0,15.0
-0.192,-0.102,0.09,26.0,4.0,0.0,15.0
-0.184,-0.102,0.082,26.0,4.0,0.0,15.0
-0.167,-0.121,0.046,26.0,4.0,0.0,15.0
-0.223,-0.08,0.143,26.0,4.0,0.0,15.0
-0.192,-0.101,0.091,26.0,4.0,0.0,15.0
-0.184,-0.104,0.08,26.0,4.0,0.0,15.0
-0.168,-0.123,0.045,26.0,4.0,0.0,15.0
-0.223,-0.083,0.14,26.0,4.0,0.0,15.0
-0.193,-0.104,0.089,26.0,4.0,0.0,15.0
-0.183,-0.102,0.081,26.0,4.0,0.0,15.0
-0.167,-0.121,0.046,26.0,4.0,0.0,15.0
-0.222,-0.08,0.142,26.0,4.0,0.0,15.0
-0.192,-0.101,0.091,26.0,4.0,0.0,15.0
-0.184,-0.104,0.08,26.0,4.0,0.0,15.0
-0.168,-0.122,0.046,26.0,4.0,0.0,15.0
-0.223,-0.082,0.141,26.0,4.0,0.0,15.0
-0.193,-0.103,0.09,26.0,4.0,0.0,15.0
-0.184,-0.104,0.08,26.0,4.0,0.0,15.0
-0.167,-0.123,0.044,26.0,4.0,0.0,15.0
-0.223,-0.082,0.141,26.0,4.0,0.0,15.0
-0.193,-0.103,0.09,26.0,4.0,0.0,15.0
-0.184,-0.103,0.081,26.0,4.0,0.0,15.0
-0.167,-0.122,0.045,26.0,4.0,0.0,15.0
-0.223,-0.081,0.142,26.0,4.0,0.0,15.0
-0.193,-0.102,0.091,26.0,4.0,0.0,15.0
-0.184,-0.102,0.082,26.0,4.0,0.0,15.0
-0.167,-0.121,0.046,26.0,4.0,0.0,15.0
-0.223,-0.08,0.143,26.0,4.0,0.0,15.0
-0.192,-0.102,0.09,26.0,4.0,0.0,15.0
-0.184,-0.104,0.08,26.0,4.0,0.0,15.0
-0.167,-0.122,0.045,26.0,4.0,0.0,15.0
-0.223,-0.082,0.141,26.0,4.0,0.0,15.0
-0.193,-0.103,0.09,26.0,4.0,0.0,15.0
-0.184,-0.103,0.081,26.0,4.0,0.0,15.0
-0.167,-0.122,0.045,26.0,4.0,0.0,15.0
-0.223,-0.082,0.141,26.0,4.0,0.0,15.0
-0.193,-0.103,0.09,26.0,4.0,0.0,15.0
-0.184,-0.103,0.081,26.0,4.0,0.0,15.0
-0.167,-0.122,0.045,26.0,4.0,0.0,15.0
-0.223,-0.082,0.141,26.0,4.0,0.0,15.0
-0.193,-0.103,0.09,26.0,4.0,0.0,15.0
-0.186,-0.113,0.073,50.0,0.0,4.0,44.0
-0.17,-0.131,0.039,50.0,0.0,4.0,44.0
-0.228,-0.092,0.136,50.0,0.0,4.0,44.0
-0.196,-0.113,0.083,50.0,0.0,4.0,44.0
-0.187,-0.114,0.073,50.0,0.0,4.0,44.0
-0.172,-0.132,0.04,50.0,0.0,4.0,44.0
-0.228,-0.093,0.135,50.0,0.0,4.0,44.0
-0.197,-0.114,0.083,50.0,0.0,4.0,44.0
-0.186,-0.113,0.073,50.0,0.0,4.0,44.0
-0.17,-0.131,0.039,50.0,0.0,4.0,44.0
-0.226,-0.093,0.133,50.0,0.0,4.0,44.0
-0.195,-0.113,0.082,50.0,0.0,4.0,44.0
-0.187,-0.113,0.074,50.0,0.0,4.0,44.0
-0.171,-0.131,0.04,50.0,0.0,4.0,44.0
-0.228,-0.092,0.136,50.0,0.0,4.0,44.0
-0.197,-0.113,0.084,50.0,0.0,4.0,44.0
-0.19,-0.114,0.076,50.0,0.0,4.0,44.0
-0.175,-0.133,0.042,50.0,0.0,4.0,44.0
-0.23,-0.093,0.137,50.0,0.0,4.0,44.0
-0.199,-0.114,0.085,50.0,0.0,4.0,44.0
-0.186,-0.114,0.072,50.0,0.0,4.0,44.0
-0.171,-0.132,0.039,50.0,0.0,4.0,44.0
-0.227,-0.093,0.134,50.0,0.0,4.0,44.0
-0.196,-0.114,0.082,50.0,0.0,4.0,44.0
-0.187,-0.114,0.073,50.0,0.0,4.0,44.0
-0.171,-0.131,0.04,50.0,0.0,4.0,44.0
-0.227,-0.093,0.134,50.0,0.0,4.0,44.0
-0.196,-0.114,0.082,50.0,0.0,4.0,44.0
-0.187,-0.113,0.074,50.0,0.0,4.0,44.0
-0.171,-0.131,0.04,50.0,0.0,4.0,44.0
-0.228,-0.092,0.136,50.0,0.0,4.0,44.0
-0.197,-0.114,0.083,50.0,0.0,4.0,44.0
-0.187,-0.113,0.074,50.0,0.0,4.0,44.0
-0.171,-0.131,0.04,50.0,0.0,4.0,44.0
-0.228,-0.092,0.136,50.0,0.0,4.0,44.0
-0.196,-0.113,0.083,50.0,0.0,4.0,44.0
-0.189,-0.114,0.075,50.0,0.0,4.0,44.0
-0.173,-0.132,0.041,50.0,0.0,4.0,44.0
-0.229,-0.092,0.137,50.0,0.0,4.0,44.0
-0.198,-0.114,0.084,50.0,0.0,4.0,44.0
-0.188,-0.113,0.075,50.0,0.0,4.0,44.0
-0.172,-0.131,0.041,50.0,0.0,4.0,44.0
-0.229,-0.092,0.137,50.0,0.0,4.0,44.0
-0.197,-0.113,0.084,50.0,0.0,4.0,44.0
-0.188,-0.113,0.075,50.0,0.0,4.0,44.0
-0.173,-0.132,0.041,50.0,0.0,4.0,44.0
-0.229,-0.092,0.137,50.0,0.0,4.0,44.0
-0.198,-0.114,0.084,50.0,0.0,4.0,44.0
-0.188,-0.114,0.074,50.0,0.0,4.0,44.0
-0.173,-0.133,0.04,50.0,0.0,4.0,44.0
-0.228,-0.093,0.135,50.0,0.0,4.0,44.0
-0.198,-0.114,0.084,50.0,0.0,4.0,44.0
-0.187,-0.114,0.073,50.0,0.0,4.0,44.0
-0.172,-0.132,0.04,50.0,0.0,4.0,44.0
-0.228,-0.092,0.136,50.0,0.0,4.0,44.0
-0.197,-0.114,0.083,50.0,0.0,4.0,44.0
-0.188,-0.113,0.075,50.0,0.0,4.0,44.0
-0.172,-0.131,0.041,50.0,0.0,4.0,44.0
-0.229,-0.092,0.137,50.0,0.0,4.0,44.0
-0.197,-0.113,0.084,50.0,0.0,4.0,44.0
-0.188,-0.113,0.075,50.0,0.0,4.0,44.0
-0.171,-0.131,0.04,50.0,0.0,4.0,44.0
-0.229,-0.092,0.137,50.0,0.0,4.0,44.0
-0.197,-0.113,0.084,50.0,0.0,4.0,44.0
-0.187,-0.113,0.074,50.0,0.0,4.0,44.0
-0.171,-0.131,0.04,50.0,0.0,4.0,44.0
-0.228,-0.092,0.136,50.0,0.0,4.0,44.0
-0.197,-0.113,0.084,50.0,0.0,4.0,44.0
-0.188,-0.114,0.074,50.0,0.0,4.0,44.0
-0.172,-0.132,0.04,50.0,0.0,4.0,44.0
-0.228,-0.093,0.135,50.0,0.0,4.0,44.0
-0.197,-0.114,0.083,50.0,0.0,4.0,44.0
-0.187,-0.113,0.074,50.0,0.0,4.0,44.0
-0.171,-0.131,0.04,50.0,0.0,4.0,44.0
-0.228,-0.092,0.136,50.0,0.0,4.0,44.0
-0.197,-0.113,0.084,50.0,0.0,4.0,44.0
-0.183,-0.069,0.114,51.0,0.0,0.0,45.0
-0.166,-0.092,0.074,51.0,0.0,0.0,45.0
-0.225,-0.043,0.182,51.0,0.0,0.0,45.0
-0.192,-0.067,0.125,51.0,0.0,0.0,45.0
-0.183,-0.069,0.114,51.0,0.0,0.0,45.0
-0.166,-0.092,0.074,51.0,0.0,0.0,45.0
-0.225,-0.043,0.182,51.0,0.0,0.0,45.0
-0.192,-0.067,0.125,51.0,0.0,0.0,45.0
-0.197,-0.092,0.105,19.0,1.0,0.0,23.0
-0.179,-0.114,0.065,19.0,1.0,0.0,23.0
-0.239,-0.065,0.174,19.0,1.0,0.0,23.0
-0.207,-0.091,0.116,19.0,1.0,0.0,23.0
-0.2,-0.093,0.107,19.0,1.0,0.0,23.0
-0.182,-0.116,0.066,19.0,1.0,0.0,23.0
-0.242,-0.066,0.176,19.0,1.0,0.0,23.0
-0.21,-0.092,0.118,19.0,1.0,0.0,23.0
-0.199,-0.092,0.107,19.0,1.0,0.0,23.0
-0.181,-0.115,0.066,19.0,1.0,0.0,23.0
-0.24,-0.065,0.175,19.0,1.0,0.0,23.0
-0.208,-0.091,0.117,19.0,1.0,0.0,23.0
-0.198,-0.093,0.105,19.0,1.0,0.0,23.0
-0.181,-0.116,0.065,19.0,1.0,0.0,23.0
-0.24,-0.067,0.173,19.0,1.0,0.0,23.0
-0.208,-0.092,0.116,19.0,1.0,0.0,23.0
-0.188,-0.043,0.145,27.0,0.0,0.0,31.0
-0.171,-0.07,0.101,27.0,0.0,0.0,31.0
-0.23,-0.013,0.217,27.0,0.0,0.0,31.0
-0.197,-0.04,0.157,27.0,0.0,0.0,31.0
-0.19,-0.046,0.144,27.0,0.0,0.0,31.0
-0.172,-0.071,0.101,27.0,0.0,0.0,31.0
-0.231,-0.016,0.215,27.0,0.0,0.0,31.0
-0.199,-0.043,0.156,27.0,0.0,0.0,31.0
-0.197,-0.087,0.11,22.0,1.0,0.0,23.0
-0.178,-0.109,0.069,22.0,1.0,0.0,23.0
-0.24,-0.061,0.179,22.0,1.0,0.0,23.0
-0.207,-0.086,0.121,22.0,1.0,0.0,23.0
-0.196,-0.086,0.11,22.0,1.0,0.0,23.0
-0.176,-0.108,0.068,22.0,1.0,0.0,23.0
-0.238,-0.06,0.178,22.0,1.0,0.0,23.0
-0.205,-0.085,0.12,22.0,1.0,0.0,23.0
-0.195,-0.086,0.109,22.0,1.0,0.0,23.0
-0.176,-0.108,0.068,22.0,1.0,0.0,23.0
-0.238,-0.06,0.178,22.0,1.0,0.0,23.0
-0.205,-0.085,0.12,22.0,1.0,0.0,23.0
-0.196,-0.086,0.11,22.0,1.0,0.0,23.0
-0.177,-0.108,0.069,22.0,1.0,0.0,23.0
-0.238,-0.06,0.178,22.0,1.0,0.0,23.0
-0.206,-0.085,0.121,22.0,1.0,0.0,23.0
-0.197,-0.087,0.11,22.0,1.0,0.0,23.0
-0.178,-0.109,0.069,22.0,1.0,0.0,23.0
-0.24,-0.061,0.179,22.0,1.0,0.0,23.0
-0.207,-0.086,0.121,22.0,1.0,0.0,23.0
-0.193,-0.086,0.107,22.0,1.0,0.0,23.0
-0.173,-0.108,0.065,22.0,1.0,0.0,23.0
-0.235,-0.06,0.175,22.0,1.0,0.0,23.0
-0.203,-0.085,0.118,22.0,1.0,0.0,23.0
-0.196,-0.086,0.11,22.0,1.0,0.0,23.0
-0.177,-0.108,0.069,22.0,1.0,0.0,23.0
-0.239,-0.059,0.18,22.0,1.0,0.0,23.0
-0.206,-0.085,0.121,22.0,1.0,0.0,23.0
-0.195,-0.086,0.109,22.0,1.0,0.0,23.0
-0.175,-0.107,0.068,22.0,1.0,0.0,23.0
-0.237,-0.059,0.178,22.0,1.0,0.0,23.0
-0.205,-0.084,0.121,22.0,1.0,0.0,23.0
-0.197,-0.087,0.11,22.0,1.0,0.0,23.0
-0.178,-0.109,0.069,22.0,1.0,0.0,23.0
-0.24,-0.061,0.179,22.0,1.0,0.0,23.0
-0.207,-0.086,0.121,22.0,1.0,0.0,23.0
-0.194,-0.086,0.108,22.0,1.0,0.0,23.0
-0.174,-0.108,0.066,22.0,1.0,0.0,23.0
-0.236,-0.06,0.176,22.0,1.0,0.0,23.0
-0.203,-0.085,0.118,22.0,1.0,0.0,23.0
-0.193,-0.086,0.107,22.0,1.0,0.0,23.0
-0.173,-0.108,0.065,22.0,1.0,0.0,23.0
-0.235,-0.059,0.176,22.0,1.0,0.0,23.0
-0.202,-0.085,0.117,22.0,1.0,0.0,23.0
-0.195,-0.087,0.108,22.0,1.0,0.0,23.0
-0.176,-0.109,0.067,22.0,1.0,0.0,23.0
-0.237,-0.06,0.177,22.0,1.0,0.0,23.0
-0.205,-0.086,0.119,22.0,1.0,0.0,23.0
-0.193,-0.086,0.107,22.0,1.0,0.0,23.0
-0.174,-0.108,0.066,22.0,1.0,0.0,23.0
-0.236,-0.06,0.176,22.0,1.0,0.0,23.0
-0.203,-0.085,0.118,22.0,1.0,0.0,23.0
-0.19,-0.086,0.104,22.0,1.0,0.0,23.0
-0.17,-0.107,0.063,22.0,1.0,0.0,23.0
-0.233,-0.059,0.174,22.0,1.0,0.0,23.0
-0.2,-0.084,0.116,22.0,1.0,0.0,23.0
-0.194,-0.087,0.107,22.0,1.0,0.0,23.0
-0.174,-0.109,0.065,22.0,1.0,0.0,23.0
-0.236,-0.061,0.175,22.0,1.0,0.0,23.0
-0.203,-0.086,0.117,22.0,1.0,0.0,23.0
-0.179,-0.103,0.076,31.0,0.0,0.0,47.0
-0.165,-0.123,0.042,31.0,0.0,0.0,47.0
-0.218,-0.081,0.137,31.0,0.0,0.0,47.0
-0.188,-0.103,0.085,31.0,0.0,0.0,47.0
-0.179,-0.103,0.076,31.0,0.0,0.0,47.0
-0.165,-0.123,0.042,31.0,0.0,0.0,47.0
-0.218,-0.08,0.138,31.0,0.0,0.0,47.0
-0.188,-0.102,0.086,31.0,0.0,0.0,47.0
-0.179,-0.103,0.076,31.0,0.0,0.0,47.0
-0.165,-0.123,0.042,31.0,0.0,0.0,47.0
-0.218,-0.08,0.138,31.0,0.0,0.0,47.0
-0.188,-0.102,0.086,31.0,0.0,0.0,47.0
-0.179,-0.103,0.076,31.0,0.0,0.0,47.0
-0.165,-0.123,0.042,31.0,0.0,0.0,47.0
-0.218,-0.081,0.137,31.0,0.0,0.0,47.0
-0.188,-0.103,0.085,31.0,0.0,0.0,47.0
-0.179,-0.103,0.076,31.0,0.0,0.0,47.0
-0.165,-0.124,0.041,31.0,0.0,0.0,47.0
-0.217,-0.081,0.136,31.0,0.0,0.0,47.0
-0.188,-0.103,0.085,31.0,0.0,0.0,47.0
-0.179,-0.103,0.076,31.0,0.0,0.0,47.0
-0.165,-0.124,0.041,31.0,0.0,0.0,47.0
-0.218,-0.081,0.137,31.0,0.0,0.0,47.0
-0.188,-0.103,0.085,31.0,0.0,0.0,47.0
-0.179,-0.103,0.076,31.0,0.0,0.0,47.0
-0.165,-0.123,0.042,31.0,0.0,0.0,47.0
-0.218,-0.081,0.137,31.0,0.0,0.0,47.0
-0.188,-0.103,0.085,31.0,0.0,0.0,47.0
-0.179,-0.103,0.076,31.0,0.0,0.0,47.0
-0.165,-0.124,0.041,31.0,0.0,0.0,47.0
-0.218,-0.081,0.137,31.0,0.0,0.0,47.0
-0.188,-0.103,0.085,31.0,0.0,0.0,47.0
-0.179,-0.103,0.076,31.0,0.0,0.0,47.0
-0.165,-0.124,0.041,31.0,0.0,0.0,47.0
-0.218,-0.081,0.137,31.0,0.0,0.0,47.0
-0.188,-0.103,0.085,31.0,0.0,0.0,47.0
-0.181,-0.107,0.074,37.0,6.0,0.0,43.0
-0.166,-0.124,0.042,37.0,6.0,0.0,43.0
-0.22,-0.088,0.132,37.0,6.0,0.0,43.0
-0.19,-0.107,0.083,37.0,6.0,0.0,43.0
-0.18,-0.107,0.073,37.0,6.0,0.0,43.0
-0.165,-0.125,0.04,37.0,6.0,0.0,43.0
-0.22,-0.088,0.132,37.0,6.0,0.0,43.0
-0.19,-0.107,0.083,37.0,6.0,0.0,43.0
-0.181,-0.107,0.074,37.0,6.0,0.0,43.0
-0.165,-0.125,0.04,37.0,6.0,0.0,43.0
-0.22,-0.088,0.132,37.0,6.0,0.0,43.0
-0.19,-0.108,0.082,37.0,6.0,0.0,43.0
-0.181,-0.107,0.074,37.0,6.0,0.0,43.0
-0.166,-0.124,0.042,37.0,6.0,0.0,43.0
-0.22,-0.088,0.132,37.0,6.0,0.0,43.0
-0.19,-0.107,0.083,37.0,6.0,0.0,43.0
-0.181,-0.107,0.074,37.0,6.0,0.0,43.0
-0.166,-0.124,0.042,37.0,6.0,0.0,43.0
-0.221,-0.088,0.133,37.0,6.0,0.0,43.0
-0.191,-0.107,0.084,37.0,6.0,0.0,43.0
-0.181,-0.107,0.074,37.0,6.0,0.0,43.0
-0.165,-0.125,0.04,37.0,6.0,0.0,43.0
-0.22,-0.088,0.132,37.0,6.0,0.0,43.0
-0.19,-0.108,0.082,37.0,6.0,0.0,43.0
-0.181,-0.107,0.074,37.0,6.0,0.0,43.0
-0.165,-0.125,0.04,37.0,6.0,0.0,43.0
-0.22,-0.088,0.132,37.0,6.0,0.0,43.0
-0.19,-0.108,0.082,37.0,6.0,0.0,43.0
-0.181,-0.107,0.074,37.0,6.0,0.0,43.0
-0.166,-0.125,0.041,37.0,6.0,0.0,43.0
-0.22,-0.088,0.132,37.0,6.0,0.0,43.0
-0.19,-0.108,0.082,37.0,6.0,0.0,43.0
-0.181,-0.107,0.074,37.0,6.0,0.0,43.0
-0.166,-0.125,0.041,37.0,6.0,0.0,43.0
-0.22,-0.088,0.132,37.0,6.0,0.0,43.0
-0.19,-0.107,0.083,37.0,6.0,0.0,43.0
-0.181,-0.107,0.074,37.0,6.0,0.0,43.0
-0.166,-0.125,0.041,37.0,6.0,0.0,43.0
-0.221,-0.088,0.133,37.0,6.0,0.0,43.0
-0.19,-0.107,0.083,37.0,6.0,0.0,43.0
-0.18,-0.107,0.073,37.0,6.0,0.0,43.0
-0.165,-0.125,0.04,37.0,6.0,0.0,43.0
-0.219,-0.088,0.131,37.0,6.0,0.0,43.0
-0.19,-0.107,0.083,37.0,6.0,0.0,43.0
-0.181,-0.107,0.074,37.0,6.0,0.0,43.0
-0.166,-0.125,0.041,37.0,6.0,0.0,43.0
-0.221,-0.089,0.132,37.0,6.0,0.0,43.0
-0.191,-0.108,0.083,37.0,6.0,0.0,43.0
-0.181,-0.107,0.074,37.0,6.0,0.0,43.0
-0.166,-0.125,0.041,37.0,6.0,0.0,43.0
-0.22,-0.088,0.132,37.0,6.0,0.0,43.0
-0.19,-0.108,0.082,37.0,6.0,0.0,43.0
-0.181,-0.107,0.074,37.0,6.0,0.0,43.0
-0.166,-0.125,0.041,37.0,6.0,0.0,43.0
-0.22,-0.088,0.132,37.0,6.0,0.0,43.0
-0.191,-0.108,0.083,37.0,6.0,0.0,43.0
-0.181,-0.107,0.074,37.0,6.0,0.0,43.0
-0.166,-0.125,0.041,37.0,6.0,0.0,43.0
-0.22,-0.088,0.132,37.0,6.0,0.0,43.0
-0.19,-0.108,0.082,37.0,6.0,0.0,43.0
-0.181,-0.107,0.074,37.0,6.0,0.0,43.0
-0.166,-0.125,0.041,37.0,6.0,0.0,43.0
-0.22,-0.089,0.131,37.0,6.0,0.0,43.0
-0.19,-0.108,0.082,37.0,6.0,0.0,43.0
-0.181,-0.107,0.074,37.0,6.0,0.0,43.0
-0.166,-0.125,0.041,37.0,6.0,0.0,43.0
-0.22,-0.088,0.132,37.0,6.0,0.0,43.0
-0.19,-0.107,0.083,37.0,6.0,0.0,43.0
-0.181,-0.107,0.074,37.0,6.0,0.0,43.0
-0.165,-0.125,0.04,37.0,6.0,0.0,43.0
-0.22,-0.088,0.132,37.0,6.0,0.0,43.0
-0.19,-0.108,0.082,37.0,6.0,0.0,43.0
-0.188,-0.117,0.071,62.0,15.0,0.0,36.0
-0.175,-0.135,0.04,62.0,15.0,0.0,36.0
-0.225,-0.095,0.13,62.0,15.0,0.0,36.0
-0.197,-0.117,0.08,62.0,15.0,0.0,36.0
-0.188,-0.117,0.071,62.0,15.0,0.0,36.0
-0.175,-0.135,0.04,62.0,15.0,0.0,36.0
-0.224,-0.095,0.129,62.0,15.0,0.0,36.0
-0.197,-0.117,0.08,62.0,15.0,0.0,36.0
-0.188,-0.118,0.07,62.0,15.0,0.0,36.0
-0.175,-0.135,0.04,62.0,15.0,0.0,36.0
-0.224,-0.095,0.129,62.0,15.0,0.0,36.0
-0.197,-0.117,0.08,62.0,15.0,0.0,36.0
-0.189,-0.116,0.073,62.0,15.0,0.0,36.0
-0.176,-0.134,0.042,62.0,15.0,0.0,36.0
-0.226,-0.093,0.133,62.0,15.0,0.0,36.0
-0.198,-0.115,0.083,62.0,15.0,0.0,36.0
-0.188,-0.118,0.07,62.0,15.0,0.0,36.0
-0.175,-0.135,0.04,62.0,15.0,0.0,36.0
-0.225,-0.095,0.13,62.0,15.0,0.0,36.0
-0.197,-0.117,0.08,62.0,15.0,0.0,36.0
-0.186,-0.117,0.069,62.0,15.0,0.0,36.0
-0.173,-0.134,0.039,62.0,15.0,0.0,36.0
-0.222,-0.095,0.127,62.0,15.0,0.0,36.0
-0.195,-0.116,0.079,62.0,15.0,0.0,36.0
-0.187,-0.116,0.071,62.0,15.0,0.0,36.0
-0.174,-0.134,0.04,62.0,15.0,0.0,36.0
-0.223,-0.094,0.129,62.0,15.0,0.0,36.0
-0.195,-0.116,0.079,62.0,15.0,0.0,36.0
-0.189,-0.117,0.072,62.0,15.0,0.0,36.0
-0.176,-0.135,0.041,62.0,15.0,0.0,36.0
-0.226,-0.095,0.131,62.0,15.0,0.0,36.0
-0.198,-0.116,0.082,62.0,15.0,0.0,36.0
-0.188,-0.117,0.071,62.0,15.0,0.0,36.0
-0.175,-0.135,0.04,62.0,15.0,0.0,36.0
-0.225,-0.095,0.13,62.0,15.0,0.0,36.0
-0.196,-0.117,0.079,62.0,15.0,0.0,36.0
-0.188,-0.118,0.07,62.0,15.0,0.0,36.0
-0.175,-0.135,0.04,62.0,15.0,0.0,36.0
-0.224,-0.095,0.129,62.0,15.0,0.0,36.0
-0.196,-0.117,0.079,62.0,15.0,0.0,36.0
-0.188,-0.117,0.071,62.0,15.0,0.0,36.0
-0.175,-0.135,0.04,62.0,15.0,0.0,36.0
-0.225,-0.095,0.13,62.0,15.0,0.0,36.0
-0.197,-0.117,0.08,62.0,15.0,0.0,36.0
-0.189,-0.117,0.072,62.0,15.0,0.0,36.0
-0.176,-0.135,0.041,62.0,15.0,0.0,36.0
-0.226,-0.095,0.131,62.0,15.0,0.0,36.0
-0.198,-0.117,0.081,62.0,15.0,0.0,36.0
-0.189,-0.116,0.073,62.0,15.0,0.0,36.0
-0.176,-0.134,0.042,62.0,15.0,0.0,36.0
-0.225,-0.094,0.131,62.0,15.0,0.0,36.0
-0.197,-0.116,0.081,62.0,15.0,0.0,36.0
-0.187,-0.118,0.069,62.0,15.0,0.0,36.0
-0.174,-0.135,0.039,62.0,15.0,0.0,36.0
-0.223,-0.096,0.127,62.0,15.0,0.0,36.0
-0.196,-0.117,0.079,62.0,15.0,0.0,36.0
-0.189,-0.117,0.072,62.0,15.0,0.0,36.0
-0.176,-0.135,0.041,62.0,15.0,0.0,36.0
-0.226,-0.095,0.131,62.0,15.0,0.0,36.0
-0.198,-0.117,0.081,62.0,15.0,0.0,36.0
-0.188,-0.118,0.07,62.0,15.0,0.0,36.0
-0.175,-0.135,0.04,62.0,15.0,0.0,36.0
-0.224,-0.095,0.129,62.0,15.0,0.0,36.0
-0.196,-0.117,0.079,62.0,15.0,0.0,36.0
-0.187,-0.117,0.07,62.0,15.0,0.0,36.0
-0.174,-0.134,0.04,62.0,15.0,0.0,36.0
-0.223,-0.095,0.128,62.0,15.0,0.0,36.0
-0.195,-0.116,0.079,62.0,15.0,0.0,36.0
-0.19,-0.117,0.073,62.0,15.0,0.0,36.0
-0.176,-0.134,0.042,62.0,15.0,0.0,36.0
-0.226,-0.094,0.132,62.0,15.0,0.0,36.0
-0.198,-0.116,0.082,62.0,15.0,0.0,36.0
-0.178,-0.097,0.081,27.0,0.0,0.0,35.0
-0.163,-0.117,0.046,27.0,0.0,0.0,35.0
-0.216,-0.073,0.143,27.0,0.0,0.0,35.0
-0.186,-0.096,0.09,27.0,0.0,0.0,35.0
-0.177,-0.097,0.08,27.0,0.0,0.0,35.0
-0.163,-0.117,0.046,27.0,0.0,0.0,35.0
-0.216,-0.073,0.143,27.0,0.0,0.0,35.0
-0.186,-0.096,0.09,27.0,0.0,0.0,35.0
-0.178,-0.098,0.08,27.0,0.0,0.0,35.0
-0.164,-0.118,0.046,27.0,0.0,0.0,35.0
-0.217,-0.074,0.143,27.0,0.0,0.0,35.0
-0.187,-0.097,0.09,27.0,0.0,0.0,35.0
-0.178,-0.098,0.08,27.0,0.0,0.0,35.0
-0.164,-0.118,0.046,27.0,0.0,0.0,35.0
-0.217,-0.074,0.143,27.0,0.0,0.0,35.0
-0.187,-0.097,0.09,27.0,0.0,0.0,35.0
-0.178,-0.098,0.08,27.0,0.0,0.0,35.0
-0.164,-0.118,0.046,27.0,0.0,0.0,35.0
-0.216,-0.074,0.142,27.0,0.0,0.0,35.0
-0.187,-0.097,0.09,27.0,0.0,0.0,35.0
-0.178,-0.097,0.081,27.0,0.0,0.0,35.0
-0.164,-0.118,0.046,27.0,0.0,0.0,35.0
-0.217,-0.074,0.143,27.0,0.0,0.0,35.0
-0.187,-0.097,0.09,27.0,0.0,0.0,35.0
-0.178,-0.098,0.08,27.0,0.0,0.0,35.0
-0.164,-0.118,0.046,27.0,0.0,0.0,35.0
-0.216,-0.074,0.142,27.0,0.0,0.0,35.0
-0.187,-0.097,0.09,27.0,0.0,0.0,35.0
-0.178,-0.097,0.081,27.0,0.0,0.0,35.0
-0.163,-0.117,0.046,27.0,0.0,0.0,35.0
-0.216,-0.073,0.143,27.0,0.0,0.0,35.0
-0.186,-0.096,0.09,27.0,0.0,0.0,35.0
-0.178,-0.097,0.081,27.0,0.0,0.0,35.0
-0.163,-0.117,0.046,27.0,0.0,0.0,35.0
-0.216,-0.073,0.143,27.0,0.0,0.0,35.0
-0.186,-0.096,0.09,27.0,0.0,0.0,35.0
-0.178,-0.097,0.081,27.0,0.0,0.0,35.0
-0.163,-0.117,0.046,27.0,0.0,0.0,35.0
-0.216,-0.073,0.143,27.0,0.0,0.0,35.0
-0.186,-0.096,0.09,27.0,0.0,0.0,35.0
-0.178,-0.097,0.081,27.0,0.0,0.0,35.0
-0.163,-0.117,0.046,27.0,0.0,0.0,35.0
-0.216,-0.073,0.143,27.0,0.0,0.0,35.0
-0.186,-0.096,0.09,27.0,0.0,0.0,35.0
-0.178,-0.098,0.08,27.0,0.0,0.0,35.0
-0.164,-0.118,0.046,27.0,0.0,0.0,35.0
-0.217,-0.074,0.143,27.0,0.0,0.0,35.0
-0.187,-0.097,0.09,27.0,0.0,0.0,35.0
-0.178,-0.097,0.081,27.0,0.0,0.0,35.0
-0.163,-0.117,0.046,27.0,0.0,0.0,35.0
-0.216,-0.073,0.143,27.0,0.0,0.0,35.0
-0.186,-0.096,0.09,27.0,0.0,0.0,35.0
-0.178,-0.098,0.08,27.0,0.0,0.0,35.0
-0.164,-0.118,0.046,27.0,0.0,0.0,35.0
-0.216,-0.074,0.142,27.0,0.0,0.0,35.0
-0.187,-0.097,0.09,27.0,0.0,0.0,35.0
-0.178,-0.098,0.08,27.0,0.0,0.0,35.0
-0.164,-0.118,0.046,27.0,0.0,0.0,35.0
-0.217,-0.074,0.143,27.0,0.0,0.0,35.0
-0.187,-0.097,0.09,27.0,0.0,0.0,35.0
-0.178,-0.098,0.08,27.0,0.0,0.0,35.0
-0.164,-0.118,0.046,27.0,0.0,0.0,35.0
-0.217,-0.074,0.143,27.0,0.0,0.0,35.0
-0.187,-0.097,0.09,27.0,0.0,0.0,35.0
-0.178,-0.097,0.081,27.0,0.0,0.0,35.0
-0.163,-0.117,0.046,27.0,0.0,0.0,35.0
-0.216,-0.073,0.143,27.0,0.0,0.0,35.0
-0.186,-0.096,0.09,27.0,0.0,0.0,35.0
-0.177,-0.097,0.08,27.0,0.0,0.0,35.0
-0.163,-0.118,0.045,27.0,0.0,0.0,35.0
-0.216,-0.074,0.142,27.0,0.0,0.0,35.0
-0.186,-0.096,0.09,27.0,0.0,0.0,35.0
-0.178,-0.08,0.098,62.0,0.0,0.0,45.0
-0.16,-0.101,0.059,62.0,0.0,0.0,45.0
-0.221,-0.056,0.165,62.0,0.0,0.0,45.0
-0.187,-0.078,0.109,62.0,0.0,0.0,45.0
-0.179,-0.08,0.099,62.0,0.0,0.0,45.0
-0.16,-0.101,0.059,62.0,0.0,0.0,45.0
-0.221,-0.055,0.166,62.0,0.0,0.0,45.0
-0.188,-0.078,0.11,62.0,0.0,0.0,45.0
-0.183,-0.079,0.104,62.0,0.0,0.0,45.0
-0.163,-0.102,0.061,62.0,0.0,0.0,45.0
-0.226,-0.053,0.173,62.0,0.0,0.0,45.0
-0.192,-0.077,0.115,62.0,0.0,0.0,45.0
-0.179,-0.079,0.1,62.0,0.0,0.0,45.0
-0.16,-0.101,0.059,62.0,0.0,0.0,45.0
-0.221,-0.055,0.166,62.0,0.0,0.0,45.0
-0.188,-0.078,0.11,62.0,0.0,0.0,45.0
-0.179,-0.08,0.099,62.0,0.0,0.0,45.0
-0.16,-0.101,0.059,62.0,0.0,0.0,45.0
-0.221,-0.056,0.165,62.0,0.0,0.0,45.0
-0.188,-0.078,0.11,62.0,0.0,0.0,45.0
-0.179,-0.079,0.1,62.0,0.0,0.0,45.0
-0.16,-0.101,0.059,62.0,0.0,0.0,45.0
-0.221,-0.055,0.166,62.0,0.0,0.0,45.0
-0.188,-0.078,0.11,62.0,0.0,0.0,45.0
-0.179,-0.08,0.099,62.0,0.0,0.0,45.0
-0.16,-0.102,0.058,62.0,0.0,0.0,45.0
-0.221,-0.055,0.166,62.0,0.0,0.0,45.0
-0.188,-0.078,0.11,62.0,0.0,0.0,45.0
-0.178,-0.08,0.098,62.0,0.0,0.0,45.0
-0.16,-0.101,0.059,62.0,0.0,0.0,45.0
-0.221,-0.056,0.165,62.0,0.0,0.0,45.0
-0.188,-0.078,0.11,62.0,0.0,0.0,45.0
-0.172,-0.082,0.09,62.0,0.0,0.0,45.0
-0.155,-0.103,0.052,62.0,0.0,0.0,45.0
-0.213,-0.059,0.154,62.0,0.0,0.0,45.0
-0.181,-0.081,0.1,62.0,0.0,0.0,45.0
-0.183,-0.079,0.104,62.0,0.0,0.0,45.0
-0.163,-0.102,0.061,62.0,0.0,0.0,45.0
-0.226,-0.053,0.173,62.0,0.0,0.0,45.0
-0.192,-0.077,0.115,62.0,0.0,0.0,45.0
-0.178,-0.079,0.099,62.0,0.0,0.0,45.0
-0.159,-0.101,0.058,62.0,0.0,0.0,45.0
-0.221,-0.055,0.166,62.0,0.0,0.0,45.0
-0.187,-0.078,0.109,62.0,0.0,0.0,45.0
-0.183,-0.079,0.104,62.0,0.0,0.0,45.0
-0.164,-0.102,0.062,62.0,0.0,0.0,45.0
-0.227,-0.053,0.174,62.0,0.0,0.0,45.0
-0.192,-0.077,0.115,62.0,0.0,0.0,45.0
-0.179,-0.079,0.1,62.0,0.0,0.0,45.0
-0.16,-0.101,0.059,62.0,0.0,0.0,45.0
-0.222,-0.055,0.167,62.0,0.0,0.0,45.0
-0.188,-0.078,0.11,62.0,0.0,0.0,45.0
-0.172,-0.083,0.089,62.0,0.0,0.0,45.0
-0.155,-0.103,0.052,62.0,0.0,0.0,45.0
-0.213,-0.06,0.153,62.0,0.0,0.0,45.0
-0.181,-0.081,0.1,62.0,0.0,0.0,45.0
-0.177,-0.081,0.096,62.0,0.0,0.0,45.0
-0.159,-0.103,0.056,62.0,0.0,0.0,45.0
-0.218,-0.058,0.16,62.0,0.0,0.0,45.0
-0.186,-0.08,0.106,62.0,0.0,0.0,45.0
-0.173,-0.082,0.091,62.0,0.0,0.0,45.0
-0.155,-0.103,0.052,62.0,0.0,0.0,45.0
-0.214,-0.059,0.155,62.0,0.0,0.0,45.0
-0.182,-0.081,0.101,62.0,0.0,0.0,45.0
-0.174,-0.082,0.092,62.0,0.0,0.0,45.0
-0.156,-0.103,0.053,62.0,0.0,0.0,45.0
-0.216,-0.059,0.157,62.0,0.0,0.0,45.0
-0.183,-0.081,0.102,62.0,0.0,0.0,45.0
-0.178,-0.08,0.098,62.0,0.0,0.0,45.0
-0.159,-0.101,0.058,62.0,0.0,0.0,45.0
-0.221,-0.056,0.165,62.0,0.0,0.0,45.0
-0.187,-0.078,0.109,62.0,0.0,0.0,45.0
-0.182,-0.078,0.104,62.0,0.0,0.0,45.0
-0.163,-0.101,0.062,62.0,0.0,0.0,45.0
-0.226,-0.053,0.173,62.0,0.0,0.0,45.0
-0.192,-0.077,0.115,62.0,0.0,0.0,45.0
-0.172,-0.082,0.09,62.0,0.0,0.0,45.0
-0.155,-0.103,0.052,62.0,0.0,0.0,45.0
-0.213,-0.059,0.154,62.0,0.0,0.0,45.0
-0.181,-0.081,0.1,62.0,0.0,0.0,45.0
-0.188,-0.099,0.089,29.0,0.0,0.0,35.0
-0.171,-0.12,0.051,29.0,0.0,0.0,35.0
-0.228,-0.075,0.153,29.0,0.0,0.0,35.0
-0.197,-0.099,0.098,29.0,0.0,0.0,35.0
-0.187,-0.099,0.088,29.0,0.0,0.0,35.0
-0.171,-0.119,0.052,29.0,0.0,0.0,35.0
-0.228,-0.075,0.153,29.0,0.0,0.0,35.0
-0.197,-0.098,0.099,29.0,0.0,0.0,35.0
-0.187,-0.1,0.087,29.0,0.0,0.0,35.0
-0.171,-0.12,0.051,29.0,0.0,0.0,35.0
-0.228,-0.075,0.153,29.0,0.0,0.0,35.0
-0.197,-0.099,0.098,29.0,0.0,0.0,35.0
-0.187,-0.099,0.088,29.0,0.0,0.0,35.0
-0.171,-0.119,0.052,29.0,0.0,0.0,35.0
-0.228,-0.074,0.154,29.0,0.0,0.0,35.0
-0.197,-0.098,0.099,29.0,0.0,0.0,35.0
-0.187,-0.1,0.087,29.0,0.0,0.0,35.0
-0.171,-0.12,0.051,29.0,0.0,0.0,35.0
-0.228,-0.075,0.153,29.0,0.0,0.0,35.0
-0.197,-0.099,0.098,29.0,0.0,0.0,35.0
-0.188,-0.1,0.088,29.0,0.0,0.0,35.0
-0.172,-0.12,0.052,29.0,0.0,0.0,35.0
-0.229,-0.075,0.154,29.0,0.0,0.0,35.0
-0.197,-0.099,0.098,29.0,0.0,0.0,35.0
-0.187,-0.099,0.088,29.0,0.0,0.0,35.0
-0.171,-0.119,0.052,29.0,0.0,0.0,35.0
-0.228,-0.075,0.153,29.0,0.0,0.0,35.0
-0.197,-0.098,0.099,29.0,0.0,0.0,35.0
-0.187,-0.099,0.088,29.0,0.0,0.0,35.0
-0.171,-0.119,0.052,29.0,0.0,0.0,35.0
-0.228,-0.075,0.153,29.0,0.0,0.0,35.0
-0.197,-0.098,0.099,29.0,0.0,0.0,35.0
-0.187,-0.099,0.088,29.0,0.0,0.0,35.0
-0.171,-0.119,0.052,29.0,0.0,0.0,35.0
-0.228,-0.075,0.153,29.0,0.0,0.0,35.0
-0.197,-0.098,0.099,29.0,0.0,0.0,35.0
-0.187,-0.1,0.087,29.0,0.0,0.0,35.0
-0.171,-0.12,0.051,29.0,0.0,0.0,35.0
-0.228,-0.076,0.152,29.0,0.0,0.0,35.0
-0.197,-0.099,0.098,29.0,0.0,0.0,35.0
-0.187,-0.1,0.087,29.0,0.0,0.0,35.0
-0.171,-0.12,0.051,29.0,0.0,0.0,35.0
-0.228,-0.076,0.152,29.0,0.0,0.0,35.0
-0.196,-0.099,0.097,29.0,0.0,0.0,35.0
-0.187,-0.1,0.087,29.0,0.0,0.0,35.0
-0.171,-0.12,0.051,29.0,0.0,0.0,35.0
-0.228,-0.076,0.152,29.0,0.0,0.0,35.0
-0.197,-0.099,0.098,29.0,0.0,0.0,35.0
-0.188,-0.099,0.089,29.0,0.0,0.0,35.0
-0.171,-0.12,0.051,29.0,0.0,0.0,35.0
-0.229,-0.075,0.154,29.0,0.0,0.0,35.0
-0.197,-0.098,0.099,29.0,0.0,0.0,35.0
-0.188,-0.099,0.089,29.0,0.0,0.0,35.0
-0.171,-0.12,0.051,29.0,0.0,0.0,35.0
-0.229,-0.075,0.154,29.0,0.0,0.0,35.0
-0.197,-0.099,0.098,29.0,0.0,0.0,35.0
-0.188,-0.099,0.089,29.0,0.0,0.0,35.0
-0.171,-0.12,0.051,29.0,0.0,0.0,35.0
-0.228,-0.075,0.153,29.0,0.0,0.0,35.0
-0.197,-0.099,0.098,29.0,0.0,0.0,35.0
-0.187,-0.099,0.088,29.0,0.0,0.0,35.0
-0.171,-0.119,0.052,29.0,0.0,0.0,35.0
-0.228,-0.074,0.154,29.0,0.0,0.0,35.0
-0.197,-0.098,0.099,29.0,0.0,0.0,35.0
-0.199,-0.092,0.107,22.0,1.0,0.0,23.0
-0.178,-0.112,0.066,22.0,1.0,0.0,23.0
-0.242,-0.067,0.175,22.0,1.0,0.0,23.0
-0.208,-0.091,0.117,22.0,1.0,0.0,23.0
-0.196,-0.094,0.102,22.0,1.0,0.0,23.0
-0.176,-0.114,0.062,22.0,1.0,0.0,23.0
-0.239,-0.07,0.169,22.0,1.0,0.0,23.0
-0.206,-0.093,0.113,22.0,1.0,0.0,23.0
-0.2,-0.093,0.107,22.0,1.0,0.0,23.0
-0.179,-0.113,0.066,22.0,1.0,0.0,23.0
-0.243,-0.068,0.175,22.0,1.0,0.0,23.0
-0.21,-0.092,0.118,22.0,1.0,0.0,23.0
-0.198,-0.091,0.107,22.0,1.0,0.0,23.0
-0.178,-0.112,0.066,22.0,1.0,0.0,23.0
-0.242,-0.067,0.175,22.0,1.0,0.0,23.0
-0.208,-0.091,0.117,22.0,1.0,0.0,23.0
-0.196,-0.094,0.102,22.0,1.0,0.0,23.0
-0.176,-0.113,0.063,22.0,1.0,0.0,23.0
-0.239,-0.07,0.169,22.0,1.0,0.0,23.0
-0.206,-0.093,0.113,22.0,1.0,0.0,23.0
-0.197,-0.095,0.102,22.0,1.0,0.0,23.0
-0.177,-0.114,0.063,22.0,1.0,0.0,23.0
-0.239,-0.071,0.168,22.0,1.0,0.0,23.0
-0.207,-0.094,0.113,22.0,1.0,0.0,23.0
-0.197,-0.095,0.102,22.0,1.0,0.0,23.0
-0.177,-0.114,0.063,22.0,1.0,0.0,23.0
-0.24,-0.071,0.169,22.0,1.0,0.0,23.0
-0.207,-0.094,0.113,22.0,1.0,0.0,23.0
-0.197,-0.095,0.102,22.0,1.0,0.0,23.0
-0.177,-0.114,0.063,22.0,1.0,0.0,23.0
-0.24,-0.071,0.169,22.0,1.0,0.0,23.0
-0.207,-0.094,0.113,22.0,1.0,0.0,23.0
-0.199,-0.092,0.107,22.0,1.0,0.0,23.0
-0.178,-0.112,0.066,22.0,1.0,0.0,23.0
-0.242,-0.068,0.174,22.0,1.0,0.0,23.0
-0.208,-0.091,0.117,22.0,1.0,0.0,23.0
-0.196,-0.094,0.102,22.0,1.0,0.0,23.0
-0.176,-0.114,0.062,22.0,1.0,0.0,23.0
-0.238,-0.07,0.168,22.0,1.0,0.0,23.0
-0.206,-0.093,0.113,22.0,1.0,0.0,23.0
-0.196,-0.094,0.102,22.0,1.0,0.0,23.0
-0.176,-0.114,0.062,22.0,1.0,0.0,23.0
-0.239,-0.07,0.169,22.0,1.0,0.0,23.0
-0.206,-0.093,0.113,22.0,1.0,0.0,23.0
-0.197,-0.095,0.102,22.0,1.0,0.0,23.0
-0.177,-0.114,0.063,22.0,1.0,0.0,23.0
-0.24,-0.071,0.169,22.0,1.0,0.0,23.0
-0.207,-0.094,0.113,22.0,1.0,0.0,23.0
-0.199,-0.092,0.107,22.0,1.0,0.0,23.0
-0.178,-0.112,0.066,22.0,1.0,0.0,23.0
-0.242,-0.067,0.175,22.0,1.0,0.0,23.0
-0.209,-0.091,0.118,22.0,1.0,0.0,23.0
-0.2,-0.092,0.108,22.0,1.0,0.0,23.0
-0.179,-0.112,0.067,22.0,1.0,0.0,23.0
-0.243,-0.068,0.175,22.0,1.0,0.0,23.0
-0.21,-0.091,0.119,22.0,1.0,0.0,23.0
-0.2,-0.093,0.107,22.0,1.0,0.0,23.0
-0.179,-0.113,0.066,22.0,1.0,0.0,23.0
-0.243,-0.069,0.174,22.0,1.0,0.0,23.0
-0.21,-0.092,0.118,22.0,1.0,0.0,23.0
-0.2,-0.092,0.108,22.0,1.0,0.0,23.0
-0.179,-0.113,0.066,22.0,1.0,0.0,23.0
-0.243,-0.068,0.175,22.0,1.0,0.0,23.0
-0.21,-0.092,0.118,22.0,1.0,0.0,23.0
-0.181,-0.112,0.069,57.0,11.0,0.0,39.0
-0.166,-0.13,0.036,57.0,11.0,0.0,39.0
-0.22,-0.092,0.128,57.0,11.0,0.0,39.0
-0.19,-0.112,0.078,57.0,11.0,0.0,39.0
-0.182,-0.113,0.069,57.0,11.0,0.0,39.0
-0.167,-0.13,0.037,57.0,11.0,0.0,39.0
-0.221,-0.093,0.128,57.0,11.0,0.0,39.0
-0.191,-0.113,0.078,57.0,11.0,0.0,39.0
-0.182,-0.112,0.07,57.0,11.0,0.0,39.0
-0.167,-0.13,0.037,57.0,11.0,0.0,39.0
-0.221,-0.092,0.129,57.0,11.0,0.0,39.0
-0.191,-0.112,0.079,57.0,11.0,0.0,39.0
-0.182,-0.114,0.068,57.0,11.0,0.0,39.0
-0.167,-0.131,0.036,57.0,11.0,0.0,39.0
-0.221,-0.094,0.127,57.0,11.0,0.0,39.0
-0.191,-0.114,0.077,57.0,11.0,0.0,39.0
-0.183,-0.114,0.069,57.0,11.0,0.0,39.0
-0.167,-0.131,0.036,57.0,11.0,0.0,39.0
-0.221,-0.094,0.127,57.0,11.0,0.0,39.0
-0.191,-0.114,0.077,57.0,11.0,0.0,39.0
-0.182,-0.111,0.071,57.0,11.0,0.0,39.0
-0.167,-0.129,0.038,57.0,11.0,0.0,39.0
-0.22,-0.091,0.129,57.0,11.0,0.0,39.0
-0.191,-0.111,0.08,57.0,11.0,0.0,39.0
-0.182,-0.113,0.069,57.0,11.0,0.0,39.0
-0.167,-0.13,0.037,57.0,11.0,0.0,39.0
-0.22,-0.092,0.128,57.0,11.0,0.0,39.0
-0.191,-0.112,0.079,57.0,11.0,0.0,39.0
-0.182,-0.113,0.069,57.0,11.0,0.0,39.0
-0.167,-0.13,0.037,57.0,11.0,0.0,39.0
-0.22,-0.093,0.127,57.0,11.0,0.0,39.0
-0.191,-0.113,0.078,57.0,11.0,0.0,39.0
-0.182,-0.114,0.068,57.0,11.0,0.0,39.0
-0.167,-0.131,0.036,57.0,11.0,0.0,39.0
-0.221,-0.094,0.127,57.0,11.0,0.0,39.0
-0.191,-0.114,0.077,57.0,11.0,0.0,39.0
-0.179,-0.112,0.067,57.0,11.0,0.0,39.0
-0.164,-0.129,0.035,57.0,11.0,0.0,39.0
-0.218,-0.092,0.126,57.0,11.0,0.0,39.0
-0.188,-0.112,0.076,57.0,11.0,0.0,39.0
-0.182,-0.114,0.068,57.0,11.0,0.0,39.0
-0.167,-0.132,0.035,57.0,11.0,0.0,39.0
-0.221,-0.094,0.127,57.0,11.0,0.0,39.0
-0.191,-0.114,0.077,57.0,11.0,0.0,39.0
-0.182,-0.111,0.071,57.0,11.0,0.0,39.0
-0.166,-0.129,0.037,57.0,11.0,0.0,39.0
-0.22,-0.091,0.129,57.0,11.0,0.0,39.0
-0.19,-0.111,0.079,57.0,11.0,0.0,39.0
-0.182,-0.113,0.069,57.0,11.0,0.0,39.0
-0.167,-0.13,0.037,57.0,11.0,0.0,39.0
-0.22,-0.093,0.127,57.0,11.0,0.0,39.0
-0.191,-0.113,0.078,57.0,11.0,0.0,39.0
-0.182,-0.111,0.071,57.0,11.0,0.0,39.0
-0.167,-0.129,0.038,57.0,11.0,0.0,39.0
-0.22,-0.091,0.129,57.0,11.0,0.0,39.0
-0.191,-0.111,0.08,57.0,11.0,0.0,39.0
-0.181,-0.113,0.068,57.0,11.0,0.0,39.0
-0.166,-0.13,0.036,57.0,11.0,0.0,39.0
-0.22,-0.092,0.128,57.0,11.0,0.0,39.0
-0.19,-0.112,0.078,57.0,11.0,0.0,39.0
-0.183,-0.114,0.069,57.0,11.0,0.0,39.0
-0.168,-0.132,0.036,57.0,11.0,0.0,39.0
-0.221,-0.094,0.127,57.0,11.0,0.0,39.0
-0.191,-0.114,0.077,57.0,11.0,0.0,39.0
-0.194,-0.068,0.126,17.0,0.0,0.0,19.0
-0.174,-0.091,0.083,17.0,0.0,0.0,19.0
-0.237,-0.041,0.196,17.0,0.0,0.0,19.0
-0.204,-0.066,0.138,17.0,0.0,0.0,19.0
-0.193,-0.065,0.128,17.0,0.0,0.0,19.0
-0.173,-0.089,0.084,17.0,0.0,0.0,19.0
-0.236,-0.039,0.197,17.0,0.0,0.0,19.0
-0.202,-0.064,0.138,17.0,0.0,0.0,19.0
-0.193,-0.067,0.126,17.0,0.0,0.0,19.0
-0.173,-0.09,0.083,17.0,0.0,0.0,19.0
-0.236,-0.04,0.196,17.0,0.0,0.0,19.0
-0.202,-0.065,0.137,17.0,0.0,0.0,19.0
-0.192,-0.065,0.127,17.0,0.0,0.0,19.0
-0.172,-0.088,0.084,17.0,0.0,0.0,19.0
-0.235,-0.038,0.197,17.0,0.0,0.0,19.0
-0.201,-0.063,0.138,17.0,0.0,0.0,19.0
-0.189,-0.096,0.093,28.0,0.0,0.0,26.0
-0.174,-0.124,0.05,28.0,0.0,0.0,26.0
-0.229,-0.072,0.157,28.0,0.0,0.0,26.0
-0.198,-0.095,0.103,28.0,0.0,0.0,26.0
-0.191,-0.096,0.095,28.0,0.0,0.0,26.0
-0.175,-0.124,0.051,28.0,0.0,0.0,26.0
-0.231,-0.071,0.16,28.0,0.0,0.0,26.0
-0.2,-0.094,0.106,28.0,0.0,0.0,26.0
-0.191,-0.096,0.095,28.0,0.0,0.0,26.0
-0.175,-0.124,0.051,28.0,0.0,0.0,26.0
-0.232,-0.072,0.16,28.0,0.0,0.0,26.0
-0.2,-0.094,0.106,28.0,0.0,0.0,26.0
-0.189,-0.096,0.093,28.0,0.0,0.0,26.0
-0.174,-0.124,0.05,28.0,0.0,0.0,26.0
-0.229,-0.073,0.156,28.0,0.0,0.0,26.0
-0.199,-0.095,0.104,28.0,0.0,0.0,26.0
-0.189,-0.097,0.092,28.0,0.0,0.0,26.0
-0.174,-0.124,0.05,28.0,0.0,0.0,26.0
-0.229,-0.072,0.157,28.0,0.0,0.0,26.0
-0.198,-0.095,0.103,28.0,0.0,0.0,26.0
-0.189,-0.096,0.093,28.0,0.0,0.0,26.0
-0.174,-0.124,0.05,28.0,0.0,0.0,26.0
-0.229,-0.072,0.157,28.0,0.0,0.0,26.0
-0.198,-0.095,0.103,28.0,0.0,0.0,26.0
-0.181,-0.092,0.089,31.0,0.0,0.0,30.0
-0.166,-0.112,0.054,31.0,0.0,0.0,30.0
-0.221,-0.069,0.152,31.0,0.0,0.0,30.0
-0.19,-0.092,0.098,31.0,0.0,0.0,30.0
-0.181,-0.092,0.089,31.0,0.0,0.0,30.0
-0.166,-0.112,0.054,31.0,0.0,0.0,30.0
-0.222,-0.068,0.154,31.0,0.0,0.0,30.0
-0.191,-0.091,0.1,31.0,0.0,0.0,30.0
-0.181,-0.091,0.09,31.0,0.0,0.0,30.0
-0.166,-0.111,0.055,31.0,0.0,0.0,30.0
-0.222,-0.068,0.154,31.0,0.0,0.0,30.0
-0.191,-0.091,0.1,31.0,0.0,0.0,30.0
-0.181,-0.091,0.09,31.0,0.0,0.0,30.0
-0.166,-0.111,0.055,31.0,0.0,0.0,30.0
-0.221,-0.068,0.153,31.0,0.0,0.0,30.0
-0.19,-0.091,0.099,31.0,0.0,0.0,30.0
-0.181,-0.091,0.09,31.0,0.0,0.0,30.0
-0.166,-0.111,0.055,31.0,0.0,0.0,30.0
-0.222,-0.068,0.154,31.0,0.0,0.0,30.0
-0.19,-0.091,0.099,31.0,0.0,0.0,30.0
-0.181,-0.091,0.09,31.0,0.0,0.0,30.0
-0.166,-0.111,0.055,31.0,0.0,0.0,30.0
-0.221,-0.068,0.153,31.0,0.0,0.0,30.0
-0.19,-0.091,0.099,31.0,0.0,0.0,30.0
-0.181,-0.092,0.089,31.0,0.0,0.0,30.0
-0.165,-0.112,0.053,31.0,0.0,0.0,30.0
-0.221,-0.069,0.152,31.0,0.0,0.0,30.0
-0.19,-0.092,0.098,31.0,0.0,0.0,30.0
-0.181,-0.092,0.089,31.0,0.0,0.0,30.0
-0.165,-0.112,0.053,31.0,0.0,0.0,30.0
-0.221,-0.069,0.152,31.0,0.0,0.0,30.0
-0.19,-0.092,0.098,31.0,0.0,0.0,30.0
-0.182,-0.091,0.091,31.0,0.0,0.0,30.0
-0.166,-0.111,0.055,31.0,0.0,0.0,30.0
-0.222,-0.067,0.155,31.0,0.0,0.0,30.0
-0.191,-0.09,0.101,31.0,0.0,0.0,30.0
-0.181,-0.092,0.089,31.0,0.0,0.0,30.0
-0.165,-0.112,0.053,31.0,0.0,0.0,30.0
-0.221,-0.069,0.152,31.0,0.0,0.0,30.0
-0.19,-0.092,0.098,31.0,0.0,0.0,30.0
-0.181,-0.092,0.089,31.0,0.0,0.0,30.0
-0.165,-0.112,0.053,31.0,0.0,0.0,30.0
-0.221,-0.069,0.152,31.0,0.0,0.0,30.0
-0.19,-0.092,0.098,31.0,0.0,0.0,30.0
-0.181,-0.092,0.089,31.0,0.0,0.0,30.0
-0.166,-0.112,0.054,31.0,0.0,0.0,30.0
-0.222,-0.068,0.154,31.0,0.0,0.0,30.0
-0.191,-0.091,0.1,31.0,0.0,0.0,30.0
-0.181,-0.092,0.089,31.0,0.0,0.0,30.0
-0.165,-0.112,0.053,31.0,0.0,0.0,30.0
-0.221,-0.069,0.152,31.0,0.0,0.0,30.0
-0.19,-0.092,0.098,31.0,0.0,0.0,30.0
-0.181,-0.092,0.089,31.0,0.0,0.0,30.0
-0.166,-0.112,0.054,31.0,0.0,0.0,30.0
-0.222,-0.069,0.153,31.0,0.0,0.0,30.0
-0.19,-0.092,0.098,31.0,0.0,0.0,30.0
-0.181,-0.092,0.089,31.0,0.0,0.0,30.0
-0.166,-0.112,0.054,31.0,0.0,0.0,30.0
-0.222,-0.069,0.153,31.0,0.0,0.0,30.0
-0.191,-0.091,0.1,31.0,0.0,0.0,30.0
-0.181,-0.092,0.089,31.0,0.0,0.0,30.0
-0.165,-0.112,0.053,31.0,0.0,0.0,30.0
-0.221,-0.069,0.152,31.0,0.0,0.0,30.0
-0.19,-0.092,0.098,31.0,0.0,0.0,30.0
-0.181,-0.092,0.089,31.0,0.0,0.0,30.0
-0.166,-0.112,0.054,31.0,0.0,0.0,30.0
-0.221,-0.069,0.152,31.0,0.0,0.0,30.0
-0.19,-0.092,0.098,31.0,0.0,0.0,30.0
-0.187,-0.094,0.093,30.0,0.0,0.0,34.0
-0.171,-0.113,0.058,30.0,0.0,0.0,34.0
-0.229,-0.07,0.159,30.0,0.0,0.0,34.0
-0.197,-0.093,0.104,30.0,0.0,0.0,34.0
-0.188,-0.094,0.094,30.0,0.0,0.0,34.0
-0.171,-0.113,0.058,30.0,0.0,0.0,34.0
-0.229,-0.07,0.159,30.0,0.0,0.0,34.0
-0.197,-0.093,0.104,30.0,0.0,0.0,34.0
-0.187,-0.094,0.093,30.0,0.0,0.0,34.0
-0.171,-0.113,0.058,30.0,0.0,0.0,34.0
-0.229,-0.07,0.159,30.0,0.0,0.0,34.0
-0.197,-0.093,0.104,30.0,0.0,0.0,34.0
-0.188,-0.094,0.094,30.0,0.0,0.0,34.0
-0.171,-0.113,0.058,30.0,0.0,0.0,34.0
-0.229,-0.07,0.159,30.0,0.0,0.0,34.0
-0.197,-0.093,0.104,30.0,0.0,0.0,34.0
-0.187,-0.094,0.093,30.0,0.0,0.0,34.0
-0.171,-0.113,0.058,30.0,0.0,0.0,34.0
-0.229,-0.07,0.159,30.0,0.0,0.0,34.0
-0.197,-0.094,0.103,30.0,0.0,0.0,34.0
-0.188,-0.094,0.094,30.0,0.0,0.0,34.0
-0.171,-0.113,0.058,30.0,0.0,0.0,34.0
-0.229,-0.07,0.159,30.0,0.0,0.0,34.0
-0.197,-0.093,0.104,30.0,0.0,0.0,34.0
-0.188,-0.094,0.094,30.0,0.0,0.0,34.0
-0.171,-0.113,0.058,30.0,0.0,0.0,34.0
-0.229,-0.07,0.159,30.0,0.0,0.0,34.0
-0.197,-0.093,0.104,30.0,0.0,0.0,34.0
-0.188,-0.094,0.094,30.0,0.0,0.0,34.0
-0.171,-0.113,0.058,30.0,0.0,0.0,34.0
-0.229,-0.07,0.159,30.0,0.0,0.0,34.0
-0.197,-0.093,0.104,30.0,0.0,0.0,34.0
-0.187,-0.094,0.093,30.0,0.0,0.0,34.0
-0.171,-0.113,0.058,30.0,0.0,0.0,34.0
-0.229,-0.07,0.159,30.0,0.0,0.0,34.0
-0.197,-0.093,0.104,30.0,0.0,0.0,34.0
-0.188,-0.093,0.095,30.0,0.0,0.0,34.0
-0.172,-0.113,0.059,30.0,0.0,0.0,34.0
-0.23,-0.069,0.161,30.0,0.0,0.0,34.0
-0.198,-0.092,0.106,30.0,0.0,0.0,34.0
-0.188,-0.094,0.094,30.0,0.0,0.0,34.0
-0.171,-0.113,0.058,30.0,0.0,0.0,34.0
-0.229,-0.07,0.159,30.0,0.0,0.0,34.0
-0.197,-0.093,0.104,30.0,0.0,0.0,34.0
-0.188,-0.094,0.094,30.0,0.0,0.0,34.0
-0.171,-0.113,0.058,30.0,0.0,0.0,34.0
-0.229,-0.07,0.159,30.0,0.0,0.0,34.0
-0.197,-0.093,0.104,30.0,0.0,0.0,34.0
-0.187,-0.094,0.093,30.0,0.0,0.0,34.0
-0.171,-0.113,0.058,30.0,0.0,0.0,34.0
-0.229,-0.07,0.159,30.0,0.0,0.0,34.0
-0.197,-0.093,0.104,30.0,0.0,0.0,34.0
-0.185,-0.106,0.079,33.0,0.0,0.0,52.0
-0.17,-0.126,0.044,33.0,0.0,0.0,52.0
-0.226,-0.083,0.143,33.0,0.0,0.0,52.0
-0.195,-0.106,0.089,33.0,0.0,0.0,52.0
-0.185,-0.106,0.079,33.0,0.0,0.0,52.0
-0.169,-0.126,0.043,33.0,0.0,0.0,52.0
-0.225,-0.083,0.142,33.0,0.0,0.0,52.0
-0.195,-0.106,0.089,33.0,0.0,0.0,52.0
-0.186,-0.106,0.08,33.0,0.0,0.0,52.0
-0.17,-0.126,0.044,33.0,0.0,0.0,52.0
-0.226,-0.083,0.143,33.0,0.0,0.0,52.0
-0.195,-0.106,0.089,33.0,0.0,0.0,52.0
-0.185,-0.106,0.079,33.0,0.0,0.0,52.0
-0.169,-0.126,0.043,33.0,0.0,0.0,52.0
-0.225,-0.083,0.142,33.0,0.0,0.0,52.0
-0.194,-0.106,0.088,33.0,0.0,0.0,52.0
-0.186,-0.106,0.08,33.0,0.0,0.0,52.0
-0.17,-0.126,0.044,33.0,0.0,0.0,52.0
-0.226,-0.083,0.143,33.0,0.0,0.0,52.0
-0.196,-0.106,0.09,33.0,0.0,0.0,52.0
-0.186,-0.106,0.08,33.0,0.0,0.0,52.0
-0.17,-0.126,0.044,33.0,0.0,0.0,52.0
-0.227,-0.083,0.144,33.0,0.0,0.0,52.0
-0.196,-0.106,0.09,33.0,0.0,0.0,52.0
-0.184,-0.106,0.078,33.0,0.0,0.0,52.0
-0.168,-0.126,0.042,33.0,0.0,0.0,52.0
-0.224,-0.084,0.14,33.0,0.0,0.0,52.0
-0.193,-0.107,0.086,33.0,0.0,0.0,52.0
-0.186,-0.106,0.08,33.0,0.0,0.0,52.0
-0.17,-0.126,0.044,33.0,0.0,0.0,52.0
-0.227,-0.083,0.144,33.0,0.0,0.0,52.0
-0.196,-0.106,0.09,33.0,0.0,0.0,52.0
-0.187,-0.106,0.081,33.0,0.0,0.0,52.0
-0.171,-0.126,0.045,33.0,0.0,0.0,52.0
-0.227,-0.083,0.144,33.0,0.0,0.0,52.0
-0.196,-0.106,0.09,33.0,0.0,0.0,52.0
-0.185,-0.106,0.079,33.0,0.0,0.0,52.0
-0.169,-0.127,0.042,33.0,0.0,0.0,52.0
-0.226,-0.083,0.143,33.0,0.0,0.0,52.0
-0.195,-0.106,0.089,33.0,0.0,0.0,52.0
-0.185,-0.106,0.079,33.0,0.0,0.0,52.0
-0.17,-0.126,0.044,33.0,0.0,0.0,52.0
-0.226,-0.083,0.143,33.0,0.0,0.0,52.0
-0.195,-0.107,0.088,33.0,0.0,0.0,52.0
-0.185,-0.106,0.079,33.0,0.0,0.0,52.0
-0.169,-0.126,0.043,33.0,0.0,0.0,52.0
-0.225,-0.083,0.142,33.0,0.0,0.0,52.0
-0.194,-0.106,0.088,33.0,0.0,0.0,52.0
-0.186,-0.106,0.08,33.0,0.0,0.0,52.0
-0.17,-0.126,0.044,33.0,0.0,0.0,52.0
-0.227,-0.082,0.145,33.0,0.0,0.0,52.0
-0.196,-0.106,0.09,33.0,0.0,0.0,52.0
-0.185,-0.106,0.079,33.0,0.0,0.0,52.0
-0.17,-0.126,0.044,33.0,0.0,0.0,52.0
-0.226,-0.083,0.143,33.0,0.0,0.0,52.0
-0.195,-0.106,0.089,33.0,0.0,0.0,52.0
-0.186,-0.106,0.08,33.0,0.0,0.0,52.0
-0.17,-0.126,0.044,33.0,0.0,0.0,52.0
-0.226,-0.083,0.143,33.0,0.0,0.0,52.0
-0.195,-0.106,0.089,33.0,0.0,0.0,52.0
-0.183,-0.102,0.081,41.0,4.0,0.0,42.0
-0.167,-0.122,0.045,41.0,4.0,0.0,42.0
-0.223,-0.081,0.142,41.0,4.0,0.0,42.0
-0.192,-0.102,0.09,41.0,4.0,0.0,42.0
-0.183,-0.103,0.08,41.0,4.0,0.0,42.0
-0.167,-0.123,0.044,41.0,4.0,0.0,42.0
-0.222,-0.082,0.14,41.0,4.0,0.0,42.0
-0.192,-0.103,0.089,41.0,4.0,0.0,42.0
-0.183,-0.104,0.079,41.0,4.0,0.0,42.0
-0.167,-0.123,0.044,41.0,4.0,0.0,42.0
-0.222,-0.082,0.14,41.0,4.0,0.0,42.0
-0.192,-0.103,0.089,41.0,4.0,0.0,42.0
-0.183,-0.102,0.081,41.0,4.0,0.0,42.0
-0.167,-0.122,0.045,41.0,4.0,0.0,42.0
-0.222,-0.081,0.141,41.0,4.0,0.0,42.0
-0.192,-0.102,0.09,41.0,4.0,0.0,42.0
-0.183,-0.104,0.079,41.0,4.0,0.0,42.0
-0.167,-0.123,0.044,41.0,4.0,0.0,42.0
-0.222,-0.082,0.14,41.0,4.0,0.0,42.0
-0.192,-0.103,0.089,41.0,4.0,0.0,42.0
-0.183,-0.103,0.08,41.0,4.0,0.0,42.0
-0.167,-0.122,0.045,41.0,4.0,0.0,42.0
-0.222,-0.082,0.14,41.0,4.0,0.0,42.0
-0.192,-0.102,0.09,41.0,4.0,0.0,42.0
-0.183,-0.103,0.08,41.0,4.0,0.0,42.0
-0.167,-0.123,0.044,41.0,4.0,0.0,42.0
-0.222,-0.082,0.14,41.0,4.0,0.0,42.0
-0.192,-0.102,0.09,41.0,4.0,0.0,42.0
-0.183,-0.103,0.08,41.0,4.0,0.0,42.0
-0.167,-0.123,0.044,41.0,4.0,0.0,42.0
-0.222,-0.082,0.14,41.0,4.0,0.0,42.0
-0.192,-0.103,0.089,41.0,4.0,0.0,42.0
-0.183,-0.103,0.08,41.0,4.0,0.0,42.0
-0.167,-0.122,0.045,41.0,4.0,0.0,42.0
-0.222,-0.082,0.14,41.0,4.0,0.0,42.0
-0.192,-0.102,0.09,41.0,4.0,0.0,42.0
-0.183,-0.103,0.08,41.0,4.0,0.0,42.0
-0.167,-0.122,0.045,41.0,4.0,0.0,42.0
-0.223,-0.081,0.142,41.0,4.0,0.0,42.0
-0.192,-0.102,0.09,41.0,4.0,0.0,42.0
-0.183,-0.103,0.08,41.0,4.0,0.0,42.0
-0.167,-0.122,0.045,41.0,4.0,0.0,42.0
-0.222,-0.081,0.141,41.0,4.0,0.0,42.0
-0.192,-0.102,0.09,41.0,4.0,0.0,42.0
-0.184,-0.102,0.082,41.0,4.0,0.0,42.0
-0.167,-0.122,0.045,41.0,4.0,0.0,42.0
-0.223,-0.081,0.142,41.0,4.0,0.0,42.0
-0.192,-0.102,0.09,41.0,4.0,0.0,42.0
-0.183,-0.103,0.08,41.0,4.0,0.0,42.0
-0.167,-0.123,0.044,41.0,4.0,0.0,42.0
-0.222,-0.082,0.14,41.0,4.0,0.0,42.0
-0.192,-0.102,0.09,41.0,4.0,0.0,42.0
-0.184,-0.103,0.081,41.0,4.0,0.0,42.0
-0.168,-0.122,0.046,41.0,4.0,0.0,42.0
-0.223,-0.081,0.142,41.0,4.0,0.0,42.0
-0.193,-0.102,0.091,41.0,4.0,0.0,42.0
-0.183,-0.103,0.08,41.0,4.0,0.0,42.0
-0.167,-0.122,0.045,41.0,4.0,0.0,42.0
-0.222,-0.082,0.14,41.0,4.0,0.0,42.0
-0.192,-0.102,0.09,41.0,4.0,0.0,42.0
-0.183,-0.102,0.081,41.0,4.0,0.0,42.0
-0.167,-0.122,0.045,41.0,4.0,0.0,42.0
-0.223,-0.081,0.142,41.0,4.0,0.0,42.0
-0.192,-0.102,0.09,41.0,4.0,0.0,42.0
-0.192,-0.089,0.103,26.0,0.0,0.0,29.0
-0.175,-0.11,0.065,26.0,0.0,0.0,29.0
-0.234,-0.064,0.17,26.0,0.0,0.0,29.0
-0.202,-0.088,0.114,26.0,0.0,0.0,29.0
-0.188,-0.09,0.098,26.0,0.0,0.0,29.0
-0.172,-0.111,0.061,26.0,0.0,0.0,29.0
-0.229,-0.066,0.163,26.0,0.0,0.0,29.0
-0.197,-0.09,0.107,26.0,0.0,0.0,29.0
-0.184,-0.092,0.092,26.0,0.0,0.0,29.0
-0.168,-0.112,0.056,26.0,0.0,0.0,29.0
-0.223,-0.068,0.155,26.0,0.0,0.0,29.0
-0.193,-0.091,0.102,26.0,0.0,0.0,29.0
-0.184,-0.092,0.092,26.0,0.0,0.0,29.0
-0.168,-0.111,0.057,26.0,0.0,0.0,29.0
-0.224,-0.068,0.156,26.0,0.0,0.0,29.0
-0.193,-0.091,0.102,26.0,0.0,0.0,29.0
-0.184,-0.092,0.092,26.0,0.0,0.0,29.0
-0.169,-0.112,0.057,26.0,0.0,0.0,29.0
-0.224,-0.068,0.156,26.0,0.0,0.0,29.0
-0.193,-0.091,0.102,26.0,0.0,0.0,29.0
-0.192,-0.089,0.103,26.0,0.0,0.0,29.0
-0.175,-0.11,0.065,26.0,0.0,0.0,29.0
-0.234,-0.064,0.17,26.0,0.0,0.0,29.0
-0.202,-0.088,0.114,26.0,0.0,0.0,29.0
-0.185,-0.092,0.093,26.0,0.0,0.0,29.0
-0.169,-0.112,0.057,26.0,0.0,0.0,29.0
-0.225,-0.068,0.157,26.0,0.0,0.0,29.0
-0.194,-0.091,0.103,26.0,0.0,0.0,29.0
-0.184,-0.092,0.092,26.0,0.0,0.0,29.0
-0.169,-0.112,0.057,26.0,0.0,0.0,29.0
-0.224,-0.068,0.156,26.0,0.0,0.0,29.0
-0.193,-0.091,0.102,26.0,0.0,0.0,29.0
-0.184,-0.092,0.092,26.0,0.0,0.0,29.0
-0.168,-0.112,0.056,26.0,0.0,0.0,29.0
-0.224,-0.068,0.156,26.0,0.0,0.0,29.0
-0.193,-0.091,0.102,26.0,0.0,0.0,29.0
-0.188,-0.091,0.097,26.0,0.0,0.0,29.0
-0.171,-0.111,0.06,26.0,0.0,0.0,29.0
-0.228,-0.067,0.161,26.0,0.0,0.0,29.0
-0.197,-0.09,0.107,26.0,0.0,0.0,29.0
-0.184,-0.092,0.092,26.0,0.0,0.0,29.0
-0.168,-0.111,0.057,26.0,0.0,0.0,29.0
-0.224,-0.068,0.156,26.0,0.0,0.0,29.0
-0.193,-0.091,0.102,26.0,0.0,0.0,29.0
-0.188,-0.09,0.098,26.0,0.0,0.0,29.0
-0.172,-0.111,0.061,26.0,0.0,0.0,29.0
-0.229,-0.066,0.163,26.0,0.0,0.0,29.0
-0.198,-0.09,0.108,26.0,0.0,0.0,29.0
-0.192,-0.088,0.104,26.0,0.0,0.0,29.0
-0.175,-0.109,0.066,26.0,0.0,0.0,29.0
-0.234,-0.063,0.171,26.0,0.0,0.0,29.0
-0.202,-0.087,0.115,26.0,0.0,0.0,29.0
-0.192,-0.089,0.103,26.0,0.0,0.0,29.0
-0.175,-0.11,0.065,26.0,0.0,0.0,29.0
-0.234,-0.065,0.169,26.0,0.0,0.0,29.0
-0.202,-0.088,0.114,26.0,0.0,0.0,29.0
-0.184,-0.092,0.092,26.0,0.0,0.0,29.0
-0.168,-0.112,0.056,26.0,0.0,0.0,29.0
-0.223,-0.068,0.155,26.0,0.0,0.0,29.0
-0.193,-0.091,0.102,26.0,0.0,0.0,29.0
-0.2,-0.102,0.098,19.0,0.0,0.0,29.0
-0.183,-0.124,0.059,19.0,0.0,0.0,29.0
-0.242,-0.076,0.166,19.0,0.0,0.0,29.0
-0.21,-0.101,0.109,19.0,0.0,0.0,29.0
-0.2,-0.102,0.098,19.0,0.0,0.0,29.0
-0.183,-0.124,0.059,19.0,0.0,0.0,29.0
-0.242,-0.076,0.166,19.0,0.0,0.0,29.0
-0.21,-0.101,0.109,19.0,0.0,0.0,29.0
-0.2,-0.102,0.098,19.0,0.0,0.0,29.0
-0.183,-0.124,0.059,19.0,0.0,0.0,29.0
-0.242,-0.076,0.166,19.0,0.0,0.0,29.0
-0.21,-0.101,0.109,19.0,0.0,0.0,29.0
-0.2,-0.102,0.098,19.0,0.0,0.0,29.0
-0.183,-0.124,0.059,19.0,0.0,0.0,29.0
-0.242,-0.076,0.166,19.0,0.0,0.0,29.0
-0.21,-0.101,0.109,19.0,0.0,0.0,29.0
-0.199,-0.103,0.096,19.0,0.0,0.0,29.0
-0.181,-0.124,0.057,19.0,0.0,0.0,29.0
-0.241,-0.077,0.164,19.0,0.0,0.0,29.0
-0.208,-0.102,0.106,19.0,0.0,0.0,29.0
-0.198,-0.1,0.098,19.0,0.0,0.0,29.0
-0.18,-0.122,0.058,19.0,0.0,0.0,29.0
-0.24,-0.074,0.166,19.0,0.0,0.0,29.0
-0.208,-0.099,0.109,19.0,0.0,0.0,29.0
-0.2,-0.102,0.098,19.0,0.0,0.0,29.0
-0.183,-0.124,0.059,19.0,0.0,0.0,29.0
-0.242,-0.076,0.166,19.0,0.0,0.0,29.0
-0.21,-0.101,0.109,19.0,0.0,0.0,29.0
-0.2,-0.102,0.098,19.0,0.0,0.0,29.0
-0.183,-0.124,0.059,19.0,0.0,0.0,29.0
-0.242,-0.076,0.166,19.0,0.0,0.0,29.0
-0.21,-0.101,0.109,19.0,0.0,0.0,29.0
-0.197,-0.1,0.097,19.0,0.0,0.0,29.0
-0.18,-0.122,0.058,19.0,0.0,0.0,29.0
-0.239,-0.074,0.165,19.0,0.0,0.0,29.0
-0.207,-0.099,0.108,19.0,0.0,0.0,29.0
-0.2,-0.102,0.098,19.0,0.0,0.0,29.0
-0.183,-0.124,0.059,19.0,0.0,0.0,29.0
-0.242,-0.076,0.166,19.0,0.0,0.0,29.0
-0.21,-0.101,0.109,19.0,0.0,0.0,29.0
-0.2,-0.102,0.098,19.0,0.0,0.0,29.0
-0.183,-0.124,0.059,19.0,0.0,0.0,29.0
-0.242,-0.076,0.166,19.0,0.0,0.0,29.0
-0.21,-0.101,0.109,19.0,0.0,0.0,29.0
-0.199,-0.103,0.096,19.0,0.0,0.0,29.0
-0.181,-0.125,0.056,19.0,0.0,0.0,29.0
-0.24,-0.077,0.163,19.0,0.0,0.0,29.0
-0.208,-0.102,0.106,19.0,0.0,0.0,29.0
-0.199,-0.103,0.096,19.0,0.0,0.0,29.0
-0.181,-0.125,0.056,19.0,0.0,0.0,29.0
-0.241,-0.077,0.164,19.0,0.0,0.0,29.0
-0.208,-0.102,0.106,19.0,0.0,0.0,29.0
-0.199,-0.103,0.096,19.0,0.0,0.0,29.0
-0.181,-0.125,0.056,19.0,0.0,0.0,29.0
-0.241,-0.077,0.164,19.0,0.0,0.0,29.0
-0.209,-0.102,0.107,19.0,0.0,0.0,29.0
-0.198,-0.101,0.097,19.0,0.0,0.0,29.0
-0.18,-0.123,0.057,19.0,0.0,0.0,29.0
-0.24,-0.075,0.165,19.0,0.0,0.0,29.0
-0.207,-0.1,0.107,19.0,0.0,0.0,29.0
-0.2,-0.102,0.098,19.0,0.0,0.0,29.0
-0.183,-0.124,0.059,19.0,0.0,0.0,29.0
-0.242,-0.076,0.166,19.0,0.0,0.0,29.0
-0.21,-0.101,0.109,19.0,0.0,0.0,29.0
-0.198,-0.101,0.097,19.0,0.0,0.0,29.0
-0.18,-0.122,0.058,19.0,0.0,0.0,29.0
-0.24,-0.074,0.166,19.0,0.0,0.0,29.0
-0.208,-0.099,0.109,19.0,0.0,0.0,29.0
-0.178,-0.089,0.089,51.0,0.0,0.0,56.0
-0.162,-0.108,0.054,51.0,0.0,0.0,56.0
-0.219,-0.065,0.154,51.0,0.0,0.0,56.0
-0.187,-0.088,0.099,51.0,0.0,0.0,56.0
-0.179,-0.089,0.09,51.0,0.0,0.0,56.0
-0.163,-0.109,0.054,51.0,0.0,0.0,56.0
-0.22,-0.065,0.155,51.0,0.0,0.0,56.0
-0.188,-0.088,0.1,51.0,0.0,0.0,56.0
-0.179,-0.09,0.089,51.0,0.0,0.0,56.0
-0.163,-0.109,0.054,51.0,0.0,0.0,56.0
-0.22,-0.066,0.154,51.0,0.0,0.0,56.0
-0.188,-0.089,0.099,51.0,0.0,0.0,56.0
-0.18,-0.089,0.091,51.0,0.0,0.0,56.0
-0.163,-0.109,0.054,51.0,0.0,0.0,56.0
-0.22,-0.065,0.155,51.0,0.0,0.0,56.0
-0.189,-0.088,0.101,51.0,0.0,0.0,56.0
-0.179,-0.09,0.089,51.0,0.0,0.0,56.0
-0.163,-0.109,0.054,51.0,0.0,0.0,56.0
-0.22,-0.066,0.154,51.0,0.0,0.0,56.0
-0.188,-0.089,0.099,51.0,0.0,0.0,56.0
-0.18,-0.089,0.091,51.0,0.0,0.0,56.0
-0.163,-0.108,0.055,51.0,0.0,0.0,56.0
-0.221,-0.065,0.156,51.0,0.0,0.0,56.0
-0.189,-0.088,0.101,51.0,0.0,0.0,56.0
-0.179,-0.089,0.09,51.0,0.0,0.0,56.0
-0.162,-0.109,0.053,51.0,0.0,0.0,56.0
-0.22,-0.066,0.154,51.0,0.0,0.0,56.0
-0.188,-0.089,0.099,51.0,0.0,0.0,56.0
-0.179,-0.089,0.09,51.0,0.0,0.0,56.0
-0.162,-0.109,0.053,51.0,0.0,0.0,56.0
-0.219,-0.066,0.153,51.0,0.0,0.0,56.0
-0.188,-0.089,0.099,51.0,0.0,0.0,56.0
-0.179,-0.09,0.089,51.0,0.0,0.0,56.0
-0.163,-0.11,0.053,51.0,0.0,0.0,56.0
-0.22,-0.067,0.153,51.0,0.0,0.0,56.0
-0.188,-0.089,0.099,51.0,0.0,0.0,56.0
-0.179,-0.09,0.089,51.0,0.0,0.0,56.0
-0.163,-0.11,0.053,51.0,0.0,0.0,56.0
-0.22,-0.067,0.153,51.0,0.0,0.0,56.0
-0.188,-0.09,0.098,51.0,0.0,0.0,56.0
-0.179,-0.09,0.089,51.0,0.0,0.0,56.0
-0.163,-0.11,0.053,51.0,0.0,0.0,56.0
-0.22,-0.067,0.153,51.0,0.0,0.0,56.0
-0.188,-0.089,0.099,51.0,0.0,0.0,56.0
-0.179,-0.09,0.089,51.0,0.0,0.0,56.0
-0.162,-0.109,0.053,51.0,0.0,0.0,56.0
-0.22,-0.066,0.154,51.0,0.0,0.0,56.0
-0.188,-0.089,0.099,51.0,0.0,0.0,56.0
-0.179,-0.089,0.09,51.0,0.0,0.0,56.0
-0.162,-0.109,0.053,51.0,0.0,0.0,56.0
-0.22,-0.066,0.154,51.0,0.0,0.0,56.0
-0.188,-0.088,0.1,51.0,0.0,0.0,56.0
-0.179,-0.09,0.089,51.0,0.0,0.0,56.0
-0.163,-0.109,0.054,51.0,0.0,0.0,56.0
-0.22,-0.066,0.154,51.0,0.0,0.0,56.0
-0.188,-0.089,0.099,51.0,0.0,0.0,56.0
-0.179,-0.09,0.089,51.0,0.0,0.0,56.0
-0.163,-0.11,0.053,51.0,0.0,0.0,56.0
-0.22,-0.066,0.154,51.0,0.0,0.0,56.0
-0.188,-0.089,0.099,51.0,0.0,0.0,56.0
-0.179,-0.09,0.089,51.0,0.0,0.0,56.0
-0.163,-0.11,0.053,51.0,0.0,0.0,56.0
-0.22,-0.067,0.153,51.0,0.0,0.0,56.0
-0.188,-0.09,0.098,51.0,0.0,0.0,56.0
-0.179,-0.09,0.089,51.0,0.0,0.0,56.0
-0.163,-0.109,0.054,51.0,0.0,0.0,56.0
-0.22,-0.066,0.154,51.0,0.0,0.0,56.0
-0.188,-0.089,0.099,51.0,0.0,0.0,56.0
-0.179,-0.09,0.089,51.0,0.0,0.0,56.0
-0.163,-0.11,0.053,51.0,0.0,0.0,56.0
-0.22,-0.067,0.153,51.0,0.0,0.0,56.0
-0.188,-0.09,0.098,51.0,0.0,0.0,56.0
-0.179,-0.089,0.09,51.0,0.0,0.0,56.0
-0.162,-0.109,0.053,51.0,0.0,0.0,56.0
-0.219,-0.066,0.153,51.0,0.0,0.0,56.0
-0.188,-0.089,0.099,51.0,0.0,0.0,56.0
-0.202,-0.079,0.123,12.0,1.0,0.0,14.0
-0.183,-0.103,0.08,12.0,1.0,0.0,14.0
-0.246,-0.05,0.196,12.0,1.0,0.0,14.0
-0.213,-0.078,0.135,12.0,1.0,0.0,14.0
-0.202,-0.08,0.122,12.0,1.0,0.0,14.0
-0.182,-0.103,0.079,12.0,1.0,0.0,14.0
-0.245,-0.05,0.195,12.0,1.0,0.0,14.0
-0.212,-0.078,0.134,12.0,1.0,0.0,14.0
-0.2,-0.08,0.12,12.0,1.0,0.0,14.0
-0.181,-0.103,0.078,12.0,1.0,0.0,14.0
-0.243,-0.05,0.193,12.0,1.0,0.0,14.0
-0.21,-0.078,0.132,12.0,1.0,0.0,14.0
-0.201,-0.079,0.122,12.0,1.0,0.0,14.0
-0.181,-0.103,0.078,12.0,1.0,0.0,14.0
-0.244,-0.05,0.194,12.0,1.0,0.0,14.0
-0.211,-0.078,0.133,12.0,1.0,0.0,14.0
-0.202,-0.092,0.11,22.0,1.0,0.0,23.0
-0.18,-0.112,0.068,22.0,1.0,0.0,23.0
-0.246,-0.068,0.178,22.0,1.0,0.0,23.0
-0.212,-0.091,0.121,22.0,1.0,0.0,23.0
-0.201,-0.093,0.108,22.0,1.0,0.0,23.0
-0.179,-0.113,0.066,22.0,1.0,0.0,23.0
-0.244,-0.068,0.176,22.0,1.0,0.0,23.0
-0.21,-0.092,0.118,22.0,1.0,0.0,23.0
-0.198,-0.096,0.102,22.0,1.0,0.0,23.0
-0.177,-0.115,0.062,22.0,1.0,0.0,23.0
-0.241,-0.073,0.168,22.0,1.0,0.0,23.0
-0.208,-0.096,0.112,22.0,1.0,0.0,23.0
-0.201,-0.092,0.109,22.0,1.0,0.0,23.0
-0.179,-0.112,0.067,22.0,1.0,0.0,23.0
-0.245,-0.067,0.178,22.0,1.0,0.0,23.0
-0.211,-0.091,0.12,22.0,1.0,0.0,23.0
-0.201,-0.093,0.108,22.0,1.0,0.0,23.0
-0.179,-0.113,0.066,22.0,1.0,0.0,23.0
-0.244,-0.068,0.176,22.0,1.0,0.0,23.0
-0.21,-0.092,0.118,22.0,1.0,0.0,23.0
-0.201,-0.093,0.108,22.0,1.0,0.0,23.0
-0.179,-0.113,0.066,22.0,1.0,0.0,23.0
-0.245,-0.068,0.177,22.0,1.0,0.0,23.0
-0.211,-0.092,0.119,22.0,1.0,0.0,23.0
-0.198,-0.097,0.101,22.0,1.0,0.0,23.0
-0.177,-0.115,0.062,22.0,1.0,0.0,23.0
-0.241,-0.073,0.168,22.0,1.0,0.0,23.0
-0.208,-0.096,0.112,22.0,1.0,0.0,23.0
-0.199,-0.097,0.102,22.0,1.0,0.0,23.0
-0.178,-0.116,0.062,22.0,1.0,0.0,23.0
-0.242,-0.074,0.168,22.0,1.0,0.0,23.0
-0.209,-0.097,0.112,22.0,1.0,0.0,23.0
-0.199,-0.097,0.102,22.0,1.0,0.0,23.0
-0.178,-0.116,0.062,22.0,1.0,0.0,23.0
-0.242,-0.074,0.168,22.0,1.0,0.0,23.0
-0.209,-0.097,0.112,22.0,1.0,0.0,23.0
-0.199,-0.097,0.102,22.0,1.0,0.0,23.0
-0.178,-0.116,0.062,22.0,1.0,0.0,23.0
-0.242,-0.074,0.168,22.0,1.0,0.0,23.0
-0.209,-0.097,0.112,22.0,1.0,0.0,23.0
-0.199,-0.097,0.102,22.0,1.0,0.0,23.0
-0.178,-0.116,0.062,22.0,1.0,0.0,23.0
-0.242,-0.074,0.168,22.0,1.0,0.0,23.0
-0.209,-0.097,0.112,22.0,1.0,0.0,23.0
-0.202,-0.094,0.108,22.0,1.0,0.0,23.0
-0.18,-0.114,0.066,22.0,1.0,0.0,23.0
-0.246,-0.069,0.177,22.0,1.0,0.0,23.0
-0.212,-0.093,0.119,22.0,1.0,0.0,23.0
-0.199,-0.097,0.102,22.0,1.0,0.0,23.0
-0.178,-0.116,0.062,22.0,1.0,0.0,23.0
-0.242,-0.074,0.168,22.0,1.0,0.0,23.0
-0.209,-0.097,0.112,22.0,1.0,0.0,23.0
-0.202,-0.092,0.11,22.0,1.0,0.0,23.0
-0.18,-0.112,0.068,22.0,1.0,0.0,23.0
-0.246,-0.068,0.178,22.0,1.0,0.0,23.0
-0.212,-0.092,0.12,22.0,1.0,0.0,23.0
-0.199,-0.097,0.102,22.0,1.0,0.0,23.0
-0.178,-0.116,0.062,22.0,1.0,0.0,23.0
-0.242,-0.074,0.168,22.0,1.0,0.0,23.0
-0.209,-0.097,0.112,22.0,1.0,0.0,23.0
-0.202,-0.093,0.109,22.0,1.0,0.0,23.0
-0.18,-0.113,0.067,22.0,1.0,0.0,23.0
-0.246,-0.069,0.177,22.0,1.0,0.0,23.0
-0.212,-0.092,0.12,22.0,1.0,0.0,23.0
-0.181,-0.097,0.084,26.0,4.0,0.0,15.0
-0.163,-0.116,0.047,26.0,4.0,0.0,15.0
-0.22,-0.074,0.146,26.0,4.0,0.0,15.0
-0.189,-0.096,0.093,26.0,4.0,0.0,15.0
-0.182,-0.099,0.083,26.0,4.0,0.0,15.0
-0.164,-0.118,0.046,26.0,4.0,0.0,15.0
-0.221,-0.076,0.145,26.0,4.0,0.0,15.0
-0.19,-0.098,0.092,26.0,4.0,0.0,15.0
-0.181,-0.098,0.083,26.0,4.0,0.0,15.0
-0.163,-0.117,0.046,26.0,4.0,0.0,15.0
-0.22,-0.075,0.145,26.0,4.0,0.0,15.0
-0.189,-0.097,0.092,26.0,4.0,0.0,15.0
-0.181,-0.098,0.083,26.0,4.0,0.0,15.0
-0.163,-0.117,0.046,26.0,4.0,0.0,15.0
-0.22,-0.075,0.145,26.0,4.0,0.0,15.0
-0.189,-0.097,0.092,26.0,4.0,0.0,15.0
-0.185,-0.112,0.073,43.0,4.0,2.0,42.0
-0.17,-0.13,0.04,43.0,4.0,2.0,42.0
-0.224,-0.092,0.132,43.0,4.0,2.0,42.0
-0.194,-0.112,0.082,43.0,4.0,2.0,42.0
-0.185,-0.112,0.073,43.0,4.0,2.0,42.0
-0.17,-0.13,0.04,43.0,4.0,2.0,42.0
-0.224,-0.092,0.132,43.0,4.0,2.0,42.0
-0.194,-0.112,0.082,43.0,4.0,2.0,42.0
-0.184,-0.114,0.07,43.0,4.0,2.0,42.0
-0.169,-0.131,0.038,43.0,4.0,2.0,42.0
-0.222,-0.094,0.128,43.0,4.0,2.0,42.0
-0.192,-0.114,0.078,43.0,4.0,2.0,42.0
-0.184,-0.114,0.07,43.0,4.0,2.0,42.0
-0.169,-0.131,0.038,43.0,4.0,2.0,42.0
-0.222,-0.094,0.128,43.0,4.0,2.0,42.0
-0.192,-0.114,0.078,43.0,4.0,2.0,42.0
-0.184,-0.114,0.07,43.0,4.0,2.0,42.0
-0.17,-0.131,0.039,43.0,4.0,2.0,42.0
-0.222,-0.094,0.128,43.0,4.0,2.0,42.0
-0.193,-0.114,0.079,43.0,4.0,2.0,42.0
-0.184,-0.113,0.071,43.0,4.0,2.0,42.0
-0.169,-0.131,0.038,43.0,4.0,2.0,42.0
-0.222,-0.094,0.128,43.0,4.0,2.0,42.0
-0.192,-0.113,0.079,43.0,4.0,2.0,42.0
-0.184,-0.114,0.07,43.0,4.0,2.0,42.0
-0.169,-0.131,0.038,43.0,4.0,2.0,42.0
-0.222,-0.094,0.128,43.0,4.0,2.0,42.0
-0.193,-0.114,0.079,43.0,4.0,2.0,42.0
-0.185,-0.112,0.073,43.0,4.0,2.0,42.0
-0.17,-0.13,0.04,43.0,4.0,2.0,42.0
-0.224,-0.092,0.132,43.0,4.0,2.0,42.0
-0.194,-0.112,0.082,43.0,4.0,2.0,42.0
-0.184,-0.114,0.07,43.0,4.0,2.0,42.0
-0.17,-0.131,0.039,43.0,4.0,2.0,42.0
-0.222,-0.094,0.128,43.0,4.0,2.0,42.0
-0.193,-0.114,0.079,43.0,4.0,2.0,42.0
-0.184,-0.113,0.071,43.0,4.0,2.0,42.0
-0.17,-0.131,0.039,43.0,4.0,2.0,42.0
-0.222,-0.094,0.128,43.0,4.0,2.0,42.0
-0.193,-0.113,0.08,43.0,4.0,2.0,42.0
-0.184,-0.113,0.071,43.0,4.0,2.0,42.0
-0.17,-0.131,0.039,43.0,4.0,2.0,42.0
-0.223,-0.094,0.129,43.0,4.0,2.0,42.0
-0.193,-0.113,0.08,43.0,4.0,2.0,42.0
-0.184,-0.114,0.07,43.0,4.0,2.0,42.0
-0.17,-0.132,0.038,43.0,4.0,2.0,42.0
-0.222,-0.094,0.128,43.0,4.0,2.0,42.0
-0.193,-0.114,0.079,43.0,4.0,2.0,42.0
-0.184,-0.114,0.07,43.0,4.0,2.0,42.0
-0.169,-0.131,0.038,43.0,4.0,2.0,42.0
-0.222,-0.094,0.128,43.0,4.0,2.0,42.0
-0.192,-0.114,0.078,43.0,4.0,2.0,42.0
-0.184,-0.113,0.071,43.0,4.0,2.0,42.0
-0.169,-0.131,0.038,43.0,4.0,2.0,42.0
-0.222,-0.094,0.128,43.0,4.0,2.0,42.0
-0.192,-0.113,0.079,43.0,4.0,2.0,42.0
-0.184,-0.114,0.07,43.0,4.0,2.0,42.0
-0.17,-0.131,0.039,43.0,4.0,2.0,42.0
-0.222,-0.094,0.128,43.0,4.0,2.0,42.0
-0.193,-0.114,0.079,43.0,4.0,2.0,42.0
-0.184,-0.113,0.071,43.0,4.0,2.0,42.0
-0.17,-0.131,0.039,43.0,4.0,2.0,42.0
-0.222,-0.094,0.128,43.0,4.0,2.0,42.0
-0.193,-0.113,0.08,43.0,4.0,2.0,42.0
-0.186,-0.112,0.074,43.0,4.0,2.0,42.0
-0.17,-0.13,0.04,43.0,4.0,2.0,42.0
-0.224,-0.092,0.132,43.0,4.0,2.0,42.0
-0.194,-0.112,0.082,43.0,4.0,2.0,42.0
-0.184,-0.114,0.07,43.0,4.0,2.0,42.0
-0.169,-0.131,0.038,43.0,4.0,2.0,42.0
-0.221,-0.094,0.127,43.0,4.0,2.0,42.0
-0.192,-0.114,0.078,43.0,4.0,2.0,42.0
-0.184,-0.113,0.071,43.0,4.0,2.0,42.0
-0.17,-0.131,0.039,43.0,4.0,2.0,42.0
-0.222,-0.094,0.128,43.0,4.0,2.0,42.0
-0.193,-0.113,0.08,43.0,4.0,2.0,42.0
-0.188,-0.117,0.071,45.0,2.0,0.0,40.0
-0.172,-0.141,0.031,45.0,2.0,0.0,40.0
-0.228,-0.091,0.137,45.0,2.0,0.0,40.0
-0.196,-0.116,0.08,45.0,2.0,0.0,40.0
-0.187,-0.115,0.072,45.0,2.0,0.0,40.0
-0.171,-0.138,0.033,45.0,2.0,0.0,40.0
-0.227,-0.089,0.138,45.0,2.0,0.0,40.0
-0.195,-0.114,0.081,45.0,2.0,0.0,40.0
-0.185,-0.116,0.069,45.0,2.0,0.0,40.0
-0.169,-0.138,0.031,45.0,2.0,0.0,40.0
-0.225,-0.09,0.135,45.0,2.0,0.0,40.0
-0.194,-0.115,0.079,45.0,2.0,0.0,40.0
-0.187,-0.115,0.072,45.0,2.0,0.0,40.0
-0.172,-0.138,0.034,45.0,2.0,0.0,40.0
-0.228,-0.088,0.14,45.0,2.0,0.0,40.0
-0.196,-0.114,0.082,45.0,2.0,0.0,40.0
-0.188,-0.117,0.071,45.0,2.0,0.0,40.0
-0.173,-0.141,0.032,45.0,2.0,0.0,40.0
-0.228,-0.091,0.137,45.0,2.0,0.0,40.0
-0.197,-0.116,0.081,45.0,2.0,0.0,40.0
-0.188,-0.118,0.07,45.0,2.0,0.0,40.0
-0.173,-0.141,0.032,45.0,2.0,0.0,40.0
-0.228,-0.091,0.137,45.0,2.0,0.0,40.0
-0.197,-0.116,0.081,45.0,2.0,0.0,40.0
-0.187,-0.115,0.072,45.0,2.0,0.0,40.0
-0.171,-0.138,0.033,45.0,2.0,0.0,40.0
-0.228,-0.089,0.139,45.0,2.0,0.0,40.0
-0.196,-0.114,0.082,45.0,2.0,0.0,40.0
-0.188,-0.117,0.071,45.0,2.0,0.0,40.0
-0.173,-0.14,0.033,45.0,2.0,0.0,40.0
-0.228,-0.091,0.137,45.0,2.0,0.0,40.0
-0.197,-0.116,0.081,45.0,2.0,0.0,40.0
-0.187,-0.115,0.072,45.0,2.0,0.0,40.0
-0.171,-0.138,0.033,45.0,2.0,0.0,40.0
-0.228,-0.089,0.139,45.0,2.0,0.0,40.0
-0.196,-0.114,0.082,45.0,2.0,0.0,40.0
-0.187,-0.115,0.072,45.0,2.0,0.0,40.0
-0.171,-0.138,0.033,45.0,2.0,0.0,40.0
-0.227,-0.089,0.138,45.0,2.0,0.0,40.0
-0.196,-0.113,0.083,45.0,2.0,0.0,40.0
-0.185,-0.116,0.069,45.0,2.0,0.0,40.0
-0.17,-0.138,0.032,45.0,2.0,0.0,40.0
-0.225,-0.09,0.135,45.0,2.0,0.0,40.0
-0.194,-0.115,0.079,45.0,2.0,0.0,40.0
-0.186,-0.115,0.071,45.0,2.0,0.0,40.0
-0.171,-0.138,0.033,45.0,2.0,0.0,40.0
-0.227,-0.089,0.138,45.0,2.0,0.0,40.0
-0.195,-0.114,0.081,45.0,2.0,0.0,40.0
-0.187,-0.115,0.072,45.0,2.0,0.0,40.0
-0.171,-0.137,0.034,45.0,2.0,0.0,40.0
-0.227,-0.089,0.138,45.0,2.0,0.0,40.0
-0.196,-0.114,0.082,45.0,2.0,0.0,40.0
-0.187,-0.115,0.072,45.0,2.0,0.0,40.0
-0.172,-0.138,0.034,45.0,2.0,0.0,40.0
-0.228,-0.088,0.14,45.0,2.0,0.0,40.0
-0.196,-0.114,0.082,45.0,2.0,0.0,40.0
-0.186,-0.115,0.071,45.0,2.0,0.0,40.0
-0.171,-0.138,0.033,45.0,2.0,0.0,40.0
-0.227,-0.089,0.138,45.0,2.0,0.0,40.0
-0.195,-0.114,0.081,45.0,2.0,0.0,40.0
-0.185,-0.116,0.069,45.0,2.0,0.0,40.0
-0.17,-0.139,0.031,45.0,2.0,0.0,40.0
-0.225,-0.09,0.135,45.0,2.0,0.0,40.0
-0.194,-0.115,0.079,45.0,2.0,0.0,40.0
-0.185,-0.116,0.069,45.0,2.0,0.0,40.0
-0.17,-0.138,0.032,45.0,2.0,0.0,40.0
-0.225,-0.09,0.135,45.0,2.0,0.0,40.0
-0.194,-0.115,0.079,45.0,2.0,0.0,40.0
-0.186,-0.115,0.071,45.0,2.0,0.0,40.0
-0.171,-0.137,0.034,45.0,2.0,0.0,40.0
-0.226,-0.089,0.137,45.0,2.0,0.0,40.0
-0.195,-0.114,0.081,45.0,2.0,0.0,40.0
-0.186,-0.115,0.071,45.0,2.0,0.0,40.0
-0.171,-0.138,0.033,45.0,2.0,0.0,40.0
-0.226,-0.089,0.137,45.0,2.0,0.0,40.0
-0.195,-0.114,0.081,45.0,2.0,0.0,40.0
-0.179,-0.085,0.094,49.0,2.0,0.0,34.0
-0.163,-0.107,0.056,49.0,2.0,0.0,34.0
-0.22,-0.06,0.16,49.0,2.0,0.0,34.0
-0.188,-0.083,0.105,49.0,2.0,0.0,34.0
-0.179,-0.085,0.094,49.0,2.0,0.0,34.0
-0.163,-0.107,0.056,49.0,2.0,0.0,34.0
-0.22,-0.06,0.16,49.0,2.0,0.0,34.0
-0.188,-0.083,0.105,49.0,2.0,0.0,34.0
-0.18,-0.085,0.095,49.0,2.0,0.0,34.0
-0.164,-0.107,0.057,49.0,2.0,0.0,34.0
-0.221,-0.06,0.161,49.0,2.0,0.0,34.0
-0.189,-0.083,0.106,49.0,2.0,0.0,34.0
-0.179,-0.084,0.095,49.0,2.0,0.0,34.0
-0.163,-0.107,0.056,49.0,2.0,0.0,34.0
-0.22,-0.059,0.161,49.0,2.0,0.0,34.0
-0.188,-0.083,0.105,49.0,2.0,0.0,34.0
-0.18,-0.084,0.096,49.0,2.0,0.0,34.0
-0.164,-0.106,0.058,49.0,2.0,0.0,34.0
-0.221,-0.059,0.162,49.0,2.0,0.0,34.0
-0.189,-0.082,0.107,49.0,2.0,0.0,34.0
-0.182,-0.106,0.076,37.0,7.0,0.0,34.0
-0.167,-0.124,0.043,37.0,7.0,0.0,34.0
-0.221,-0.086,0.135,37.0,7.0,0.0,34.0
-0.191,-0.106,0.085,37.0,7.0,0.0,34.0
-0.183,-0.106,0.077,37.0,7.0,0.0,34.0
-0.167,-0.124,0.043,37.0,7.0,0.0,34.0
-0.222,-0.085,0.137,37.0,7.0,0.0,34.0
-0.192,-0.105,0.087,37.0,7.0,0.0,34.0
-0.183,-0.106,0.077,37.0,7.0,0.0,34.0
-0.167,-0.124,0.043,37.0,7.0,0.0,34.0
-0.222,-0.085,0.137,37.0,7.0,0.0,34.0
-0.192,-0.106,0.086,37.0,7.0,0.0,34.0
-0.183,-0.106,0.077,37.0,7.0,0.0,34.0
-0.167,-0.124,0.043,37.0,7.0,0.0,34.0
-0.222,-0.085,0.137,37.0,7.0,0.0,34.0
-0.192,-0.106,0.086,37.0,7.0,0.0,34.0
-0.183,-0.106,0.077,37.0,7.0,0.0,34.0
-0.167,-0.124,0.043,37.0,7.0,0.0,34.0
-0.222,-0.086,0.136,37.0,7.0,0.0,34.0
-0.191,-0.106,0.085,37.0,7.0,0.0,34.0
-0.183,-0.106,0.077,37.0,7.0,0.0,34.0
-0.167,-0.124,0.043,37.0,7.0,0.0,34.0
-0.222,-0.086,0.136,37.0,7.0,0.0,34.0
-0.192,-0.106,0.086,37.0,7.0,0.0,34.0
-0.183,-0.105,0.078,37.0,7.0,0.0,34.0
-0.167,-0.124,0.043,37.0,7.0,0.0,34.0
-0.222,-0.085,0.137,37.0,7.0,0.0,34.0
-0.191,-0.105,0.086,37.0,7.0,0.0,34.0
-0.183,-0.106,0.077,37.0,7.0,0.0,34.0
-0.167,-0.124,0.043,37.0,7.0,0.0,34.0
-0.222,-0.085,0.137,37.0,7.0,0.0,34.0
-0.192,-0.106,0.086,37.0,7.0,0.0,34.0
-0.183,-0.106,0.077,37.0,7.0,0.0,34.0
-0.167,-0.124,0.043,37.0,7.0,0.0,34.0
-0.222,-0.086,0.136,37.0,7.0,0.0,34.0
-0.192,-0.106,0.086,37.0,7.0,0.0,34.0
-0.182,-0.105,0.077,37.0,7.0,0.0,34.0
-0.167,-0.124,0.043,37.0,7.0,0.0,34.0
-0.222,-0.085,0.137,37.0,7.0,0.0,34.0
-0.191,-0.105,0.086,37.0,7.0,0.0,34.0
-0.182,-0.106,0.076,37.0,7.0,0.0,34.0
-0.167,-0.124,0.043,37.0,7.0,0.0,34.0
-0.222,-0.085,0.137,37.0,7.0,0.0,34.0
-0.191,-0.106,0.085,37.0,7.0,0.0,34.0
-0.183,-0.106,0.077,37.0,7.0,0.0,34.0
-0.167,-0.124,0.043,37.0,7.0,0.0,34.0
-0.222,-0.085,0.137,37.0,7.0,0.0,34.0
-0.192,-0.106,0.086,37.0,7.0,0.0,34.0
